id,title,overview,genres,keywords,cast,director,runtime,release_date,vote_average,vote_count,popularity,poster_path,backdrop_path,original_language,media_type,number_of_seasons,number_of_episodes
198663,The Maze Runner,"A teenager with no memory of his past finds himself among a group of boys living in a walled enclosure surrounded by a massive, ever-changing maze. As he struggles to adapt to their rules and society, he begins to uncover clues that may lead to escape and the truth behind their confinement.","['Action', 'Mystery', 'Science Fiction', 'Thriller']","['based on novel or book', 'escape', 'dystopia', 'maze', 'post-apocalyptic future', 'memory loss', 'trapped', 'based on young adult novel', 'labirinto']","[""Dylan O'Brien"", 'Kaya Scodelario', 'Thomas Brodie-Sangster', 'Ki Hong Lee', 'Will Poulter', 'Aml Ameen', 'Patricia Clarkson', 'Blake Cooper', 'Dexter Darden', 'Jacob Latimore']",['Wes Ball'],113.0,2014-09-10,7.19,18331,30.7066,/ode14q7WtDugFDp78fo9lCsmay9.jpg,/eTlcNXGv32zkVI7ZDHhfeaKHXKQ.jpg,en,movie,,
13,Forrest Gump,"A man with a low IQ has accomplished great things in his life and been present during significant historic events—in each case, far exceeding what anyone imagined he could do. But despite all he has achieved, his one true love eludes him.","['Comedy', 'Drama', 'Romance']","[""new year's eve"", 'vietnam war', 'vietnam veteran', 'mentally disabled', 'friendship', 'usa president', 'washington dc, usa', 'post-traumatic stress disorder (ptsd)', 'waitress', 'based on novel or book', 'hippie', 'single parent', 'parent child relationship', 'optimism', '1970s', 'drug addiction', 'autism', 'alabama', 'black panther party', 'bus stop', 'family relationships', 'chameleon', 'single mother', 'military', 'anti war protest', '1960s', 'simpleton', 'college american football', 'mother son relationship', 'america', 'feelgood', 'dramatic']","['Tom Hanks', 'Robin Wright', 'Gary Sinise', 'Sally Field', 'Mykelti Williamson', 'Michael Conner Humphreys', 'Hanna Hall', 'Haley Joel Osment', 'Siobhan Fallon Hogan', 'Rebecca Williams']",['Robert Zemeckis'],142.0,1994-06-23,8.5,30185,35.5787,/Cw4hIUIAmSYfK9QfaUW5igp9La.jpg,/66Kn4XWhkuPkJxOJyPEx4U2CUfN.jpg,en,movie,,
2062,Ratatouille,"Remy, a rat, possesses a palate far more refined than that of his fellow comrades. He aspires to become a chef, one who creates rather than scavenges. When fate leads him beneath one of Paris's finest restaurants, he forms an unusual alliance with a young kitchen worker to pursue his culinary ambitions. As his double life unfolds, Remy must navigate the suspicions of the calculating Head Chef Skinner, the disapproval of Remy’s own colony, and the foreboding presence of renowned food critic Anton Ego, whose judgment can make or break a chef's legacy.","['Animation', 'Comedy', 'Family', 'Fantasy']","['work', 'sibling relationship', 'paris, france', 'expensive restaurant', 'river', 'confidence', 'cooking', 'evacuation', 'mouse', ""leaving one's family"", 'restaurant', 'villain', 'restaurant critic', 'spice', 'cookbook', 'food', 'chef', 'sewer', 'unlikely friendship', 'french restaurant', 'rat', 'french cuisine', 'fine dining', '3d animation', 'inspirational', 'romantic', 'admiring', 'adoring', 'cheerful', 'enthusiastic']","['Patton Oswalt', 'Ian Holm', 'Lou Romano', 'Brian Dennehy', 'Peter Sohn', ""Peter O'Toole"", 'Brad Garrett', 'Janeane Garofalo', 'Will Arnett', 'Julius Callahan']",['Brad Bird'],111.0,2007-06-28,7.846,18759,31.2608,/t3vaWRPSf6WjDSamIkKDs1iQWna.jpg,/jQ6Vuxe1CEPMXTF7d0fZgdIBY8U.jpg,en,movie,,
976912,Graphic Desires,"When reclusive Franklin cheats on his partner with a mysterious girl he meets on a dating app, it becomes the start of a deadly obsession.","['Thriller', 'Crime']","['infidelity', 'cheating', 'killing', 'murder', 'softcore', 'erotic thriller', 'murdered', 'dating app']","['David Wayman', 'Sian Altman', 'May Kelly', 'Ocean M Harris', 'Valis Volkova', 'Jack Edwards', 'Caidney Simone', 'Eva Ray', 'Felicia Westring', 'Fahad Salman']",['Andy Edwards'],90.0,2023-08-31,7.0,139,38.3307,/3BjLdTWRiHc1ISIZMFvToOmghOM.jpg,/rHnANzYUmV3WZw3n0yWOLiR3pen.jpg,en,movie,,
1110034,Kraken,"A marine biologist is doing research on a fish farm when she encounters several strange occurrences. Along with the brutal deaths of two teenagers, all signs point to the deep fjord; can there be more to the depths than the eye can see?","['Horror', 'Action', 'Thriller']","['sea monster', 'norwegian folklore', 'cautionary']","['Sara Khorami', 'Mikkel Bratt Silset', 'Ingvild Holthe Bygdnes', 'Øyvind Brandtzæg', 'Jenny Evensen', 'Steinar Klouman Hallert', 'Filip Bargee Ramberg', 'Jon Erik Myre', 'Hans Morten Hansen', 'Magnús Blöndal Jóhannsson']",['Pål Øie'],94.0,2026-02-06,6.325,266,94.4635,/xdZ8k5s8DTwWyPBMIcflrYLgcAK.jpg,/oV472EbPedkc5QzqolGc7sCgCnn.jpg,no,movie,,
22,Pirates of the Caribbean: The Curse of the Black Pearl,"When wily pirate Captain Barbossa seizes Jack Sparrow’s beloved ship, the Black Pearl, and kidnaps the governor’s daughter, Elizabeth Swann, blacksmith Will Turner reluctantly teams up with the unpredictable pirate Jack to rescue her—only to uncover a terrifying curse that turns Barbossa’s crew into the undead.","['Adventure', 'Fantasy', 'Action']","['ship', 'blacksmith', 'gold', 'exotic island', 'governor', 'skeleton', 'jamaica', 'british empire', 'pirate', 'swashbuckler', '18th century', 'caribbean sea', 'aftercreditsstinger', 'pirate ship', 'british navy', 'tortuga', 'based on theme park ride', 'hilarious', 'brisk']","['Johnny Depp', 'Geoffrey Rush', 'Orlando Bloom', 'Keira Knightley', 'Jack Davenport', 'Jonathan Pryce', 'Lee Arenberg', 'Mackenzie Crook', ""Damian O'Hare"", 'Giles New']",['Gore Verbinski'],143.0,2003-07-09,7.832,22567,28.6327,/poHwCZeWzJCShH7tOjg8RIoyjcw.jpg,/uRNgkJSkNBFbbn9fPsEjDIy8Sh3.jpg,en,movie,,
24,Kill Bill: Vol. 1,"An assassin is shot by her ruthless employer, Bill, and other members of their assassination circle – but she lives to plot her vengeance.","['Action', 'Crime']","['martial arts', 'japan', 'kung fu', 'sword', 'yakuza', 'katana', 'sword fight', 'revenge', 'vigilante', 'female yakuza', 'female protagonist', 'retribution', 'dreary', 'extreme violence']","['Uma Thurman', 'Lucy Liu', 'Vivica A. Fox', 'Daryl Hannah', 'David Carradine', 'Michael Madsen', 'Julie Dreyfus', 'Chiaki Kuriyama', 'Sonny Chiba', 'Gordon Liu']",['Quentin Tarantino'],111.0,2003-10-10,7.971,19228,23.8217,/v7TaX8kXMXs5yFFGR41guUDNcnB.jpg,/iffzIhuLAO38Po6sh1s6ZEVwlNL.jpg,en,movie,,
313369,La La Land,"Mia, an aspiring actress, serves lattes to movie stars in between auditions and Sebastian, a jazz musician, scrapes by playing cocktail party gigs in dingy bars, but as success mounts they are faced with decisions that begin to fray the fragile fabric of their love affair, and the dreams they worked so hard to maintain in each other threaten to rip them apart.","['Comedy', 'Drama', 'Romance']","['dancing', 'dance', 'jazz', 'melancholy', 'musical', 'ambition', 'casting', 'romcom', 'coffee shop', 'jazz club', 'traffic jam', 'hollywood', 'los angeles, california', 'pianist', 'pier', 'audition', ""valentine's day"", 'planetarium', 'aspiring actor', 'movie set', 'sunset', 'one-woman show', 'pool party', 'complex', 'griffith observatory', 'bold', 'exuberant']","['Ryan Gosling', 'Emma Stone', 'John Legend', 'Rosemarie DeWitt', 'Finn Wittrock', 'Callie Hernandez', 'Sonoya Mizuno', 'Jessica Rothe', 'Tom Everett Scott', 'Josh Pence']",['Damien Chazelle'],129.0,2016-12-01,7.9,18330,24.8795,/uDO8zWDhfWwoFdKS4fzkUJt0Rf0.jpg,/nlPCdZlHtRNcF6C9hzUH4ebmV1w.jpg,en,movie,,
28,Apocalypse Now,"At the height of the Vietnam war, Captain Benjamin Willard is sent on a dangerous mission that, officially, ""does not exist, nor will it ever exist."" His goal is to locate - and eliminate - a mysterious Green Beret Colonel named Walter Kurtz, who has been leading his personal army on illegal guerrilla missions into enemy territory.","['Drama', 'War']","['guerrilla warfare', 'vietnam war', 'journalist', 'mission', 'vietnam', 'vietcong', 'central intelligence agency (cia)', 'cambodia', 'army', 'drug abuse', 'based on novel or book', 'secret mission', 'insanity', 'surrealism', 'tribe', 'green beret', 'jungle', 'descent into madness', 'brutality', 'riverboat', 'military', 'macabre', 'anti war', 'absurd', 'awestruck', 'distressing']","['Martin Sheen', 'Marlon Brando', 'Frederic Forrest', 'Albert Hall', 'Laurence Fishburne', 'Sam Bottoms', 'Robert Duvall', 'G.D. Spradlin', 'Harrison Ford', 'Jerry Ziesmer']",['Francis Ford Coppola'],147.0,1979-05-19,8.264,9254,22.6166,/gQB8Y5RCMkv2zwzFHbUJX3kAhvA.jpg,/49fzLedFVKgGgFChLMuulDJBY1c.jpg,en,movie,,
497698,Black Widow,"Natasha Romanoff, also known as Black Widow, confronts the darker parts of her ledger when a dangerous conspiracy with ties to her past arises. Pursued by a force that will stop at nothing to bring her down, Natasha must deal with her history as a spy and the broken relationships left in her wake long before she became an Avenger.","['Action', 'Adventure', 'Science Fiction']","['assassin', 'hero', 'spy', 'kgb', 'based on comic', 'female assassin', 'female spy', 'female hero', 'aftercreditsstinger', 'marvel cinematic universe (mcu)', 'woman director']","['Scarlett Johansson', 'Florence Pugh', 'Rachel Weisz', 'David Harbour', 'Ray Winstone', 'Ever Anderson', 'Violet McGraw', 'O-T Fagbenle', 'William Hurt', 'Olga Kurylenko']",['Cate Shortland'],134.0,2021-07-07,7.158,11454,33.5433,/qAZ0pzat24kLdO3o8ejmbLxyOac.jpg,/keIxh0wPr2Ymj0Btjh4gW7JJ89e.jpg,en,movie,,
122917,The Hobbit: The Battle of the Five Armies,"Following Smaug's attack on Laketown, Bilbo and the dwarves try to defend Erebor's mountain of treasure from others who claim it: the men of the ruined Laketown and the elves of Mirkwood. Meanwhile an army of Orcs led by Azog the Defiler is marching on Erebor, fueled by the rise of the dark lord Sauron. Dwarves, elves and men must unite, and the hope for Middle-Earth falls into Bilbo's hands.","['Action', 'Adventure', 'Fantasy']","['gold', 'corruption', 'based on novel or book', 'elves', 'dwarf', 'mine', 'mountain', 'sequel', 'troll', 'dragon', 'battle', 'unlikely friendship', 'fantasy world', 'wizard', 'epic battle', 'ring', 'invisibility', 'live action and animation', 'high fantasy', 'sword and sorcery', 'dreary', 'good versus evil', 'armies']","['Ian McKellen', 'Martin Freeman', 'Richard Armitage', 'Orlando Bloom', 'Evangeline Lilly', 'Luke Evans', 'Lee Pace', 'Benedict Cumberbatch', 'Ken Stott', 'Aidan Turner']",['Peter Jackson'],144.0,2014-12-10,7.34,15604,35.4872,/xT98tLqatZPQApyRmlPL12LtiWp.jpg,/3UbaCMmqOd7mca4Y5DOzY2ZVTyX.jpg,en,movie,,
436270,Black Adam,"Nearly 5,000 years after he was bestowed with the almighty powers of the Egyptian gods—and imprisoned just as quickly—Black Adam is freed from his earthly tomb, ready to unleash his unique form of justice on the modern world.","['Action', 'Adventure', 'Science Fiction']","['lightning', 'superhero', 'anti hero', 'based on comic', 'demon', 'superhero team', 'duringcreditsstinger', 'dc extended universe (dceu)']","['Dwayne Johnson', 'Aldis Hodge', 'Noah Centineo', 'Sarah Shahi', 'Quintessa Swindell', 'Marwan Kenzari', 'Mo Amer', 'Bodhi Sabongui', 'Pierce Brosnan', 'James Cusati-Moyer']",['Jaume Collet-Serra'],125.0,2022-10-19,6.781,7159,27.1066,/rCtreCr4xiYEWDQTebybolIh6Xe.jpg,/bQXAqRx2Fgc46uCVWgoPz5L5Dtr.jpg,en,movie,,
1321008,Black Box,"A routine domestic flight turns into the flight from hell through a series of inexplicable phenomena and raw terror. Surreal encounters blur the boundaries between reality and nightmare. Passengers fight against all the odds in an attempt to survive while combating bizarre technological malfunctions, accelerating supernatural events and alien influences.","['Horror', 'Thriller']","['airplane', 'supernatural', 'airplane trip']","['Tom Brittney', 'Holly White', 'Betsy Blue-English', ""Dane Whyte O'Hara"", 'Kaja Chan', 'Georgina Leonidas', 'Hanneke Talbot', 'Anton Trendafilov', 'Asa Ali', 'Boadicea Ricketts']",['Steven Quale'],85.0,2026-06-25,6.2,55,20.2579,/O7vJPEWsnLrKqPYHIHKG8zlEK1.jpg,/ce0RjYfcgzQeiT3PjaARWv5PVQO.jpg,en,movie,,
1038392,The Conjuring: Last Rites,Paranormal investigators Ed and Lorraine Warren take on one last terrifying case involving mysterious entities they must confront.,['Horror'],"['pennsylvania, usa', 'supernatural', 'exorcism', 'haunted house', 'sequel', 'priest', 'religion', 'wedding', 'spirit', 'paranormal investigation', 'ghost', '1980s', 'demonic', 'mirror', 'supernatural horror', 'horror']","['Patrick Wilson', 'Vera Farmiga', 'Mia Tomlinson', 'Ben Hardy', 'Rebecca Calder', 'Tilly Walker', 'Elliot Cowan', 'Shannon Kook', 'Steve Coulter', 'Kíla Lord Cassidy']",['Michael Chaves'],136.0,2025-09-03,6.949,2042,24.5989,/byWgphT74ClOVa8EOGzYDkl8DVL.jpg,/i8MupUe4xgmYXoRNAQMYvuoexSU.jpg,en,movie,,
58,Pirates of the Caribbean: Dead Man's Chest,"Captain Jack Sparrow’s got a blood debt to pay: he owes his soul to the legendary Davy Jones, ghastly Ruler of the Ocean Depths. To escape eternal servitude aboard the Flying Dutchman, ever-crafty Jack must track down the still-beating heart of Jones. But he won’t do it alone: Will Turner and Elizabeth Swann are drawn back into another one of his perilous quests—assuming they can evade execution for aiding a pirate.","['Adventure', 'Fantasy', 'Action']","['witch', 'daughter', 'ship', 'exotic island', 'monster', 'fortune teller', 'compass', 'sequel', 'sword fight', 'pirate', 'cannibal', 'swashbuckler', 'kraken', 'aftercreditsstinger', 'based on theme park ride', 'witty']","['Johnny Depp', 'Orlando Bloom', 'Keira Knightley', 'Jack Davenport', 'Bill Nighy', 'Jonathan Pryce', 'Lee Arenberg', 'Mackenzie Crook', 'Kevin McNally', 'David Bailie']",['Gore Verbinski'],151.0,2006-07-06,7.388,17427,25.9438,/uXEqmloGyP7UXAiphJUu2v2pcuE.jpg,/vr6n6ZFUZvedvIlhfYcbCWcaKyW.jpg,en,movie,,
62,2001: A Space Odyssey,"Humanity finds a mysterious object buried beneath the lunar surface and sets off to find its origins with the help of HAL 9000, the world's most advanced super computer.","['Science Fiction', 'Mystery', 'Adventure']","['man vs machine', 'moon', 'jupiter', 'artificial intelligence (a.i.)', 'based on novel or book', 'technology', 'super computer', 'space travel', 'space mission', 'moon base', 'astronaut', 'evolution', 'monolith', 'space station', 'space opera', 'philosophical', '2000s', 'ai rebellion', 'suspenseful', 'complicated', 'metrocolor']","['Keir Dullea', 'Gary Lockwood', 'William Sylvester', 'Douglas Rain', 'Daniel Richter', 'Leonard Rossiter', 'Margaret Tyzack', 'Robert Beatty', 'Sean Sullivan', 'Frank W. Miller']",['Stanley Kubrick'],149.0,1968-04-02,8.047,12810,24.0249,/ve72VxNqjGM69Uky4WTo2bK6rfq.jpg,/w5IDXtifKntw0ajv2co7jFlTQDM.jpg,en,movie,,
911430,F1,Racing legend Sonny Hayes is coaxed out of retirement to lead a struggling Formula 1 team—and mentor a young hotshot driver—while chasing one more chance at glory.,"['Action', 'Drama']","['sports', 'comeback', 'racing', 'race car driver', 'sport competition', 'aftercreditsstinger', 'beforecreditsstinger', 'rookie', 'formula one (f1)', 'motorsport', 'car racing', 'disdainful', 'exhilarated', 'joyful']","['Brad Pitt', 'Damson Idris', 'Javier Bardem', 'Kerry Condon', 'Tobias Menzies', 'Kim Bodnia', 'Sarah Niles', 'Will Merrick', 'Joseph Balderrama', 'Abdul Salis']",['Joseph Kosinski'],156.0,2025-06-25,7.816,4440,40.061,/9PXZIUsSDh4alB80jheWX4fhZmy.jpg,/lkDYN0whyE82mcM20rwtwjbniKF.jpg,en,movie,,
74,War of the Worlds,"Ray Ferrier is a divorced dockworker and less-than-perfect father. Soon after his ex-wife and her new husband drop off his teenage son and young daughter for a rare weekend visit, a strange and powerful lightning storm touches down.","['Adventure', 'Thriller', 'Science Fiction']","['daughter', 'new jersey', 'post-traumatic stress disorder (ptsd)', 'airplane', 'based on novel or book', 'underground', 'dystopia', 'alien', 'survival', 'disaster', 'apocalypse', 'creature', 'alien invasion', 'human subjugation']","['Tom Cruise', 'Dakota Fanning', 'Miranda Otto', 'Justin Chatwin', 'Tim Robbins', 'Rick Gonzalez', 'Yul Vazquez', 'Lenny Venito', 'Lisa Ann Walter', 'Ann Robinson']",['Steven Spielberg'],117.0,2005-06-28,6.562,9384,20.1559,/6Biy7R9LfumYshur3YKhpj56MpB.jpg,/bInicBgSHfQiWLbnRT5jxw9Grvm.jpg,en,movie,,
550988,Free Guy,"A bank teller discovers he is actually a background player in an open-world video game, and decides to become the hero of his own story. Now, in a world where there are no limits, he is determined to be the guy who saves his world his way before it's too late.","['Comedy', 'Adventure', 'Science Fiction']","['hero', 'artificial intelligence (a.i.)', 'video game', 'virtual reality', 'gun', 'code', 'gamer', 'bank robbery', 'bank teller', 'programmer', 'thoughtful', 'mmorpg', 'virtual game', 'heroic', 'vrmmo']","['Ryan Reynolds', 'Jodie Comer', 'Lil Rel Howery', 'Joe Keery', 'Utkarsh Ambudkar', 'Taika Waititi', 'Channing Tatum', 'Aaron W Reed', 'Britne Oldford', 'Camille Kostek']",['Shawn Levy'],115.0,2021-08-11,7.442,10031,20.5668,/dxraF0qPr1OEgJk17ltQTO84kQF.jpg,/rOJb0yQOCny0bPjg8bCLw8DyAD7.jpg,en,movie,,
426063,Nosferatu,"A gothic tale of obsession between a haunted young woman and the terrifying vampire infatuated with her, causing untold horror in its wake.","['Horror', 'Fantasy']","['cold', 'based on novel or book', 'vampire', 'necrophilia', 'eroticism', 'possession', 'würzburg', 'remake', 'gothic horror', 'gothic', 'desire', 'somnambulism', 'plague', '19th century', 'dread', 'gothic romance', 'drinking blood', 'supernatural horror', 'dracula', 'grimdark', 'period piece', '1830s', 'nightmares', 'incredulous', 'bold']","['Lily-Rose Depp', 'Nicholas Hoult', 'Bill Skarsgård', 'Aaron Taylor-Johnson', 'Willem Dafoe', 'Emma Corrin', 'Ralph Ineson', 'Simon McBurney', 'Adéla Hesová', 'Milena Konstantinova']",['Robert Eggers'],133.0,2024-12-25,6.711,3865,27.3186,/5qGIxdEO841C0tdY8vOdLoRVrr0.jpg,/2gAStVyyv9C3BSEKhP0a1aM3Qy9.jpg,en,movie,,
718930,Bullet Train,"Unlucky assassin Ladybug is determined to do his job peacefully after one too many gigs gone off the rails. Fate, however, may have other plans, as Ladybug's latest mission puts him on a collision course with lethal adversaries from around the globe—all with connected, yet conflicting, objectives—on the world's fastest train.","['Action', 'Comedy', 'Thriller']","['mission', 'japan', 'assassin', 'based on novel or book', 'hitman', 'briefcase', 'train', 'luck', 'runaway train', 'deadly snake', 'duringcreditsstinger', 'train travel', 'professional assassin', 'interwoven stories', 'high speed', 'passenger train', 'bullet train', 'death by poisoning', 'shinkansen', 'traveling by train']","['Brad Pitt', 'Joey King', 'Aaron Taylor-Johnson', 'Brian Tyree Henry', 'Andrew Koji', 'Hiroyuki Sanada', 'Michael Shannon', 'Sandra Bullock', 'Bad Bunny', 'Logan Lerman']",['David Leitch'],126.0,2022-08-03,7.409,7768,22.3269,/j8szC8OgrejDQjjMKSVXyaAjw3V.jpg,/y2Ca1neKke2mGPMaHzlCNDVZqsK.jpg,en,movie,,
866398,The Beekeeper,One man's campaign for vengeance takes on national stakes after he is revealed to be a former operative of a powerful and clandestine organization known as Beekeepers.,"['Action', 'Crime', 'Thriller']","['massachusetts', 'secret government organization', 'government conspiracy', 'hand to hand combat', 'vengeance', 'fbi agent', 'beekeepers', 'scam call center', 'retired assassin', 'revenge mission', 'relentless pursuit', 'scam operation', 'justice by force', 'system corruption', 'powerful elites']","['Jason Statham', 'Emmy Raver-Lampman', 'Josh Hutcherson', 'Jeremy Irons', 'Bobby Naderi', 'David Witts', 'Michael Epp', 'Taylor James', 'Phylicia Rashād', 'Jemma Redgrave']",['David Ayer'],106.0,2024-01-08,7.279,4422,24.1864,/A7EByudX0eOzlkQ2FIbogzyazm2.jpg,/f0ACHVpV707zqu4etZrXnWNdSgL.jpg,en,movie,,
1308767,Young Washington,"Before he led a nation, George Washington was a young soldier thrown into a global conflict. With alliances crumbling and war closing in, he must choose who to trust and confront the leader he's becoming.","['History', 'War', 'Drama']","['based on novel or book', 'biography', 'period drama', '18th century', 'duringcreditsstinger', 'historical drama', 'inspirational', 'bold', 'exhilarated', 'hopeful', 'george washington', 'biographical drama']","['William Franklyn-Miller', 'Ben Kingsley', 'Mary-Louise Parker', 'Leo Hanna', 'Mia Rodgers', 'Joel Smallbone', 'Kelsey Grammer', 'Andy Serkis', 'Michael Benz', 'Jonno Davies']",['Jon Erwin'],121.0,2026-07-02,7.716,51,49.7929,/6CdoTKnRQHJkjRGxTefFGkPQplB.jpg,/mj3RFamNUleZB94zMWgGnJkQCAH.jpg,en,movie,,
98,Gladiator,"After the death of Emperor Marcus Aurelius, his devious son takes power and demotes Maximus, one of Rome's most capable generals who Marcus preferred. Eventually, Maximus is forced to become a gladiator and battle to the death against other men for the amusement of paying audiences.","['Action', 'Drama', 'Adventure']","['gladiator', 'rome, italy', 'arena', 'senate', 'roman empire', 'parent child relationship', 'emperor', 'slavery', 'ancient rome', 'revenge', 'battlefield', 'slave auction', 'historical fiction', 'ancient world', 'period drama', 'combat', 'chariot', 'philosopher', 'grim', 'barbarian horde', '2nd century', 'successor', 'commodus', 'maximus', 'antiquity', 'gladiador']","['Russell Crowe', 'Joaquin Phoenix', 'Connie Nielsen', 'Oliver Reed', 'Richard Harris', 'Derek Jacobi', 'Djimon Hounsou', 'David Schofield', 'John Shrapnel', 'Tomas Arana']",['Ridley Scott'],155.0,2000-05-04,8.23,21250,41.4375,/wN2xWp1eIwCKOD0BHTcErTBv1Uq.jpg,/jhk6D8pim3yaByu1801kMoxXFaX.jpg,en,movie,,
101,Léon: The Professional,"Léon, the top hit man in New York, has earned a rep as an effective ""cleaner"". But when his next-door neighbors are wiped out by a loose-cannon DEA agent, he becomes the unwilling custodian of 12-year-old Mathilda. Before long, Mathilda's thoughts turn to revenge, and she considers following in Léon's footsteps.","['Crime', 'Drama', 'Action']","['hotel room', 'new york city', 'immigrant', 'assassin', 'police brutality', 'corruption', 's.w.a.t.', 'hitman', 'loss of loved one', 'gangster', 'training', 'revenge', 'murder', 'loneliness', 'neighbor', 'tragic love', 'aggressive', 'city life', 'neo-noir', 'complex relationship', 'suspenseful', 'tense']","['Jean Reno', 'Natalie Portman', 'Gary Oldman', 'Danny Aiello', 'Peter Appel', 'Michael Badalucco', 'Ellen Greene', 'Frank Senger', 'Elizabeth Regen', 'Carl J. Matusovich']",['Luc Besson'],111.0,1994-09-14,8.293,16335,24.9131,/bxB2q91nKYp8JNzqE7t7TWBVupB.jpg,/fj0hwDJEOOHllRim2BMt5L7tbjf.jpg,fr,movie,,
1368166,The Housemaid,"Trying to escape her past, Millie Calloway accepts a job as a live-in housemaid for the wealthy Nina and Andrew Winchester. But what begins as a dream job quickly unravels into something far more dangerous—a sexy, seductive game of secrets, scandal, and power.","['Mystery', 'Thriller']","['based on novel or book', 'manipulation', 'psychological thriller', 'housekeeper', 'dominance', 'attic', 'housemaid', 'enigmatic', 'mysterious', 'adaptation', 'secret', 'mystery', 'suspense thriller', 'antagonistic', 'authoritarian', 'power shift', 'social disparity']","['Sydney Sweeney', 'Amanda Seyfried', 'Brandon Sklenar', 'Michele Morrone', 'Indiana Elle', 'Sarah Cooper', 'Elizabeth Perkins', 'Amanda Joy Erickson', 'Megan Ferguson', 'Ellen Tamaki']",['Paul Feig'],131.0,2025-12-18,7.266,2844,55.2286,/cWsBscZzwu5brg9YjNkGewRUvJX.jpg,/zTnAnYIn0Iv3cn0ZHlzLhou3ybm.jpg,en,movie,,
82023,Hotel Desire,"Antonia is a single mother who works as a hotel maid in Berlin. A normal hot summer day takes a dramatic turn when she crosses paths with a particular guest of the hotel, famous blind portrait painter Julius Pass.","['Drama', 'Romance']","['hotel', 'sexuality', 'kiss', 'maid', 'single mother', 'softcore', 'blind man', 'caress', 'short film']","['Saralisa Volm', 'Clemens Schick', 'Jan-Gregor Kremp', 'Herbert Knaup', 'Palina Rojinski', 'Frederick Lau', 'Trystan Pütter', 'Carlo Ljubek', 'Liroy Gehrke', 'Petar Knezevic']",['Sergej Moya'],38.0,2011-12-07,6.186,153,98.6777,/47XRWH95ATv4szxdWHl723guWXP.jpg,/wcUohmHc9oDZXarXDp905TYVui4.jpg,de,movie,,
103,Taxi Driver,"Suffering from insomnia, disturbed loner Travis Bickle takes a job as a New York City cabbie, haunting the streets nightly, growing increasingly detached from reality as he dreams of cleaning up the filthy city.","['Crime', 'Drama']","['drug dealer', 'vietnam veteran', 'new york city', 'taxi', 'pornography', 'obsession', 'taxi driver', '1970s', 'pimp', 'observer', 'firearm', 'politician', 'alienation', 'junk food', 'misanthrophy', 'vigilante', 'political campaign', 'cynical', 'illegal prostitution', 'urban decay', 'character study', 'loner', 'manhattan, new york city', 'meditative', 'neo-noir', 'child prostitution', 'complex', 'new hollywood', 'dreary', 'cautionary', 'drives', 'provocative', 'antagonistic', 'audacious', 'callous']","['Robert De Niro', 'Jodie Foster', 'Cybill Shepherd', 'Harvey Keitel', 'Peter Boyle', 'Leonard Harris', 'Albert Brooks', 'Diahnne Abbott', 'Frank Adu', 'Victor Argo']",['Martin Scorsese'],114.0,1976-02-09,8.1,13653,22.8146,/ekstpH614fwDX8DUln1a2Opz0N8.jpg,/9uddYYTNcLWpzUkl5iw1RUYhLhY.jpg,en,movie,,
106,Predator,A team of elite commandos on a secret mission in a Central American jungle come to find themselves hunted by an extraterrestrial warrior.,"['Science Fiction', 'Action', 'Adventure', 'Thriller']","['guerrilla warfare', 'central and south america', 'predator', 'trap', 'alien', 'survival', 'stalking', 'creature', 'alien invasion', 'invisible', 'commando', 'aggressive', 'prey', 'violence']","['Arnold Schwarzenegger', 'Carl Weathers', 'Kevin Peter Hall', 'Elpidia Carrillo', 'Bill Duke', 'Jesse Ventura', 'Sonny Landham', 'Richard Chaves', 'R.G. Armstrong', 'Shane Black']",['John McTiernan'],107.0,1987-06-12,7.574,9365,22.6206,/k3mW4qfJo6SKqe6laRyNGnbB9n5.jpg,/YL3GPOiDcNraIJOVDCZsoOBoDy.jpg,en,movie,,
1226863,The Super Mario Galaxy Movie,"Having thwarted Bowser's previous plot to marry Princess Peach, Mario and Luigi now face a fresh threat in Bowser Jr., who is determined to liberate his father from captivity and restore the family legacy. Alongside companions new and old, the brothers travel across the stars to stop the young heir's crusade.","['Family', 'Comedy', 'Adventure', 'Fantasy', 'Animation']","['galaxy', 'friendship', 'sibling relationship', 'space travel', 'sequel', 'space', 'based on video game', 'buddy comedy', 'aftercreditsstinger', 'duringcreditsstinger', 'space adventure', 'father son relationship', 'parallel universe', 'brother brother relationship', 'talking animal', 'magic land', '3d animation', 'adoring']","['Chris Pratt', 'Charlie Day', 'Anya Taylor-Joy', 'Jack Black', 'Keegan-Michael Key', 'Donald Glover', 'Benny Safdie', 'Brie Larson', 'Glen Powell', 'Luis Guzmán']","['Michael Jelenic', 'Aaron Horvath']",98.0,2026-04-01,8.248,3421,78.3164,/eJGWx219ZcEMVQJhAgMiqo8tYY.jpg,/kxQiIJ4gVcD3K6o14MJ72p5yRcE.jpg,en,movie,,
335984,Blade Runner 2049,"Thirty years after the events of the first film, a new blade runner, LAPD Officer K, unearths a long-buried secret that has the potential to plunge what's left of society into chaos. K's discovery leads him on a quest to find Rick Deckard, a former LAPD blade runner who has been missing for 30 years.","['Science Fiction', 'Drama']","['future', 'android', 'bounty hunter', 'artificial intelligence (a.i.)', 'dystopia', 'sequel', 'cyberpunk', 'transhumanism', 'los angeles, california', 'las vegas', 'tech noir', 'cyber thriller', 'humanoid robot', 'blade runner', '2040s', 'slow burn']","['Ryan Gosling', 'Harrison Ford', 'Ana de Armas', 'Dave Bautista', 'Robin Wright', 'Sylvia Hoeks', 'Mackenzie Davis', 'Jared Leto', 'Carla Juri', 'Hiam Abbass']",['Denis Villeneuve'],164.0,2017-10-04,7.601,15458,32.9253,/gajva2L0rPYkEWjzgFlBXCAVBE5.jpg,/gNdLJU9TxrpGx4dkZidjys3fyy0.jpg,en,movie,,
111,Scarface,"After getting a green card in exchange for assassinating a Cuban government official, Tony Montana stakes a claim on the drug trade in Miami. Viciously murdering anyone who stands in his way, Tony eventually becomes the biggest drug lord in the state, controlling nearly all the cocaine that comes through Miami. But increased pressure from the police, wars with Colombian drug cartels and his own drug-fueled paranoia serve to fuel the flames of his eventual downfall.","['Action', 'Crime', 'Drama']","['corruption', 'sibling relationship', 'miami, florida', 'cuba', 'loss of loved one', 'gangster', 'cocaine', 'rise and fall', 'remake', 'tragedy', 'drug cartel', 'mafia', 'drug lord', 'bitterness', 'rise to power', 'miami beach', 'cuban refugees', 'drug war', 'excited', 'tragic']","['Al Pacino', 'Steven Bauer', 'Michelle Pfeiffer', 'Mary Elizabeth Mastrantonio', 'Robert Loggia', 'Miriam Colon', 'F. Murray Abraham', 'Paul Shenar', 'Harris Yulin', 'Ángel Salazar']",['Brian De Palma'],170.0,1983-12-09,8.153,13271,24.5823,/iQ5ztdjvteGeboxtmRdXEChJOHh.jpg,/1qM2BYNE11Viby8ImC9LC00DgDr.jpg,en,movie,,
950387,A Minecraft Movie,"Four misfits find themselves struggling with ordinary problems when they are suddenly pulled through a mysterious portal into the Overworld: a bizarre, cubic wonderland that thrives on imagination. To get back home, they'll have to master this world while embarking on a magical quest with an unexpected, expert crafter, Steve.","['Family', 'Fantasy', 'Comedy', 'Adventure']","['friendship', 'village', 'surrealism', 'exploration', 'portal', 'miner', 'friends', 'survival', 'zombie', 'based on video game', 'aftercreditsstinger', 'duringcreditsstinger', 'farming', 'journey', 'live action and animation', 'crafting', 'imagination', 'teamwork', 'fantasy', 'exuberant', 'building']","['Jason Momoa', 'Jack Black', 'Sebastian Eugene Hansen', 'Emma Myers', 'Danielle Brooks', 'Jennifer Coolidge', 'Rachel House', 'Allan Henry', 'Bram Scott-Breheny', 'Moana Williams']",['Jared Hess'],101.0,2025-03-31,6.238,3197,31.9985,/yFHHfHcUgGAxziP1C3lLt0q2T4s.jpg,/2Nti3gYAX513wvhp8IiLL6ZDyOm.jpg,en,movie,,
115,The Big Lebowski,"Jeffrey 'The Dude' Lebowski, a Los Angeles slacker who only wants to bowl and drink White Russians, is mistaken for another Jeffrey Lebowski, a wheelchair-bound millionaire, and finds himself dragged into a strange series of events involving nihilists, adult film producers, ferrets, errant toes, and large sums of money.","['Comedy', 'Crime']","['vietnam veteran', 'white russian', 'bowling', 'carpet', 'nihilism', 'heart attack', 'kidnapping', 'lsd', 'marijuana', 'los angeles, california', 'millionaire', 'cowboy', 'ashes', 'impregnation', 'bowling team', 'unemployed', 'bowling ball', 'neo-noir', 'weeds', 'psychedelic drug', 'absurd', 'amused', 'shaggy dog story']","['Jeff Bridges', 'John Goodman', 'Julianne Moore', 'Steve Buscemi', 'David Huddleston', 'Philip Seymour Hoffman', 'Tara Reid', 'Philip Moon', 'Mark Pellegrino', 'Peter Stormare']","['Joel Coen', 'Ethan Coen']",117.0,1998-03-06,7.834,12368,22.4586,/3bv6WAp6BSxxYvB5ozKFUYuRA8C.jpg,/hXsy4XCCHrUk81XoRhcooyWejao.jpg,en,movie,,
829557,365 Days: This Day,"Laura and Massimo are back and hotter than ever. But the reunited couple's new beginning is complicated by Massimo’s family ties and a mysterious man who enters Laura’s life to win her heart and trust, at any cost.","['Romance', 'Drama']","['gangster', 'sequel', 'bdsm', 'rich man poor woman', 'sex', 'erotique']","['Anna-Maria Sieklucka', 'Michele Morrone', 'Simone Susinna', 'Magdalena Lamparska', 'Otar Saralidze', 'Natasza Urbańska', 'Ramón Langa', 'Ewa Kasprzyk', 'Dariusz Jakubowski', 'Tomasz Mandes']","['Barbara Białowąs', 'Tomasz Mandes']",110.0,2022-04-26,5.949,1863,20.8138,/7qU0SOVcQ8BTJLodcAlulUAG16C.jpg,/zBG5Mg29NH9xxpWMMG7BIvKwYhL.jpg,pl,movie,,
1007734,Nobody 2,"Former assassin Hutch Mansell takes his family on a nostalgic vacation to a small-town theme park, only to be pulled back into violence when they clash with a corrupt operator, a crooked sheriff, and a ruthless crime boss.","['Action', 'Thriller', 'Comedy']","['dark comedy', 'black humor', 'sequel', 'one man army', 'family vacation', 'marital tensions', 'celebratory', 'russian mafia', 'revenge cycle', 'explosive action', 'assassin contracts', 'reluctant killer', 'family under pressure', 'eccentric allies', 'hit list', 'deadly missions']","['Bob Odenkirk', 'Connie Nielsen', 'John Ortiz', 'Colin Hanks', 'RZA', 'Colin Salmon', 'Christopher Lloyd', 'Sharon Stone', 'Daniel Bernhardt', 'Paisley Cadorath']",['Timo Tjahjanto'],89.0,2025-08-13,6.913,1745,20.6606,/svXVRoRSu6zzFtCzkRsjZS7Lqpd.jpg,/82C04rTiXYZ7c8XZv91Nu53w82Y.jpg,en,movie,,
120,The Lord of the Rings: The Fellowship of the Ring,"Young hobbit Frodo Baggins, after inheriting a mysterious ring from his uncle Bilbo, must leave his home in order to keep it from falling into the hands of its evil creator. Along the way, a fellowship is formed to protect the ringbearer and make sure that the ring arrives at its final destination: Mt. Doom, the only place where it can be destroyed.","['Adventure', 'Fantasy', 'Action']","['based on novel or book', 'elves', 'dwarf', 'magic', 'obsession', 'allegory', 'bravery', 'castle', 'troll', 'battle', 'demon', 'uncle nephew relationship', 'fantasy world', 'dark fantasy', 'journey', 'companionship', 'magical creature', 'live action and animation', ""hero's journey"", 'wraith', 'sword and sorcery', 'wonder', 'trekking', 'anxious', 'good versus evil', 'wistful', 'christian allegory', 'magical ring', 'comforting', 'tolkien', 'epic fantasy', 'epic']","['Elijah Wood', 'Ian McKellen', 'Viggo Mortensen', 'Sean Astin', 'Ian Holm', 'Liv Tyler', 'Christopher Lee', 'Sean Bean', 'Billy Boyd', 'Dominic Monaghan']",['Peter Jackson'],179.0,2001-12-18,8.441,28074,45.8069,/6oom5QYQ2yQTMJIbnvbkBL9cHo6.jpg,/mWDdRXTivGE7aaY2vo1Ie0PfCX5.jpg,en,movie,,
121,The Lord of the Rings: The Two Towers,"Frodo Baggins and the other members of the Fellowship continue on their sacred quest to destroy the One Ring--but on separate paths. Their destinies lie at two towers--Orthanc Tower in Isengard, where the corrupt wizard Saruman awaits, and Sauron's fortress at Barad-dur, deep within the dark lands of Mordor. Frodo and Sam are trekking to Mordor to destroy the One Ring of Power while Gimli, Legolas and Aragorn search for the orc-captured Merry and Pippin. All along, nefarious wizard Saruman awaits the Fellowship members at the Orthanc Tower in Isengard.","['Adventure', 'Fantasy', 'Action']","['mission', 'based on novel or book', 'elves', 'dwarf', 'magic', 'obsession', 'allegory', 'bravery', 'castle', 'reincarnation', 'sequel', 'split personality', 'fantasy world', 'wizard', 'epic battle', 'journey', 'companionship', 'live action and animation', ""hero's journey"", 'high fantasy', 'wraith', 'sword and sorcery', 'trekking', 'evil spell', 'good versus evil', 'winged creatures', 'tolkien', 'epic fantasy']","['Elijah Wood', 'Ian McKellen', 'Viggo Mortensen', 'Sean Astin', 'Andy Serkis', 'John Rhys-Davies', 'Orlando Bloom', 'Bernard Hill', 'Miranda Otto', 'Dominic Monaghan']",['Peter Jackson'],179.0,2002-12-18,8.426,24333,40.525,/5VTN0pR8gcqV3EPUHHfMGnJYN9L.jpg,/6G73mNyooWAEQTpckPSnFxFoNmc.jpg,en,movie,,
122,The Lord of the Rings: The Return of the King,"As armies mass for a final battle that will decide the fate of the world--and powerful, ancient forces of Light and Dark compete to determine the outcome--one member of the Fellowship of the Ring is revealed as the noble heir to the throne of the Kings of Men. Yet, the sole hope for triumph over evil lies with a brave hobbit, Frodo, who, accompanied by his loyal friend Sam and the hideous, wretched Gollum, ventures deep into the very dark heart of Mordor on his seemingly impossible quest to destroy the Ring of Power.​","['Adventure', 'Fantasy', 'Action']","['army', 'based on novel or book', 'elves', 'dwarf', 'magic', 'kingdom', 'obsession', 'bravery', 'castle', 'volcano', 'giant spider', 'sequel', 'honor', 'king', 'madness', 'split personality', 'fantasy world', 'wizard', 'epic battle', 'journey', 'ring', 'companionship', 'magical creature', 'quest', 'live action and animation', ""hero's journey"", 'high fantasy', 'wraith', 'sword and sorcery', 'power madness', 'complex', 'trekking', 'good versus evil', 'sword making', 'wistful', 'cheerful', 'comforting', 'melodramatic', 'winged creatures', 'epic fantasy']","['Elijah Wood', 'Ian McKellen', 'Viggo Mortensen', 'Sean Astin', 'Andy Serkis', 'Dominic Monaghan', 'Billy Boyd', 'John Noble', 'David Wenham', 'Miranda Otto']",['Peter Jackson'],201.0,2003-12-17,8.503,27064,53.3217,/rCzpDGLbOoPwLjy3OAm5NUPOTrC.jpg,/2u7zbn8EudG6kLlBzUYqP8RyFU4.jpg,en,movie,,
950396,The Gorge,"Two highly trained operatives grow close from a distance after being sent to guard opposite sides of a mysterious gorge. When an evil below emerges, they must work together to survive what lies within.","['Romance', 'Science Fiction', 'Thriller']","['isolation', 'paranoia', 'fog', 'tower', 'elite sniper', 'trust issues', 'snipers', 'long-term observation', 'unknown threat', 'mysterious canyon', 'sci‑fi romance', 'espionage mission', 'surveillance partners', 'enigmatic environment', 'survival pressure', 'restricted zone']","['Miles Teller', 'Anya Taylor-Joy', 'Sigourney Weaver', 'Ṣọpẹ́ Dìrísù', 'William Houston', 'Kobna Holdbrook-Smith', 'James Marlowe', 'Julianna Kurokawa', 'Ruta Gedmintas', 'Oliver Trevena']",['Scott Derrickson'],128.0,2025-02-13,7.683,4059,34.1708,/7iMBZzVZtG0oBug4TfqDb9ZxAOa.jpg,/9nhjGaFLKtddDPtPaX5EmKqsWdH.jpg,en,movie,,
128,Princess Mononoke,"Ashitaka, a prince of the disappearing Emishi people, is cursed by a demonized boar god and must journey to the west to find a cure. Along the way, he encounters San, a young human woman fighting to protect the forest, and Lady Eboshi, who is trying to destroy it. Ashitaka must find a way to bring balance to this conflict.","['Adventure', 'Fantasy', 'Animation']","['friendship', 'human vs nature', 'wolf', 'fight', 'wild boar', 'territory', 'leprosy', 'feral child', 'decapitation', 'rural area', 'historical fiction', 'spirit', 'demon', 'nature', 'environmentalism', 'adult animation', 'deforestation', 'anime', 'thoughtful', 'philosophical', 'industrialization', 'fantasy', 'adventure']","['Yoji Matsuda', 'Yuriko Ishida', 'Yuko Tanaka', 'Kaoru Kobayashi', 'Masahiko Nishimura', 'Tsunehiko Kamijô', 'Akihiro Miwa', 'Mitsuko Mori', 'Hisaya Morishige', 'Sumi Shimamoto']",['Hayao Miyazaki'],134.0,1997-07-12,8.32,9166,19.1752,/cMYCDADoLKLbB83g4WnJegaZimC.jpg,/gl0jzn4BupSbL2qMVeqrjKkF9Js.jpg,ja,movie,,
129,Spirited Away,"A young girl, Chihiro, becomes trapped in a strange new world of spirits. When her parents undergo a mysterious transformation, she must call upon the courage she never knew she had to free her family.","['Animation', 'Family', 'Fantasy']","['witch', 'parent child relationship', 'darkness', 'bath house', 'magic', 'spirit', 'parallel world', 'amusement park', 'youkai', 'japanese mythology', 'anime']","['Rumi Hiiragi', 'Miyu Irino', 'Mari Natsuki', 'Takashi Naito', 'Yasuko Sawaguchi', 'Tatsuya Gashuin', 'Ryunosuke Kamiki', 'Yumi Tamai', 'Yo Oizumi', 'Koba Hayashi']",['Hayao Miyazaki'],125.0,2001-07-20,8.534,18675,36.0107,/39wmItIWsg5sZMyRUHLkWBcuVCM.jpg,/dyJvKsNs2KP8qQnAXbRwDjblViy.jpg,ja,movie,,
73861,A Serbian Film,"Retired porn star Milos leads a normal family life trying to make ends meet. Presented with the opportunity of a lifetime to financially support his family for the rest of their lives, Milos must participate in one last mysterious film. From then on, Milos is drawn into a maelstrom of unbelievable cruelty and mayhem.","['Crime', 'Horror', 'Thriller']","['mask', 'pedophilia', 'suicide', 'pornography', 'rape', 'sexual abuse', 'sadism', 'necrophilia', 'insanity', 'perversity', 'masochism', 'controversy', 'snuff', 'gore', 'sadomasochism', 'porn star', 'serbia', 'sexual violence', 'murder', 'statutory rape', 'torture', 'fear', 'rape and murder', 'brutality', 'sexual sadism', 'incest', 'evil', 'sexual torture', 'depravity', 'infanticide', 'murder by gunshot', 'child sexual abuse', 'shocksploitation', 'low budget', 'banned film', 'male rape', 'child homicide', 'sadistic horror', 'sexual brutality', 'sexual cruelty', 'disturbing']","[""Srđan 'Žika' Todorović"", 'Sergej Trifunović', 'Jelena Gavrilović', 'Slobodan Beštić', 'Katarina Žutić', 'Anđela Nenadović', 'Ana Sakić', 'Lidija Pletl', 'Lena Bogdanović', 'Luka Mijatović']",['Srđan Spasojević'],104.0,2010-01-06,5.452,2247,24.4913,/yIQqiw3Az5QYNHLCUoCTtxXH24G.jpg,/wa0UGYppc6uWOdVow4Ko2CG4jk9.jpg,sr,movie,,
872585,Oppenheimer,The story of J. Robert Oppenheimer's role in the development of the atomic bomb during World War II.,"['Drama', 'History']","['husband wife relationship', 'based on novel or book', 'atomic bomb', 'patriotism', 'new mexico', 'world war ii', 'atomic bomb test', 'physics', 'biography', 'based on true story', 'antisemitism', 'interrogation', 'guilt', 'historical event', 'nuclear weapons', 'communism', 'red scare', 'mccarthyism', 'top secret project', 'moral dilemma', 'usa politics', '1940s', '20th century', 'manhattan project', 'los alamos']","['Cillian Murphy', 'Emily Blunt', 'Matt Damon', 'Robert Downey Jr.', 'Florence Pugh', 'Josh Hartnett', 'Casey Affleck', 'Rami Malek', 'Kenneth Branagh', 'Benny Safdie']",['Christopher Nolan'],181.0,2023-07-19,8.024,12222,51.9976,/8Gxv8gSFCU0XGDykEGv7zR1n2ua.jpg,/neeNHeXjMF5fXoCJRsOmkNGC7q.jpg,en,movie,,
329865,Arrival,"Taking place after alien crafts land around the world, an expert linguist is recruited by the military to determine whether they come in peace or are a threat.","['Drama', 'Science Fiction', 'Mystery']","['spacecraft', 'extraterrestrial technology', 'loss', 'time', 'alien', 'language', 'female protagonist', 'scientist', 'heartbreak', 'based on short story', 'alien contact', 'military', 'alien language', 'linguist', 'first contact', 'communication', 'linguistics', 'time-manipulation', 'complex', 'determinism', 'science fiction', 'wistful', 'incredulous', 'hopeful']","['Amy Adams', 'Jeremy Renner', 'Forest Whitaker', 'Michael Stuhlbarg', ""Mark O'Brien"", 'Tzi Ma', 'Abigail Pniowsky', 'Julia Scarlett Dan', 'Jadyn Malone', 'Frank Schorpion']",['Denis Villeneuve'],116.0,2016-11-10,7.631,19674,21.4012,/x2FJsf1ElAgr63Y3PNPtJrcmpoe.jpg,/8MUZz7oPXQftFTslZpRP3CVMOoq.jpg,en,movie,,
936075,Michael,"The story of Michael Jackson, one of the most influential artists the world has ever known, and his life beyond the music. His journey from the discovery of his extraordinary talent as the lead of the Jackson Five, to the visionary artist whose creative ambition fueled a relentless pursuit to become the biggest entertainer in the world, highlighting both his life off-stage and some of the most iconic performances from his early solo career.","['Music', 'Drama']","['child abuse', 'sibling relationship', '1970s', 'abusive father', 'ambition', 'biography', 'based on true story', 'singer', 'period drama', 'music history', 'price of fame', 'singer-songwriter', 'rise to fame', '1980s', '1960s', 'music', 'biographical drama', 'music drama', 'biopic']","['Jaafar Jackson', 'Colman Domingo', 'Nia Long', 'Juliano Krue Valdi', 'KeiLyn Durrel Jones', 'Miles Teller', 'Larenz Tate', 'Laura Harrier', 'Mike Myers', 'Kendrick Sampson']",['Antoine Fuqua'],128.0,2026-04-22,8.685,3983,92.8659,/zm0KAbOjlt9eR5y7vDiL2dEOwMl.jpg,/ufSwlnECLoUbBjPrFqEQcWBzHwc.jpg,en,movie,,
1007757,Swapped,"A small woodland creature and a majestic bird, two natural sworn enemies of the Valley, magically trade places and set off on an adventure of a lifetime to switch back. Their journey soon uncovers a greater threat—one that could endanger not only their species, but the entire valley they call home.","['Adventure', 'Animation', 'Family', 'Fantasy']","['wolf', 'buddy', 'body-swap', 'forest fire', 'woodlands', 'forest lore', 'bird', '3d animation', 'animal adventure']","['Michael B. Jordan', 'Juno Temple', 'Tracy Morgan', 'Cedric the Entertainer', 'Justina Machado', 'Nate Torrence', 'Camden Brooks', 'Táta Vega', 'Ambika Mod', 'Lolly Adefope']",['Nathan Greno'],102.0,2026-05-01,8.9,2096,59.0684,/tHhxWxge06goXU6ZQH1hj7vK8Hd.jpg,/zMwhWailP1WY7sb6AoE6b8ugoy.jpg,en,movie,,
1419406,The Shadow's Edge,Macau Police brings the tracking expert police officer out of retirement to help catch a dangerous group of professional thieves.,"['Action', 'Crime', 'Drama', 'Thriller']","['race against time', 'ex-cop', 'betrayal', 'nostalgic', 'macau', 'hand to hand combat', 'manhunt', 'hidden agenda', 'dramatic', 'hacked camera system', 'cryptocurrency', 'security breach', 'tracking expert', 'spectacular action scenes', 'surveillance city', 'family stakes']","['Jackie Chan', 'Zhang Zifeng', 'Tony Leung Ka-fai', 'Ci Sha', 'Jun', 'Zhou Zhengjie', 'Wang Ziyi', 'Lang Yueting', 'Lin Qiunan', 'Zac Wang']",['Larry Yang'],142.0,2025-08-16,8.068,1164,71.7597,/cHKo3m8N1fwvEy2ZEr0xGmmMODV.jpg,/4BtL2vvEufDXDP4u6xQjjQ1Y2aT.jpg,zh,movie,,
1054867,One Battle After Another,"Washed-up revolutionary Bob exists in a state of stoned paranoia, surviving off-grid with his spirited, self-reliant daughter, Willa. When his evil nemesis resurfaces after 16 years and she goes missing, the former radical scrambles to find her, father and daughter both battling the consequences of his past.","['Thriller', 'Crime', 'Comedy']","['rebellion', 'based on novel or book', 'resistance', 'usa–mexico border', 'riot', 'interracial relationship', 'on the run', 'xenophobia', 'aftercreditsstinger', 'missing daughter', 'white supremacy', 'anti-fascism', 'father daughter relationship', 'revolutionaries', 'african american', 'anti-racism', 'immigration detention center']","['Leonardo DiCaprio', 'Sean Penn', 'Chase Infiniti', 'Benicio del Toro', 'Regina Hall', 'Teyana Taylor', 'Wood Harris', 'Tony Goldwyn', 'D.W. Moffett', 'Paul Grimstad']",['Paul Thomas Anderson'],162.0,2025-09-23,7.345,4045,32.7493,/lbBWwxBht4JFP5PsuJ5onpMqugW.jpg,/zpEWFNqoN8Qg1SzMMHmaGyOBTdW.jpg,en,movie,,
1288341,Seven Snipers,"When a former elite sniper is hunted down by the ruthless warlord who once held her captive, she must fight to the death to protect the daughter she has raised in hiding, on a remote Australian farm.","['Action', 'Thriller']","['apathetic', 'cliché', 'powerful']","['Radha Mitchell', 'Tim Roth', 'Annabel Wolfe', 'Ioan Gruffudd', 'Ryan Kwanten', 'Lee Tiger Halley', 'Charles Cottier', 'Pacharo Mzembe', 'Damien Ryan', 'Bianca Wallace']",['Sandra Sciberras'],87.0,2026-04-30,6.1,110,34.2987,/pK6tGCG6UAgUT5FTq3ylGErHxQQ.jpg,/g2aOpyCO1vEyUZURh3V5uaHu187.jpg,en,movie,,
106646,The Wolf of Wall Street,"A New York stockbroker refuses to cooperate in a large securities fraud case involving corruption on Wall Street, corporate banking world and mob infiltration. Based on Jordan Belfort's autobiography.","['Crime', 'Drama', 'Comedy']","['corruption', 'based on novel or book', 'drug addiction', 'anti hero', 'con man', 'fraud', 'wall street', 'biography', 'based on true story', 'rise and fall', 'con artist', 'money', 'stockbroker', 'wealthy', 'drugs', 'stripping', 'hedonism', 'decadence', 'corrupt', '1980s', 'sharemarket fraud', 'desire for fame', 'financial market', 'fame-seeking', 'black monday', 'based on real person', 'financial drama']","['Leonardo DiCaprio', 'Jonah Hill', 'Margot Robbie', 'Matthew McConaughey', 'Kyle Chandler', 'Rob Reiner', 'Jon Bernthal', 'Jon Favreau', 'Jean Dujardin', 'Joanna Lumley']",['Martin Scorsese'],180.0,2013-12-25,8.0,26289,32.6465,/kW9LmvYHAaS9iA0tHmZVq8hQYoq.jpg,/7Nwnmyzrtd0FkcRyPqmdzTPppQa.jpg,en,movie,,
4247,Scary Movie,"A familiar-looking group of teenagers find themselves being stalked by a more-than-vaguely recognizable masked killer! As the victims begin to pile up and the laughs pile on, none of your favorite scary movies escape the razor-sharp satire of this outrageously funny parody!",['Comedy'],"['high school', 'psychopath', 'garage', 'satire', 'parody', 'crude humor', 'spoof', 'slasher', 'horror spoof', 'drugs', 'aftercreditsstinger', 'weed', 'horror parody', 'absurd', 'whimsical', 'enthusiastic']","['Anna Faris', 'Regina Hall', 'Marlon Wayans', 'Shawn Wayans', 'Jon Abrahams', 'Lochlyn Munro', 'Shannon Elizabeth', 'Dave Sheridan', 'Cheri Oteri', 'Tanja Reichert']",['Keenen Ivory Wayans'],88.0,2000-07-07,6.4,8041,17.1279,/fVQFPRuw3yWXojYDJvA5EoFjUOY.jpg,/m5dA4JZsj78EBTa2D6imWOAebwB.jpg,en,movie,,
155,The Dark Knight,"Batman raises the stakes in his war on crime. With the help of Lt. Jim Gordon and District Attorney Harvey Dent, Batman sets out to dismantle the remaining criminal organizations that plague the streets. The partnership proves to be effective, but they soon find themselves prey to a reign of chaos unleashed by a rising criminal mastermind known to the terrified citizens of Gotham as the Joker.","['Action', 'Crime', 'Thriller']","['sadism', 'chaos', 'secret identity', 'crime fighter', 'superhero', 'anti hero', 'scarecrow', 'based on comic', 'vigilante', 'organized crime', 'tragic hero', 'anti villain', 'criminal mastermind', 'district attorney', 'super power', 'super villain', 'neo-noir', 'bold']","['Christian Bale', 'Heath Ledger', 'Aaron Eckhart', 'Michael Caine', 'Maggie Gyllenhaal', 'Gary Oldman', 'Morgan Freeman', 'Monique Gabriela Curnen', 'Ron Dean', 'Cillian Murphy']",['Christopher Nolan'],152.0,2008-07-16,8.534,36368,64.9427,/qJ2tW6WMUDux911r6m7haRef0WH.jpg,/dqK9Hag1054tghRQSqLSfrkvQnA.jpg,en,movie,,
12444,Harry Potter and the Deathly Hallows: Part 1,"Harry, Ron and Hermione walk away from their last year at Hogwarts to find and destroy the remaining Horcruxes, putting an end to Voldemort's bid for immortality. But with Harry's beloved Dumbledore dead and Voldemort's unscrupulous Death Eaters on the loose, the world is more dangerous than ever.","['Adventure', 'Fantasy']","['witch', 'friendship', 'london, england', 'corruption', 'based on novel or book', 'escape', 'teleportation', 'isolation', 'magic', 'bravery', 'radio', 'road trip', 'sequel', 'shelter', 'tension', 'attack', 'werewolf', 'ghost', 'road movie', 'wizard', 'christmas', 'based on young adult novel', 'depressed', 'dramatic', 'teen fantasy']","['Daniel Radcliffe', 'Emma Watson', 'Rupert Grint', 'Toby Jones', 'Helena Bonham Carter', 'Alan Rickman', 'Ralph Fiennes', 'Bill Nighy', 'Simon McBurney', 'Rhys Ifans']",['David Yates'],146.0,2010-11-17,7.733,20641,36.2039,/iGoXIpQb7Pot00EEdwpwPajheZ5.jpg,/vcrgU0KaNj5mKUCIQSUdiQwTE9y.jpg,en,movie,,
12445,Harry Potter and the Deathly Hallows: Part 2,"Harry, Ron and Hermione continue their quest to vanquish the evil Voldemort once and for all. Just as things begin to look hopeless for the young wizards, Harry discovers a trio of magical objects that endow him with powers to rival Voldemort's formidable skills.","['Adventure', 'Fantasy']","['witch', 'dying and death', 'saving the world', 'based on novel or book', 'self sacrifice', 'magic', 'school of witchcraft', 'sequel', 'sorcerer', 'school', 'battle', 'ghost', 'wizard', 'teenage hero', 'christmas', 'based on young adult novel', 'good versus evil', 'dramatic', 'appreciative', 'excited', 'teen fantasy']","['Daniel Radcliffe', 'Emma Watson', 'Rupert Grint', 'Ralph Fiennes', 'Alan Rickman', 'Michael Gambon', 'Warwick Davis', 'Helena Bonham Carter', 'Ciarán Hinds', 'Matthew Lewis']",['David Yates'],130.0,2011-07-12,8.08,22259,36.3832,/c54HpQmuwXjHq2C9wmoACjxoom3.jpg,/cbcpDn6XJaIGoOil1bKuskU8ds4.jpg,en,movie,,
161,Ocean's Eleven,"Less than 24 hours into his parole, charismatic thief Danny Ocean is already rolling out his next plan: In one night, Danny's hand-picked crew of specialists will attempt to steal more than $150 million from three Las Vegas casinos. But to score the cash, Danny risks his chances of reconciling with ex-wife, Tess.","['Thriller', 'Crime']","['casino', 'pickpocket', 'heist', 'con artist', 'remake', 'caper', 'las vegas', 'inside man', 'security guard', 'ex-wife', 'ex-con', 'card dealer', 'explosives expert', 'security system', 'casino owner', 'professional thief', 'fight night', 'master plan', 'computer hacker', 'distractions', 'museum curator', 'casino vault', 'contortionist']","['George Clooney', 'Brad Pitt', 'Andy Garcia', 'Matt Damon', 'Julia Roberts', 'Casey Affleck', 'Scott Caan', 'Don Cheadle', 'Elliott Gould', 'Eddie Jemison']",['Steven Soderbergh'],116.0,2001-12-07,7.464,12751,20.4085,/hQQCdZrsHtZyR6NbKH2YyCqd2fR.jpg,/ncoqdHs1poUaBqyKic9YI8ai7MP.jpg,en,movie,,
170,28 Days Later,"Twenty-eight days after a killer virus was accidentally unleashed from a British research facility, a small group of London survivors are caught in a desperate struggle to protect themselves from the infected. Carried by animals and humans, the virus turns those it infects into homicidal maniacs -- and it's absolutely impossible to contain.","['Horror', 'Thriller', 'Science Fiction']","['london, england', 'infection', 'outbreak', 'zombie', 'brutality', 'survival horror', 'zombie apocalypse', 'virus', 'aggressive', 'waking from coma', 'baffled', 'post-apocalyptic']","['Cillian Murphy', 'Naomie Harris', 'Brendan Gleeson', 'Megan Burns', 'Christopher Eccleston', 'Noah Huntley', 'Luke Mably', 'Stuart McQuarrie', 'Ricci Harnett', 'Leo Bill']",['Danny Boyle'],113.0,2002-10-31,7.245,8737,23.1869,/sQckQRt17VaWbo39GIu0TMOiszq.jpg,/aJFwk1clMal1prxAvKAgHxKPAf.jpg,en,movie,,
8363,Superbad,Two co-dependent high school seniors are forced to deal with separation anxiety after their plan to stage a booze-soaked party goes awry.,['Comedy'],"['high school', 'police', 'alcohol', 'chaos', 'nerd', 'coming of age', 'school', 'los angeles, california', 'drugs', 'buddy', 'one night', 'fake id', 'serene']","['Jonah Hill', 'Michael Cera', 'Christopher Mintz-Plasse', 'Bill Hader', 'Seth Rogen', 'Martha MacIsaac', 'Emma Stone', 'Aviva Baumann', 'Joe Lo Truglio', 'Kevin Corrigan']",['Greg Mottola'],113.0,2007-08-17,7.269,8257,20.2179,/ek8e8txUyUwd2BNqj6lFEerJfbq.jpg,/coru98UcFBzJIU7bxZguxaePgu0.jpg,en,movie,,
254128,San Andreas,"In the aftermath of a massive earthquake in California, a rescue-chopper pilot makes a dangerous journey across the state in order to rescue his estranged daughter.","['Action', 'Drama', 'Thriller']","['california', 'san francisco, california', 'looting', 'earthquake', 'tsunami', 'disaster', 'los angeles, california', 'helicopter pilot', 'scientist', 'teenage daughter', 'seismologist', 'catastrophe', 'disaster movie', 'divorced couple', 'san andreas, california', 'helicopter crash', 'mass destruction', 'rescue operation', 'tectonic plates', 'hoover dam', 'search and rescue', 'lafd - los angeles fire department', 'aftershocks']","['Dwayne Johnson', 'Alexandra Daddario', 'Carla Gugino', 'Ioan Gruffudd', 'Archie Panjabi', 'Paul Giamatti', 'Hugo Johnstone-Burt', 'Art Parkinson', 'Will Yun Lee', 'Kylie Minogue']",['Brad Peyton'],114.0,2015-05-27,6.249,9130,22.8428,/2Gfjn962aaFSD6eST6QU3oLDZTo.jpg,/zcySy6dnSmyqiichtDgO7AEeZoq.jpg,en,movie,,
1439930,The Punisher: One Last Kill,"As Frank Castle searches for meaning beyond revenge, an unexpected force pulls him back into the fight.","['Action', 'Drama', 'Crime']","['new york city', 'post-traumatic stress disorder (ptsd)', 'gun', 'anti hero', 'hallucination', 'based on comic', 'revenge', 'one man army', 'death of family', 'mental health', 'marvel cinematic universe (mcu)', 'hunted', 'aggressive', 'vigilante justice']","['Jon Bernthal', 'Deborah Ann Woll', 'Jason R. Moore', 'Judith Light', 'Kelli Barrett', 'Andre Royo', 'John Douglas Thompson', 'Colton Hill', 'Nick Koumalatsos', 'Addie Bernthal']",['Reinaldo Marcus Green'],51.0,2026-05-12,8.297,2051,76.7083,/qQclTgLMDvGBuUBFGHRipxkEwWR.jpg,/qO55CD8tgVL1T4WKn6zYFFiD6lL.jpg,en,movie,,
755898,War of the Worlds,"Will Radford is a top analyst for Homeland Security who tracks potential threats through a mass surveillance program, until one day an attack by an unknown entity leads him to question whether the government is hiding something from him... and from the rest of the world.","['Science Fiction', 'Thriller']","['government', 'attack', 'privacy', 'surveillance', 'found footage', 'cybersecurity', 'district', 'online privacy', 'screenlife', 'war']","['Ice Cube', 'Eva Longoria', 'Clark Gregg', 'Iman Benson', 'Henry Hunter Hall', 'Devon Bostick', 'Andrea Savage', 'Nicole Pulliam', ""Michael O'Neill"", 'Jim Meskimen']",['Rich Lee'],91.0,2025-07-29,4.08,1068,64.2874,/yvirUYrva23IudARHn3mMGVxWqM.jpg,/iZLqwEwUViJdSkGVjePGhxYzbDb.jpg,en,movie,,
512200,Jumanji: The Next Level,"As the gang return to Jumanji to rescue one of their own, they discover that nothing is as they expect. The players will have to brave parts unknown and unexplored in order to escape the world’s most dangerous game.","['Adventure', 'Comedy', 'Fantasy']","['based on novel or book', 'magic', 'animal attack', 'sequel', 'body-swap', 'adventurer', 'superhuman strength', 'duringcreditsstinger', 'kids', 'action hero', 'trapped in a game']","['Dwayne Johnson', 'Kevin Hart', 'Jack Black', 'Karen Gillan', 'Awkwafina', 'Nick Jonas', 'Alex Wolff', 'Morgan Turner', 'Madison Iseman', ""Ser'Darius Blain""]",['Jake Kasdan'],123.0,2019-12-04,6.871,9502,19.5393,/jyw8VKYEiM1UDzPB7NsisUgBeJ8.jpg,/qgch2rFskIxDMgwrD5lWTaB4nBl.jpg,en,movie,,
1630409,The Debt Collector,"Tormented by past mistakes and a terminal diagnosis, an ex-debt collector returns to the underworld to protect the victims of a violent organization.","['Action', 'Thriller', 'Crime']",[],"['Nadech Kugimiya', 'Pittaya Saechua', 'Chaiwat Thongsaeng', 'Nuanprang Treechit', 'Jonathan Holman', 'Ploypaphas Fonkaewsiwaporn', 'Kunkanit Khumkrong', 'Nuttanun Kunnawatt', 'Paphon Jirahitapat', 'Saichia Wongwirot']",['Surapong Ploensang'],134.0,2026-07-20,7.909,88,105.2029,/qADBUb5ybrkRVGZEFF8Z4RuOwys.jpg,/dk68ykaNd3HdrDJyPJqEGsgvag7.jpg,th,movie,,
2251,Unfaithful,A New York suburban couple's marriage goes dangerously awry when the wife indulges in an adulterous fling.,"['Thriller', 'Drama', 'Romance']","['adultery', 'infidelity', 'new york city', 'literature', 'eroticism', 'lover', 'erotic thriller']","['Diane Lane', 'Richard Gere', 'Olivier Martinez', 'Erik Per Sullivan', 'Željko Ivanek', 'Gary Basaraba', 'Kate Burton', 'Margaret Colin', 'Chad Lowe', 'Dominic Chianese']",['Adrian Lyne'],124.0,2002-05-10,6.715,1773,19.4984,/bjiHEhuiwhIygzjczbTPAA07cGc.jpg,/egVj5Y9f79xPnyAQJmeDR0Uwow3.jpg,en,movie,,
207,Dead Poets Society,"At an elite, old-fashioned boarding school in New England, a passionate English teacher inspires his students to rebel against convention and seize the potential of every day, courting the disdain of the stern headmaster.",['Drama'],"['individual', 'friendship', 'philosophy', 'poetry', 'literature', 'professor', 'coming of age', 'teacher', 'school play', 'new england', 'vermont', 'schoolteacher', 'preparatory school', '1950s', 'teenager']","['Robin Williams', 'Robert Sean Leonard', 'Ethan Hawke', 'Josh Charles', 'Gale Hansen', 'Dylan Kussman', 'Allelon Ruggiero', 'James Waterston', 'Norman Lloyd', 'Kurtwood Smith']",['Peter Weir'],129.0,1989-06-02,8.297,12815,27.532,/tNvKkSnnn4Z6RCBThyK1gfCSSvv.jpg,/lFIXZpwwlF9hg8NM3RazaIJDuaj.jpg,en,movie,,
218,The Terminator,"In the post-apocalyptic future, reigning tyrannical supercomputers teleport a cyborg assassin known as the ""Terminator"" back to 1984 to kill Sarah Connor, whose unborn son is destined to lead insurgents against 21st century mechanical hegemony. Meanwhile, the human-resistance movement dispatches a lone warrior to safeguard Sarah. Can he stop the virtually indestructible killing machine?","['Action', 'Thriller', 'Science Fiction']","['man vs machine', 'artificial intelligence (a.i.)', 'saving the world', 'laser gun', 'cyborg', 'killer robot', 'shotgun', 'rebel', 'dystopia', 'villain', 'time travel', 'female protagonist', 'los angeles, california', 'urban setting', 'future war', 'savior', 'tech noir', 'time paradox', 'action hero', 'griffith observatory', 'good versus evil', 'murders']","['Arnold Schwarzenegger', 'Michael Biehn', 'Linda Hamilton', 'Paul Winfield', 'Lance Henriksen', 'Rick Rossovich', 'Bess Motta', 'Earl Boen', 'Dick Miller', 'Shawn Schepps']",['James Cameron'],108.0,1984-10-26,7.687,14908,33.2484,/qvktm0BHcnmDpul4Hz01GIazWPr.jpg,/ffdqHMWkh1h9MABwIfbfRJhgFW6.jpg,en,movie,,
135397,Jurassic World,"Twenty-two years after the events of Jurassic Park, Isla Nublar now features a fully functioning dinosaur theme park, Jurassic World, as originally envisioned by John Hammond.","['Adventure', 'Science Fiction', 'Thriller', 'Action']","['island', 'primal fear', 'escape', 'velociraptor', 'dna', 'tyrannosaurus rex', 'animal attack', 'sequel', 'dinosaur', 'creature', 'park', 'amusement park', 'theme park', 'genetic engineering', 'nostalgic', 'raptor', 'animal horror', 'playful', 'jungle adventure', 'mosasaurus', 'excited', 'exhilarated']","['Chris Pratt', 'Bryce Dallas Howard', 'Irrfan Khan', ""Vincent D'Onofrio"", 'Ty Simpkins', 'Nick Robinson', 'Jake Johnson', 'Omar Sy', 'BD Wong', 'Judy Greer']",['Colin Trevorrow'],124.0,2015-06-06,6.703,21788,21.5277,/rhr4y79GpxQF9IsfJItRXVaoGs4.jpg,/dF6FjTZzRTENfB4R17HDN20jLT2.jpg,en,movie,,
238,The Godfather,"Spanning the years 1945 to 1955, a chronicle of the fictional Italian-American Corleone crime family. When organized crime family patriarch, Vito Corleone barely survives an attempt on his life, his youngest son, Michael steps in to take care of the would-be killers, launching a campaign of bloody revenge.","['Drama', 'Crime']","['based on novel or book', 'loss of loved one', 'love at first sight', 'italy', 'gangster', 'symbolism', 'patriarch', 'europe', 'organized crime', 'mafia', 'religion', 'revenge motive', 'crime family', 'sicilian mafia', 'religious hypocrisy', 'gun violence', 'rise to power', 'gang violence', '1940s', '1950s', 'mafia war']","['Marlon Brando', 'Al Pacino', 'James Caan', 'Robert Duvall', 'Richard S. Castellano', 'Diane Keaton', 'Talia Shire', 'Gianni Russo', 'Sterling Hayden', 'John Marley']",['Francis Ford Coppola'],175.0,1972-03-14,8.686,23330,53.7827,/3bhkrj58Vtu7enYsRolD1fZdja1.jpg,/tSPT36ZKlP2WVHJLM4cQPLSzv3b.jpg,en,movie,,
240,The Godfather Part II,"In the continuing saga of the Corleone crime family, a young Vito Corleone grows up in Sicily and in 1910s New York. In the 1950s, Michael Corleone attempts to expand the family business into Las Vegas, Hollywood and Cuba.","['Drama', 'Crime']","[""new year's eve"", 'new york city', 'based on novel or book', 'italian american', 'cuba', 'italy', 'gangster', 'praise', 'blackmail', 'symbolism', 'senator', 'sequel', 'revenge', 'murder', 'betrayal', 'organized crime', 'extortion', 'mafia', 'lawyer', 'suburb', 'sicilian mafia', 'corrupt politician', '1950s', 'new year', 'violence']","['Al Pacino', 'Robert Duvall', 'Diane Keaton', 'Robert De Niro', 'John Cazale', 'Talia Shire', 'Lee Strasberg', 'Michael V. Gazzo', 'G.D. Spradlin', 'Richard Bright']",['Francis Ford Coppola'],202.0,1974-12-20,8.6,14167,34.6694,/sSuQTCZwqKrNBNIsksO9IAUoWP9.jpg,/kGzFbGhp99zva6oZODW5atUtnqi.jpg,en,movie,,
1612018,Jackass: Best and Last,The fifth and final installment to Jackass franchise where the crew go on one last insane crusade.,"['Action', 'Comedy', 'Documentary']","['stunt', 'sequel', 'prank', 'hilarious', 'jackass']","['Johnny Knoxville', 'Steve-O', 'Chris Pontius', ""Jason 'Wee Man' Acuña"", 'Dave England', 'Preston Lacy', 'Ehren McGhehey', 'Bam Margera', 'Sean McInerney', ""Davon 'Jasper' Wilson""]",['Jeff Tremaine'],92.0,2026-06-25,7.6,106,53.6942,/tfgccePxnswMqhmtxafliLlcCVR.jpg,/dUbP1HNdI0aCq1zgRJw28PWSqmk.jpg,en,movie,,
315635,Spider-Man: Homecoming,"Following the events of Captain America: Civil War, Peter Parker, with the help of his mentor Tony Stark, tries to balance his life as an ordinary high school student in Queens, New York City, with fighting crime as his superhero alter ego Spider-Man as a new threat, the Vulture, emerges.","['Action', 'Adventure', 'Science Fiction']","['high school', 'new york city', 'washington dc, usa', 'secret identity', 'superhero', 'based on comic', 'coming of age', 'reboot', 'aftercreditsstinger', 'duringcreditsstinger', 'marvel cinematic universe (mcu)', 'masked superhero', 'teen superhero', 'cliché', 'straightforward']","['Tom Holland', 'Michael Keaton', 'Robert Downey Jr.', 'Marisa Tomei', 'Jon Favreau', 'Gwyneth Paltrow', 'Zendaya', 'Donald Glover', 'Jacob Batalon', 'Laura Harrier']",['Jon Watts'],133.0,2017-07-05,7.332,23598,210.6267,/c24sv2weTHPsmDa7jEMN0m2P3RT.jpg,/fn4n6uOYcB6Uh89nbNPoU2w80RV.jpg,en,movie,,
10494,Perfect Blue,"Rising pop star Mima Kirigoe quits singing to pursue a career as an actress. After she takes up a role on a popular detective show, her handlers and collaborators begin turning up murdered. Harboring feelings of guilt and haunted by visions of her former self, Mima's reality and fantasy meld into a frenzied paranoia.","['Animation', 'Thriller']","['career', 'rape', 'based on novel or book', 'paranoia', 'stalker', 'celebrity', 'singer', 'stalking', 'fame', 'female protagonist', 'psychological thriller', 'mental illness', 'madness', 'split personality', 'adult animation', 'literary adaptation', 'j-pop', 'celebrity worship', 'anime', 'aspiring actress', 'idolatry', 'suspense', 'psychological horror', 'avant garde', 'psychological drama', 'intense']","['Junko Iwao', 'Rica Matsumoto', 'Shiho Niiyama', 'Masaaki Okura', 'Shinpachi Tsuji', 'Emiko Furukawa', 'Yosuke Akimoto', 'Yoku Shioya', 'Hideyuki Hori', 'Emi Shinohara']",['Satoshi Kon'],81.0,1998-02-28,8.3,3288,19.6484,/6WTiOCfDPP8XV4jqfloiVWf7KHq.jpg,/mHG7dpLb0ZScSY3LpP443IHRmjy.jpg,ja,movie,,
991494,The SpongeBob Movie: Search for SquarePants,"Desperate to be a big guy, SpongeBob sets out to prove his bravery to Mr. Krabs by following The Flying Dutchman – a mysterious swashbuckling ghost pirate – on a seafaring adventure that takes him to the deepest depths of the deep sea, where no Sponge has gone before.","['Adventure', 'Animation', 'Comedy', 'Family', 'Fantasy']","['sequel', 'based on cartoon', 'pirate', 'based on tv series', '3d animation', 'casual', 'underworld', 'adoring', 'amused', 'cheerful', 'familiar']","['Tom Kenny', 'Clancy Brown', 'Rodger Bumpass', 'Bill Fagerbakke', 'Carolyn Lawrence', 'Mr. Lawrence', 'George López', 'Ice Spice', 'Arturo Castro', 'Sherry Cola']",['Derek Drymon'],88.0,2025-12-16,6.8,337,20.4895,/xJnOMMsFASxNiFnG7v3TNIQ3ife.jpg,/pMxO1beNNFYMDM7RcDyKW5Wheuz.jpg,en,movie,,
1124620,The Monkey,"When twin brothers find a mysterious wind-up monkey, a series of outrageous deaths tear their family apart. Twenty-five years later, the monkey begins a new killing spree forcing the estranged brothers to confront the cursed toy.","['Horror', 'Comedy']","['sibling relationship', 'shotgun', 'supernatural', 'drums', 'harpoon', 'dark comedy', 'gore', 'twin brother', 'maine', 'decapitation', 'accidental death', 'wasp', 'monkey', 'exploding body', 'death', 'evil', 'evil twin', 'based on short story', 'macabre', 'dual role', 'aftercreditsstinger', 'cursed', '1990s', 'father son relationship', 'mother son relationship', 'brother brother relationship', 'toy monkey', 'supernatural horror', 'toy', 'body horror', 'cursed object', 'horror', 'japanese restaurant', 'father son estrangement']","['Theo James', 'Tatiana Maslany', 'Christian Convery', ""Colin O'Brien"", 'Adam Scott', 'Elijah Wood', 'Rohan Campbell', 'Sarah Levy', 'Osgood Perkins', 'Nicco Del Rio']",['Osgood Perkins'],97.0,2025-02-10,5.967,1411,18.519,/aGDekyIb0yfmnuLZciCozRPk2TE.jpg,/cjZ7No0DX2L3ielLSoUOMYPw7C.jpg,en,movie,,
1122573,In the Grey,"A covert team of elite operatives are living in the shadows. When a ruthless despot steals a billion-dollar fortune, they're sent to take it back—an impossible heist that erupts into a deadly game of strategy, deception and survival.","['Action', 'Thriller']","['mission', 'heist', 'agent', 'dangerous mission', 'irreverent', 'provocative', 'audacious', 'enthusiastic', 'sarcastic']","['Henry Cavill', 'Jake Gyllenhaal', 'Eiza González', 'Carlos Bardem', 'Michael Vu', 'Fisher Stevens', 'Rosamund Pike', 'Mohammed Al Turki', 'Kojo Attah', 'Jason Wong']",['Guy Ritchie'],97.0,2026-05-13,7.6,696,41.794,/dQgIcW6Th08kMRf2HBoYWoFE6OD.jpg,/qcIKxhqGMIj8uujsSoSMZWr8QqU.jpg,en,movie,,
272,Batman Begins,"Driven by tragedy, billionaire Bruce Wayne dedicates his life to uncovering and defeating the corruption that plagues his home, Gotham City.  Unable to work within the system, he instead creates a new identity, a symbol of fear for the criminal underworld - The Batman.","['Drama', 'Crime', 'Action']","['martial arts', 'undercover', 'loss of loved one', 'secret identity', 'crime fighter', 'superhero', 'based on comic', 'rivalry', 'ninja', 'vigilante', 'tragic hero', 'super power', 'haunted by the past', 'evil doctor', 'master villain', 'unfulfilled love', 'inspirational']","['Christian Bale', 'Michael Caine', 'Liam Neeson', 'Katie Holmes', 'Gary Oldman', 'Cillian Murphy', 'Tom Wilkinson', 'Rutger Hauer', 'Ken Watanabe', 'Mark Boone Junior']",['Christopher Nolan'],140.0,2005-06-10,7.729,22945,29.2,/sPX89Td70IDDjVr85jdSBb4rWGr.jpg,/9IIBboV7MCT0bTxzXHmWK1Hq558.jpg,en,movie,,
1368337,The Odyssey,"Odysseus, the legendary King of Ithaca, embarks on a long and perilous journey home following the Trojan War. Throughout his voyage, he is forced to confront the whims of gods, mythological monsters, and trials that stretch both his cunning and his humanity to the breaking point.","['Adventure', 'Action', 'Fantasy']","['ship', 'trojan war', 'greek mythology', 'historical fiction', 'ancient world', 'period drama', 'based on song, poem or rhyme', 'greek history', 'voyage', 'peplum', 'ancient', 'trojan horse', 'mediterranean sea', 'bronze age', 'mythical', 'odyssey', 'sword and sandal', 'epic fantasy']","['Matt Damon', 'Tom Holland', 'Anne Hathaway', 'Robert Pattinson', 'Himesh Patel', 'Charlize Theron', 'John Leguizamo', 'Travis Scott', 'Corey Hawkins', 'Jarreth J. Merz']",['Christopher Nolan'],173.0,2026-07-15,8.0,2681,862.2605,/5rhTDKUhPYvpdQIijFIs5VoWsON.jpg,/RMXG8myu1aGlNUsRjtxzmpdMK0.jpg,en,movie,,
1659155,The Truthers,"After her mother's sudden death, Ruth returns to her hometown and reunites with her father, whose odd behavior makes her question what really happened.","['Thriller', 'Drama', 'Mystery']",['psychological thriller'],"['Jose Coronado', 'Stéphanie Magnin', 'Fanny Gautier', 'Alberto Olmo', 'Israel Ruiz', 'Mabel del Pozo', 'Celine Fortenbacher', 'Olaya Lopez', 'Armando Pita', 'Ana Casado']",['Roger Gual'],106.0,2026-07-24,5.845,74,19.868,/ltuAheARdaUHbaS8lX1ZPrNOXe5.jpg,/2kQ71k6dq7DVNYuYY9ylNvRFKTv.jpg,es,movie,,
278,The Shawshank Redemption,"Imprisoned in the 1940s for the double murder of his wife and her lover, upstanding banker Andy Dufresne begins a new life at the Shawshank prison, where he puts his accounting skills to work for an amoral warden. During his long stretch in prison, Dufresne comes to be admired by the other inmates -- including an older prisoner named Red -- for his integrity and unquenchable sense of hope.","['Drama', 'Crime']","['prison', 'friendship', 'police brutality', 'corruption', 'based on novel or book', 'freedom', 'hope', 'prison cell', 'delinquent', 'redemption', 'parole board', 'prison escape', 'wrongful imprisonment', 'interracial friendship', 'framed for murder', '1940s', 'voiceover', 'epic']","['Tim Robbins', 'Morgan Freeman', 'Bob Gunton', 'William Sadler', 'Clancy Brown', 'Gil Bellows', 'James Whitmore', 'Mark Rolston', 'Jeffrey DeMunn', 'Larry Brandenburg']",['Frank Darabont'],142.0,1994-09-23,8.727,31008,58.1371,/9cqNxx0GxF0bflZmeSMuL5tnGzr.jpg,/zfbjgQE1uSd9wiPTX4VzsLi0rGG.jpg,en,movie,,
280,Terminator 2: Judgment Day,"Ten years after the events of the original, a reprogrammed T-800 is sent back in time to protect young John Connor from the shape-shifting T-1000. Together with his mother Sarah, he fights to stop Skynet from triggering a nuclear apocalypse.","['Action', 'Thriller', 'Science Fiction']","['man vs machine', 'artificial intelligence (a.i.)', 'cyborg', 'shotgun', 'dystopia', 'moral ambiguity', 'post-apocalyptic future', 'villain', 'time travel', 'sequel', 'mental institution', 'juvenile delinquent', 'fictional war', 'urban setting', 'troubled teen', 'morphing', 'nuclear weapons', 'shape shifter', 'savior', 'catch phrase', 'action hero', 'good versus evil', 'suspenseful']","['Arnold Schwarzenegger', 'Linda Hamilton', 'Edward Furlong', 'Robert Patrick', 'Earl Boen', 'Joe Morton', 'S. Epatha Merkerson', 'Castulo Guerra', 'Danny Cooksey', 'Jenette Goldstein']",['James Cameron'],137.0,1991-07-03,8.161,14628,25.3271,/jFTVD4XoWQTcg7wdyJKa8PEds5q.jpg,/izkMjmhauFx9DjoBQqM5sM5WAwE.jpg,en,movie,,
285,Pirates of the Caribbean: At World's End,"After losing Captain Jack Sparrow to the locker of Davy Jones, Will Turner, Elizabeth Swann, and Captain Barbossa journey to the ends of the earth to rescue him. And as the East India Trading Company tightens its grip on the seas under Lord Cutler Beckett—now in control of Davy Jones—the fate of piracy hangs by a thread. Now, they must unite the pirate lords for one final stand. But as loyalties are tested and alliances shift, each must ultimately choose where they stand in the battle for freedom on the high seas.","['Adventure', 'Fantasy', 'Action']","['exotic island', 'strong woman', ""love of one's life"", 'afterlife', 'traitor', 'singapore', 'shipwreck', 'sequel', 'sword fight', 'pirate', 'monkey', 'swashbuckler', 'flying dutchman', 'rum', 'sailing ship', 'aftercreditsstinger', 'british navy', 'mass hanging', 'playful', 'based on theme park ride', 'whimsical', 'celebratory', 'excited', 'joyful']","['Johnny Depp', 'Geoffrey Rush', 'Orlando Bloom', 'Keira Knightley', 'Jack Davenport', 'Bill Nighy', 'Jonathan Pryce', 'Lee Arenberg', 'Mackenzie Crook', 'Kevin McNally']",['Gore Verbinski'],169.0,2007-05-19,7.277,15697,23.8273,/jGWpG4YhpQwVmjyHEGkxEkeRf0S.jpg,/1jHxkVXMI5s3vRiyiZooUy1shB5.jpg,en,movie,,
1317149,I Swear,"Diagnosed with Tourette Syndrome at 15, John Davidson navigates his way against the odds through troubled teenage years and into adulthood, finding inspiration in the kindness of others to discover his true purpose in life.","['Drama', 'History']","['scotland', 'dark comedy', 'biography', 'based on true story', 'alienation', 'outcast', 'tourette syndrome', 'docudrama', '1980s', '1990s', 'triumph over adversity', 'based on real person', 'tragedy drama']","['Robert Aramayo', 'Maxine Peake', 'Peter Mullan', 'Shirley Henderson', 'Scott Ellis Watson', 'David Carlyle', 'Francesco Piacentini-Smith', 'Somerled Campbell', 'Michael Dylan', 'Christina Ashford']",['Kirk Jones'],121.0,2025-09-22,8.233,451,20.283,/vUwyhNWBKkSwK8ELvEeBRwV724h.jpg,/4mKczHAW4XPDXGk7V5k7Ui3dgUk.jpg,en,movie,,
1716513,Extreme Makeover: Homer Edition,"Homer and Marge's fun couples' date night goes off the rails when Marge learns Homer left the kids unsupervised with only the doorbell camera as a babysitter. Frustrated with her imperfect husband, a tipsy Marge stirs up a trilogy of fantasies of a different Homer.","['Animation', 'Comedy', 'Family']","['adult animation', 'special']","['Dan Castellaneta', 'Julie Kavner', 'Nancy Cartwright', 'Yeardley Smith', 'Harry Shearer', 'Hank Azaria', 'Betty Gilpin', 'Jon Hamm', 'Laufey', 'Tegan Quin']","['Matthew Nastuk', 'Timothy Bailey']",48.0,2026-06-17,7.19,63,26.3046,/vim76mMXig00YRxN2iGYJASoGkP.jpg,/4bW2662ZiJhJmK4IseCReVzgZ3C.jpg,en,movie,,
37165,The Truman Show,"In a picture-perfect seaside town, an insurance salesman begins to realize that his entire existence may be staged and observed by a vast unseen audience as part of a long-running real-time reality TV show.","['Comedy', 'Drama']","['escape', 'paranoia', 'dystopia', 'dark comedy', 'suspicion', 'video surveillance', 'deception', 'hidden camera', 'simulated reality ', 'television producer', 'tv show in film', 'make believe', 'actor']","['Jim Carrey', 'Laura Linney', 'Noah Emmerich', 'Natascha McElhone', 'Holland Taylor', 'Ed Harris', 'Paul Giamatti', 'Brian Delate', 'Peter Krause', 'Blair Slater']",['Peter Weir'],103.0,1998-06-04,8.156,20603,26.805,/vuza0WqY239yBXOadKlGwJsZJFE.jpg,/aCHn2TXYJfzPXQKA6r9mKPbMlUB.jpg,en,movie,,
1311031,Demon Slayer: Kimetsu no Yaiba Infinity Castle,"The Demon Slayer Corps are drawn into the Infinity Castle, where Tanjiro, Nezuko, and the Hashira face terrifying Upper Rank demons in a desperate fight as the final battle against Muzan Kibutsuji begins.","['Animation', 'Action', 'Fantasy']","['supernatural', 'sequel', 'based on manga', 'demon', 'shounen', 'anime', 'brother sister relationship', 'taisho period']","['Natsuki Hanae', 'Takahiro Sakurai', 'Akira Ishida', 'Hiro Shimono', 'Yoshimasa Hosoya', 'Saori Hayami', 'Mamoru Miyano', 'Reina Ueda', 'Yuichi Nakamura', 'Lynn']",['Haruo Sotozaki'],156.0,2025-07-18,8.701,1803,126.2866,/fWVSwgjpT2D78VUh6X8UBd2rorW.jpg,/1RgPyOhN4DRs225BGTlHJqCudII.jpg,ja,movie,,
698687,Transformers One,"The untold origin story of Optimus Prime and Megatron, better known as sworn enemies, but once were friends bonded like brothers who changed the fate of Cybertron forever.","['Animation', 'Science Fiction', 'Adventure', 'Family']","['based on toy', 'giant robot', 'aftercreditsstinger', 'duringcreditsstinger', 'buddy movie', 'brothers-in-arms relationship', 'origin story', '3d animation', 'alien robot']","['Chris Hemsworth', 'Brian Tyree Henry', 'Scarlett Johansson', 'Keegan-Michael Key', 'Jon Hamm', 'Steve Buscemi', 'Laurence Fishburne', 'Vanessa Liguori', 'Jon Bailey', 'Jason Konopisos-Alvarez']",['Josh Cooley'],104.0,2024-09-11,7.976,1719,22.708,/iRCgqpdVE4wyLQvGYU3ZP7pAtUc.jpg,/cMfokHWle5lfCreoV08cbmkKv6G.jpg,en,movie,,
1339713,Obsession,"After breaking the mysterious ""One Wish Willow"" to win his crush's heart, a hopeless romantic finds himself getting exactly what he asked for but soon discovers that some desires come at a dark, sinister price.","['Horror', 'Thriller']","['obsession', 'supernatural', 'possession', 'wish', 'unrequited love', 'couple', 'grim', 'absurdism', 'self-harm', 'supernatural horror', 'psychological', 'independent film', 'psychological horror', 'cursed object']","['Michael Johnston', 'Inde Navarrette', 'Cooper Tomlinson', 'Megan Lawless', 'Andy Richter', 'Haley Fitzgerald', 'Darin Toonder', 'Anthony Pavone', 'Justice', 'Anthony Casabianca']",['Curry Barker'],109.0,2026-05-13,8.23,4605,293.7814,/bRwnj8WEKBCvmfeUNOukJPwB43K.jpg,/rZfmzpixLKLR3Hg2u0WgC7XLFl8.jpg,en,movie,,
168259,Furious 7,Deckard Shaw seeks revenge against Dominic Toretto and his family for his comatose brother.,"['Action', 'Crime', 'Thriller']","['car race', 'speed', 'sequel', 'street race', 'revenge', 'race', 'cars', 'suspenseful', 'admiring', 'excited', 'sympathetic']","['Vin Diesel', 'Paul Walker', 'Dwayne Johnson', 'Michelle Rodriguez', 'Tyrese Gibson', 'Ludacris', 'Jordana Brewster', 'Jason Statham', 'Kurt Russell', 'Nathalie Emmanuel']",['James Wan'],138.0,2015-04-01,7.2,11416,19.6688,/ktofZ9Htrjiy0P6LEowsDaxd3Ri.jpg,/ehzI1mVcnHqB58NqPyQwpMqcVoz.jpg,en,movie,,
39254,Real Steel,"Charlie Kenton is a washed-up fighter who retired from the ring when robots took over the sport. After his robot is trashed, he reluctantly teams up with his estranged son to rebuild and train an unlikely contender.","['Action', 'Science Fiction', 'Drama']","['future', 'sports', 'parent child relationship', 'fight', 'robot', 'prizefight', 'father son reunion', 'robot fighting', 'boxing', '2020s']","['Hugh Jackman', 'Dakota Goyo', 'Evangeline Lilly', 'Kevin Durand', 'Anthony Mackie', 'Hope Davis', 'James Rebhorn', 'Karl Yune', 'Sophie Levy', 'Tess Levy']",['Shawn Levy'],127.0,2011-09-28,7.132,9424,30.8772,/4GIeI5K5YdDUkR3mNQBoScpSFEf.jpg,/pjlxrd646cBYznHoPBWTzz6FujX.jpg,en,movie,,
1212763,Evil Dead Burn,"After her husband's abrupt death, Alice seeks solace with his remaining family — descendants of a leading researcher on demonic possession. As her in-laws transform one by one into creatures that feed on fear, she comes to discover that the vows she took in life survive even in death.",['Horror'],"['funeral', 'widow', 'supernatural', 'possession', 'dysfunctional family', 'sequel', 'grief', 'spirit', 'demon', 'spin off', 'family', 'book of the dead', 'evil dead', 'demonic possession', 'death of husband', 'abusive husband', 'supernatural horror', 'body horror', 'ghoulish', 'tragic']","['Souheila Yacoub', 'Tandi Wright', 'Hunter Doohan', 'Luciane Buchanan', 'Erroll Shand', 'Maude Davey', 'George Pullar', 'Greta van den Brink', 'Keanu Karim', 'Victory Ndukwe']",['Sébastien Vaniček'],110.0,2026-07-07,7.908,994,271.5888,/uRxrNXQWkHoENm3nwVOZDYSCx2F.jpg,/o0jkkpcN81QqSl8DMLScBCXyUH9.jpg,en,movie,,
348,Alien,"During its return to the earth, commercial spaceship Nostromo intercepts a distress signal from a distant planet. When a three-member team of the crew discovers a chamber containing thousands of eggs on the planet, a creature inside one of the eggs attacks an explorer. The entire crew is unaware of the impending nightmare set to descend upon them when the alien parasite planted inside its unfortunate host is birthed.","['Horror', 'Science Fiction']","['android', 'spacecraft', 'space marine', 'biology', 'dystopia', 'countdown', 'space suit', 'beheading', 'space travel', 'cowardice', 'alien', 'space', 'female protagonist', 'parasite', 'space opera', 'cosmos']","['Tom Skerritt', 'Sigourney Weaver', 'Veronica Cartwright', 'Harry Dean Stanton', 'John Hurt', 'Ian Holm', 'Yaphet Kotto', 'Bolaji Badejo', 'Helen Horton']",['Ridley Scott'],117.0,1979-05-25,8.172,16652,26.8276,/vfrQk5IPloGg1v9Rzbh2Eg3VGyM.jpg,/AmR3JG1VQVxU8TfAvljUhfSFUOx.jpg,en,movie,,
1241436,Warfare,"A platoon of Navy SEALs embarks on a dangerous mission in Ramadi, Iraq, with the chaos and brotherhood of war retold through their memories of the event.","['War', 'Action']","['u.s. navy seal', 'docudrama', 'iraq war', 'platoon', 'desert', 'behind enemy lines', 'real time', 'rookie', 'post 9/11', '2000s']","[""D'Pharaoh Woon-A-Tai"", 'Will Poulter', 'Cosmo Jarvis', 'Kit Connor', 'Finn Bennett', 'Taylor John Smith', 'Michael Gandolfini', 'Adain Bradley', 'Noah Centineo', 'Evan Holtzman']","['Ray Mendoza', 'Alex Garland']",95.0,2025-04-09,7.075,1557,19.3786,/l39TlELomwysfsr37vrvCV6rmaQ.jpg,/30jbD8Er4aB7FbfUbyZLORMDnJN.jpg,en,movie,,
350,The Devil Wears Prada,"A young woman from the Midwest gets more than she bargained for when she moves to New York to become a writer and ends up as the assistant to the tyrannical, larger-than-life editor-in-chief of a major fashion magazine.","['Drama', 'Comedy']","['new york city', 'journalist', 'paris, france', 'based on novel or book', 'journalism', 'fashion journal', 'assistant', 'job entrant', 'job interview', 'editor-in-chief', 'fashion', 'fashion magazine', 'bullied', 'city life', 'fashion industry', 'workplace drama']","['Meryl Streep', 'Anne Hathaway', 'Emily Blunt', 'Stanley Tucci', 'Simon Baker', 'Adrian Grenier', 'Tracie Thoms', 'Rich Sommer', 'Daniel Sunjata', 'David Marshall Grant']",['David Frankel'],109.0,2006-06-29,7.44,14071,36.1368,/8912AsVuS7Sj915apArUFbv6F9L.jpg,/gkh6Nt8DtY1XT4gQsyFq9XAVJlJ.jpg,en,movie,,
10591,The Girl Next Door,"Exceptionally ambitious high schooler Matthew has aspirations for a career in politics when he falls in love with his gorgeous 19-year-old neighbor, Danielle. But Matthew's bright future is jeopardized when he finds Danielle was once a porn star. As Danielle's past catches up with her, Matthew's love for her forces him to re-evaluate his goals.","['Comedy', 'Romance']","['high school', 'porn actor', 'pornographic video', 'school party', 'blonde', 'prom', 'sexual attraction', 'teenage boy', 'porn industry', 'sex comedy', 'girl next door', 'sex video', 'loving']","['Emile Hirsch', 'Elisha Cuthbert', 'Timothy Olyphant', 'Christopher Rodriguez Marquette', 'Paul Dano', 'James Remar', 'Timothy Bottoms', 'Donna Bullock', 'Jacob Young', 'Brian Kolodziej']",['Luke Greenfield'],110.0,2004-04-09,6.752,4124,19.4503,/5mVyFHSY2rSsNgD4NfEwV82HigU.jpg,/qvcOovScPoRalRxDy50rYSYFree.jpg,en,movie,,
18785,The Hangover,"When three friends finally come to after a raucous night of bachelor-party revelry, they find a baby in the closet and a tiger in the bathroom. But they can't seem to locate their best friend, Doug – who's supposed to be tying the knot. Launching a frantic search for Doug, the trio perseveres through a nasty hangover to try to make it to the church on time.",['Comedy'],"['amnesia', 'blackjack', 'stag night', 'lost weekend', 'chapel', 'hit with tire iron', 'memory loss', 'las vegas', 'drugs', 'joyous', 'absurd', 'amused', 'cheerful', 'shaggy dog story']","['Bradley Cooper', 'Ed Helms', 'Zach Galifianakis', 'Justin Bartha', 'Heather Graham', 'Sasha Barrese', 'Jeffrey Tambor', 'Ken Jeong', 'Rachael Harris', 'Mike Tyson']",['Todd Phillips'],100.0,2009-06-02,7.336,18349,31.6964,/A0uS9rHR56FeBtpjVki16M5xxSW.jpg,/iuRVt8tFiXDPGgzavhuSa3QHRxD.jpg,en,movie,,
381284,Hidden Figures,"The untold story of Katherine G. Johnson, Dorothy Vaughan and Mary Jackson – brilliant African-American women working at NASA and serving as the brains behind one of the greatest operations in history – the launch of astronaut John Glenn into orbit. The visionary trio crossed all gender and race lines to inspire generations to dream big.","['Drama', 'History']","['nasa', 'mathematics', 'sexism', 'biography', 'racial segregation', 'racism', 'historical fiction', 'scientist', 'space race', 'discrimination', '1960s', 'space program', 'african american history', 'apologetic', 'arrogant', 'authoritarian', 'callous', 'condescending', 'disrespectful', 'frustrated']","['Taraji P. Henson', 'Octavia Spencer', 'Janelle Monáe', 'Kevin Costner', 'Kirsten Dunst', 'Jim Parsons', 'Mahershala Ali', 'Glen Powell', 'Ariana Neal', 'Saniyya Sidney']",['Theodore Melfi'],127.0,2016-12-10,8.047,10566,22.3656,/9lfz2W2uGjyow3am00rsPJ8iOyq.jpg,/rfkIeCaIHhN3K5wjJJqKmfUjYp8.jpg,en,movie,,
438631,Dune,"Paul Atreides, a brilliant and gifted young man born into a great destiny beyond his understanding, must travel to the most dangerous planet in the universe to ensure the future of his family and his people. As malevolent forces explode into conflict over the planet's exclusive supply of the most precious resource in existence - a commodity capable of unlocking humanity's greatest potential - only those who can conquer their fear will survive.","['Science Fiction', 'Adventure']","['empire', 'future', 'army', 'based on novel or book', 'prophecy', 'dystopia', 'emperor', 'sand', 'spice', 'chosen one', 'hallucinogen', 'treason', 'baron', 'revenge', 'premonition', 'betrayal', 'space', 'water shortage', 'creature', 'desert', 'knife fight', 'destiny', 'giant worm', 'space opera', 'sand dune', 'messiah', 'complex', 'mother son relationship', 'giant creature']","['Timothée Chalamet', 'Rebecca Ferguson', 'Oscar Isaac', 'Jason Momoa', 'Stellan Skarsgård', 'Stephen McKinley Henderson', 'Josh Brolin', 'Javier Bardem', 'Sharon Duncan-Brewster', 'Chang Chen']",['Denis Villeneuve'],155.0,2021-09-15,7.784,15295,39.1348,/v1tRXZ4JtD2Iv6fjkPvT4GiwslV.jpg,/h3HsfV8Kn9Sz2QWUYYdP5ya23hx.jpg,en,movie,,
1218925,Chainsaw Man - The Movie: Reze Arc,"In a brutal war between devils, hunters, and secret enemies, a mysterious girl named Reze has stepped into Denji's world, and he faces his deadliest battle yet, fueled by love in a world where survival knows no rules.","['Animation', 'Action', 'Romance', 'Fantasy']","['manipulation', 'gore', 'sequel', 'tragedy', 'loneliness', 'chainsaw', 'based on manga', 'tragic romance', 'mysterious', 'shounen', 'frantic', 'anime', 'philosophical', 'dark romance', 'complex', 'thought provoking', 'loving', 'introspective', 'serious', 'depressed', 'dramatic', 'romantic', 'bitter', 'awestruck', 'distressing', 'excited', 'exhilarated', 'foreboding', 'ominous', 'optimistic', 'sympathetic', 'vibrant']","['Kikunosuke Toya', 'Tomori Kusunoki', 'Reina Ueda', 'Shogo Sakata', 'Karin Takahashi', 'Fairouz Ai', 'Natsuki Hanae', 'Maaya Uchida', 'Yuuya Uchida', 'Shiori Izawa']",['Tatsuya Yoshihara'],100.0,2025-09-19,8.5,1103,37.9413,/crBfxNvvsQV3rATX12EuX4W9ECo.jpg,/fr7F7156W8A5lSvrqHwNjtyrmLG.jpg,ja,movie,,
1284465,The Death of Robin Hood,"Grappling with his past after a life of crime and murder, Robin Hood finds himself gravely injured after a battle he thought would be his last. In the hands of a mysterious woman, he is offered a chance at salvation.","['Adventure', 'Drama', 'Action']","['robin hood', 'based on myths, legends or folklore', 'grim', 'salvation', 'grimdark']","['Hugh Jackman', 'Jodie Comer', 'Bill Skarsgård', 'Murray Bartlett', 'Noah Jupe', 'Jade Croot', 'Faith Delaney', 'Tabitha Smyth', 'Beau Thompson', 'Alfie Lawless']",['Michael Sarnoski'],123.0,2026-06-18,6.296,203,261.4544,/92Tsfx7SFafOqWsotvrlJbHyehd.jpg,/lh3BDkmWJh998n4fQcHYcVi7dpm.jpg,en,movie,,
49521,Man of Steel,"A young boy learns that he has extraordinary powers and is not of this earth. As a young man, he journeys to discover where he came from and what he was sent here to do. But the hero in him must emerge if he is to save the world from annihilation and become the symbol of hope for all mankind.","['Action', 'Adventure', 'Science Fiction']","['saving the world', 'flying', 'hope', 'superhero', 'based on comic', 'alien planet', 'superhuman', 'alien invasion', 'super power', 'mysterious force', 'reboot', 'save the day', 'dc extended universe (dceu)', 'save the planet', 'origin story', 'alien spaceship', 'defiant']","['Henry Cavill', 'Amy Adams', 'Michael Shannon', 'Diane Lane', 'Russell Crowe', 'Antje Traue', 'Harry Lennix', 'Richard Schiff', 'Christopher Meloni', 'Kevin Costner']",['Zack Snyder'],143.0,2013-06-12,6.657,16450,24.4205,/8GFtkImmK0K1VaUChR0n9O61CFU.jpg,/j2MlEEpA3wgwQiJB6p1UHC50oiw.jpg,en,movie,,
156022,The Equalizer,"McCall believes he has put his mysterious past behind him and dedicated himself to beginning a new, quiet life. But when he meets Teri, a young girl under the control of ultra-violent Russian gangsters, he can’t stand idly by – he has to help her. Armed with hidden skills that allow him to serve vengeance against anyone who would brutalize the helpless, McCall comes out of his self-imposed retirement and finds his desire for justice reawakened. If someone has a problem, if the odds are stacked against them, if they have nowhere else to turn, McCall will help. He is The Equalizer.","['Thriller', 'Action', 'Crime']","['assassin', 'corruption', 'hitman', 'call girl', 'sadism', 'hostage', 'gangster', 'fbi', 'gore', 'remake', 'sociopath', 'revenge', 'vigilante', 'organized crime', 'teenage prostitute', 'commando', 'interrogation', 'surveillance', 'fake death', 'ex soldier', 'loner', 'black ops', 'hand to hand combat', 'mysterious past', 'vigilante justice', 'callous']","['Denzel Washington', 'Marton Csokas', 'Chloë Grace Moretz', 'David Harbour', 'Haley Bennett', 'Bill Pullman', 'Melissa Leo', 'David Meunier', 'Johnny Skourtis', 'Alex Veadov']",['Antoine Fuqua'],132.0,2014-09-24,7.293,10100,27.3902,/9u4yW7yPA0BQ2pv9XwiNzItwvp8.jpg,/9vAoubhoZE8aSkUZoSfxs3UWZhO.jpg,en,movie,,
10625,Mean Girls,"Cady Heron is a hit with The Plastics, the A-list girl clique at her new school, until she makes the mistake of falling for Aaron Samuels, the ex-boyfriend of alpha Plastic Regina George.","['Drama', 'Comedy']","['based on novel or book', 'illinois', 'female friendship', 'bullying', 'coming of age', 'prom', 'teenage girl', 'fish out of water', 'best friend', 'math teacher', 'gossip', 'clique', 'former best friend', 'teen comedy', 'exploitation of friendship', 'public humiliation', 'high school rivalry', 'new girl at school', 'teenage life', 'manipulative friend', 'math genius', 'female bully', 'teenage friendship', 'teenager', 'audacious']","['Lindsay Lohan', 'Rachel McAdams', 'Lizzy Caplan', 'Lacey Chabert', 'Amanda Seyfried', 'Daniel Franzese', 'Jonathan Bennett', 'Rajiv Surendra', 'Tina Fey', 'Tim Meadows']",['Mark Waters'],97.0,2004-04-30,7.227,9588,20.9412,/2ZkuQXvVhh45uSvkBej4S7Ix1NJ.jpg,/nP3y0TkR6XniFs9J53qQkg4Bnnk.jpg,en,movie,,
577922,Tenet,"Armed with only one word - Tenet - and fighting for the survival of the entire world, the Protagonist journeys through a twilight world of international espionage on a mission that will unfold in something beyond real time.","['Action', 'Thriller', 'Science Fiction']","['assassin', 'espionage', 'spy', 'time travel', 'mumbai (bombay), india', 'arms dealer', 'terrorism', 'terrorist attack', 'nuclear weapons', 'terrorist plot', 'backwards', 'alternate timeline', 'oslo, norway', 'curious', 'time paradox', 'kyiv (kiev), ukraine', 'ambivalent']","['John David Washington', 'Robert Pattinson', 'Elizabeth Debicki', 'Kenneth Branagh', 'Dimple Kapadia', 'Michael Caine', 'Martin Donovan', 'Fiona Dourif', 'Yuri Kolokolnikov', 'Himesh Patel']",['Christopher Nolan'],150.0,2020-08-22,7.173,11358,24.4604,/aCIFMriQh8rvhxpN1IWGgvH0Tlg.jpg,/mQOUyqDybTqxl73hO5LujCZsM1o.jpg,en,movie,,
389,12 Angry Men,"The defense and the prosecution have rested and the jury is filing into the jury room to decide if a young Spanish-American is guilty or innocent of murdering his father. What begins as an open and shut case soon becomes a mini-drama of each of the jurors' prejudices and preconceptions about the trial, the accused, and each other.",['Drama'],"['death penalty', 'anonymity', 'court case', 'judge', 'jurors', 'innocence', 'witness', 'knife', 'matter of life and death', 'based on play or musical', 'trial', 'murder', 'debate', 'capital punishment', 'black and white', 'courtroom', 'angry', 'courtroom drama', 'huis clos', 'baffled', 'derisive', 'foreboding']","['Martin Balsam', 'John Fiedler', 'Lee J. Cobb', 'E.G. Marshall', 'Jack Klugman', 'Edward Binns', 'Jack Warden', 'Henry Fonda', 'Joseph Sweeney', 'Ed Begley']",['Sidney Lumet'],97.0,1957-04-10,8.567,10226,29.4893,/ppd84D2i9W8jXmsyInGyihiSyqz.jpg,/qqHQsStV6exghCM7zbObuYBiYxw.jpg,en,movie,,
1175942,The Bad Guys 2,"The now-reformed Bad Guys are trying (very, very hard) to be good, but instead find themselves hijacked into a high-stakes, globe-trotting heist, masterminded by a new team of criminals they never saw coming: The Bad Girls.","['Family', 'Comedy', 'Crime', 'Adventure', 'Animation']","['california', 'based on novel or book', 'snake', 'police', 'wolf', 'fight', 'spider', 'villain', 'sequel', 'heist', 'anthropomorphism', 'space', 'los angeles, california', 'wedding', 'space station', 'framed for a crime', 'luchador', '3d animation', 'joyful']","['Sam Rockwell', 'Marc Maron', 'Awkwafina', 'Craig Robinson', 'Anthony Ramos', 'Zazie Beetz', 'Danielle Brooks', 'Natasha Lyonne', 'Maria Bakalova', 'Alex Borstein']",['Pierre Perifel'],104.0,2025-07-24,7.621,868,22.7537,/26oSPnq0ct59l07QOXZKyzsiRtN.jpg,/jvpkBenB6hv19WWYVlaiow8zklq.jpg,en,movie,,
1159559,Scream 7,"When a new Ghostface killer emerges in the quiet town where Sidney Prescott has built a new life, her darkest fears are realized as her daughter becomes the next target. Determined to protect her family, Sidney must face the horrors of her past to put an end to the bloodshed once and for all.","['Horror', 'Mystery', 'Crime']","['mask', 'indiana, usa', 'artificial intelligence (a.i.)', 'sequel', 'murder', 'serial killer', 'slasher', 'whodunit', 'killing spree', 'self-referential', 'reboot', 'crime spree', 'duringcreditsstinger', 'shocking', 'aggressive', 'murder mystery', 'masked villain', 'murder spree', 'teen horror', 'slasher horror', 'bold', 'horrified', 'whodunnit']","['Neve Campbell', 'Courteney Cox', 'Isabel May', 'Jasmin Savoy Brown', 'Mason Gooding', 'Roger L. Jackson', 'Anna Camp', 'Joel McHale', ""Celeste O'Connor"", 'Sam Rechner']",['Kevin Williamson'],114.0,2026-02-25,6.2,1211,32.2332,/jjyuk0edLiW8vOSnlfwWCCLpbh5.jpg,/3eUyLEF5M0ky3h6KJsWiWzaakB8.jpg,en,movie,,
8587,The Lion King,"Young lion prince Simba, eager to one day become king of the Pride Lands, grows up under the watchful eye of his father Mufasa; all the while his villainous uncle Scar conspires to take the throne for himself. Amid betrayal and tragedy, Simba must confront his past and find his rightful place in the Circle of Life.","['Animation', 'Family', 'Drama']","['father murder', 'loss of loved one', 'africa', 'lion', 'cartoon', 'manipulation', 'villain', 'redemption', 'musical', 'uncle', 'coming of age', 'murder', 'shaman', 'king', 'animals', 'nature', 'father son relationship', 'awestruck']","['Matthew Broderick', 'Moira Kelly', 'Jeremy Irons', 'Nathan Lane', 'Ernie Sabella', 'James Earl Jones', 'Robert Guillaume', 'Rowan Atkinson', 'Whoopi Goldberg', 'Cheech Marin']","['Roger Allers', 'Rob Minkoff']",89.0,1994-06-15,8.253,19968,37.1909,/sKCr78MXSLixwmZ8DyJLrpMsd15.jpg,/q00H8EqULYSK74lgevMkhmGGLHn.jpg,en,movie,,
1087891,The Amateur,"After his life is turned upside down when his wife is killed in a London terrorist attack, a brilliant but introverted CIA decoder takes matters into his own hands when his supervisors refuse to take action.","['Thriller', 'Action']","['central intelligence agency (cia)', 'based on novel or book', 'escape', 'blackmail', 'revenge', 'agent', 'government assassin', 'government cover-up', 'government conspiracy', 'death of wife', 'spy thriller', 'computer hacker', 'suspenseful', 'enthusiastic']","['Rami Malek', 'Holt McCallany', 'Danny Sapani', 'Rachel Brosnahan', 'Michael Stuhlbarg', 'Laurence Fishburne', 'Julianne Nicholson', 'Caitríona Balfe', 'Jon Bernthal', 'Adrian Martinez']",['James Hawes'],123.0,2025-04-09,6.916,1701,20.1258,/SNEoUInCa5fAgwuEBMIMBGvkkh.jpg,/aD7FXrm2GErTmzrIFBntPyhAqS9.jpg,en,movie,,
1292695,They Will Kill You,"A woman answers a help wanted ad to be a housekeeper in a mysterious New York City high-rise, unaware that she is entering a community that has seen a number of disappearances over the years and may be under the grip of a Satanic cult.","['Action', 'Comedy', 'Horror']","['new york city', 'ritual', 'abusive father', 'gore', 'cult', 'survival', 'disappearance', 'housekeeper', 'survival horror', 'high rise', 'satanic cult', 'manhattan, new york city', 'aftercreditsstinger', 'sister sister relationship', 'playful', 'mysterious disappearance', 'action horror']","['Zazie Beetz', ""Myha'la"", 'Paterson Joseph', 'Tom Felton', 'Heather Graham', 'Patricia Arquette', 'Willie Ludik', 'David Viviers', 'Gabe Gabriel', 'Viktoria Korotkova']",['Kirill Sokolov'],95.0,2026-03-25,6.955,1036,18.8169,/6oI4oQKTWMVUlr8Ivqydp28Ruu6.jpg,/7IwBgIwoHtkQ0lYGbBbqKintSWx.jpg,en,movie,,
475557,Joker,"During the 1980s, a failed stand-up comedian is driven insane and turns to a life of crime and chaos in Gotham City while becoming an infamous psychopathic crime figure.","['Crime', 'Thriller', 'Drama']","['society', 'based on comic', 'social commentary', 'psychological thriller', 'criminal mastermind', 'mental illness', 'anarchy', 'character study', 'clown makeup', 'outsider', 'prophetic', 'social realism', 'tv host', '1980s', 'mother son relationship', 'origin story', 'falling into madness', 'anti-capitalist']","['Joaquin Phoenix', 'Robert De Niro', 'Zazie Beetz', 'Frances Conroy', 'Brett Cullen', 'Shea Whigham', 'Bill Camp', 'Glenn Fleshler', 'Leigh Gill', 'Josh Pais']",['Todd Phillips'],122.0,2019-10-01,8.12,28075,30.1305,/udDclJoHjfjb8Ekgsd4FDteOkCU.jpg,/rlay2M5QYvi6igbGcFjq8jxeusY.jpg,en,movie,,
423,The Pianist,"The true story of pianist Władysław Szpilman's experiences in Warsaw during the Nazi occupation. When the Jews of the city find themselves forced into a ghetto, Szpilman finds work playing in a café; and when his family is deported in 1942, he stays behind, works for a while as a laborer, and eventually goes into hiding in the ruins of the war-torn city.","['Drama', 'War']","['concert', 'nazi', 'resistance', 'warsaw ghetto', 'polish resistance', 'homeland', 'holocaust (shoah)', 'hunger', 'world war ii', 'prisoner of war', 'ghetto', 'deportation', 'jew persecution', 'liberation', 'biography', 'based on true story', 'survival', 'tragedy', 'based on memoir or autobiography', 'pianist', 'poland', 'tearjerker', 'angry', 'complex']","['Adrien Brody', 'Thomas Kretschmann', 'Frank Finlay', 'Maureen Lipman', 'Emilia Fox', 'Ed Stoppard', 'Julia Rayner', 'Jessica Kate Meyer', 'Michał Żebrowski', 'Wanja Mues']",['Roman Polanski'],150.0,2002-09-17,8.37,10327,19.6186,/2hFvxCCWrTmCYwfy7yum0GKRi3Y.jpg,/c0fB9xk7D1aVb3Bg2rk2SVJcGn.jpg,en,movie,,
424,Schindler's List,The true story of how businessman Oskar Schindler saved over a thousand Jewish lives from the Nazis while they worked as slaves in his factory during World War II.,"['Drama', 'History', 'War']","['factory', 'hero', 'nazi', 'concentration camp', 'ss (nazi schutzstaffel)', 'holocaust (shoah)', 'world war ii', 'ghetto', 'jew persecution', 'kraków, poland', 'defense industry', 'auschwitz-birkenau concentration camp', 'biography', 'based on true story', 'industrialist', 'historical fiction', 'black and white', 'train', 'period drama', 'poland', 'evil', 'historical drama', 'disheartening']","['Liam Neeson', 'Ben Kingsley', 'Ralph Fiennes', 'Caroline Goodall', 'Jonathan Sagall', 'Embeth Davidtz', 'Małgorzata Gebel', 'Shmuel Levy', 'Mark Ivanir', 'Béatrice Macola']",['Steven Spielberg'],195.0,1993-12-15,8.57,17728,35.6237,/sF1U4EUQS8YHUYjNl3pMGNIQyr0.jpg,/zb6fM1CX41D9rF9hdgclu0peUmy.jpg,en,movie,,
1317288,Marty Supreme,"Marty Mauser, a young man with a dream no one respects, goes to hell and back in pursuit of greatness.","['Drama', 'Thriller']","['new york city', 'sports', 'capitalism', 'hustler', 'narcissism', 'ping pong', 'scheming', '1950s', 'dedication', 'american businessman', 'table tennis', 'amused', 'bewildered']","['Timothée Chalamet', 'Gwyneth Paltrow', ""Odessa A'zion"", ""Kevin O'Leary"", 'Tyler, The Creator', 'Fran Drescher', 'Abel Ferrara', 'Emory Cohen', 'Géza Röhrig', 'Koto Kawaguchi']",['Josh Safdie'],150.0,2025-12-19,7.373,2065,27.8247,/lYWEXbQgRTR4ZQleSXAgRbxAjvq.jpg,/6h7w8R4BA7vubEmEEW5vYEjuoz6.jpg,en,movie,,
425,Ice Age,"Manny the mammoth, Sid the loquacious sloth, and Diego the sabre-toothed tiger go on a comical quest to return a human baby back to his father, across a world on the brink of an ice age.","['Animation', 'Comedy', 'Family', 'Adventure']","['dying and death', 'human evolution', 'parent child relationship', 'squirrel', 'loss of loved one', 'mammoth', 'sloth', 'villain', 'stone age', 'prehistory', 'prehistoric creature', 'saber-toothed tiger', 'cavemen', 'road movie', 'neanderthal', 'prehistoric man', 'dodo bird', 'nut', '3d animation', 'ground sloth']","['Ray Romano', 'John Leguizamo', 'Denis Leary', 'Goran Višnjić', 'Jack Black', 'Cedric the Entertainer', 'Stephen Root', 'Diedrich Bader', 'Alan Tudyk', 'Lorri Bagley']",['Chris Wedge'],81.0,2002-03-14,7.381,14501,22.2775,/gLhHHZUzeseRXShoDyC4VqLgsNv.jpg,/8pwIhymsxfAVjrAE7syDjQULn37.jpg,en,movie,,
72105,Ted,"John Bennett, a man whose childhood wish of bringing his teddy bear to life came true, now must decide between keeping the relationship with the bear or his girlfriend, Lori.","['Comedy', 'Fantasy']","['friendship', 'dreams', 'satire', 'love', 'buddy', 'teddy bear', 'toy comes to life', 'wishes come true', 'joyous']","['Mark Wahlberg', 'Mila Kunis', 'Seth MacFarlane', 'Joel McHale', 'Giovanni Ribisi', 'Patrick Warburton', 'Matt Walsh', 'Jessica Barth', 'Aedin Mincks', 'Bill Smitrovich']",['Seth MacFarlane'],107.0,2012-06-29,6.454,13345,22.1692,/1QVZXQQHCEIj8lyUhdBYd2qOYtq.jpg,/hkAVgWvAMmM8tj9CDEvGqMdNQBE.jpg,en,movie,,
429,"The Good, the Bad and the Ugly","While the Civil War rages on between the Union and the Confederacy, three men – a quiet loner, a ruthless hitman, and a Mexican bandit – comb the American Southwest in search of a strongbox containing $200,000 in stolen gold.",['Western'],"['gold', 'army', 'bounty hunter', 'hitman', 'refugee', 'anti hero', 'moral ambiguity', 'gallows', 'outlaw', 'gun battle', 'shootout', 'spaghetti western', 'graveyard', 'american civil war', 'stolen gold', 'quest', 'complex', 'hidden gold', 'tense', 'gun death', 'excited', 'cemetary', 'confederate gold']","['Clint Eastwood', 'Eli Wallach', 'Lee Van Cleef', 'Aldo Giuffrè', 'Luigi Pistilli', 'Rada Rassimov', 'Enzo Petito', 'Claudio Scarchilli', 'Antonio Casale', 'Livio Lorenzon']",['Sergio Leone'],161.0,1966-12-23,8.5,9834,26.0449,/bX2xnavhMYjWDoZp1VM6VnU1xwe.jpg,/x4biAVdPVCghBlsVIzB6NmbghIz.jpg,it,movie,,
10681,WALL·E,"After hundreds of years doing what he was built for, WALL•E— a robot designed to clean up the earth—discovers a new purpose in life when he meets a sleek search robot named EVE. EVE comes to realize that WALL•E has inadvertently stumbled upon the key to the planet's future, and races back to space to report to the humans. Meanwhile, WALL•E chases EVE across the galaxy and sets into motion one of the most imaginative adventures ever brought to the big screen.","['Animation', 'Family', 'Science Fiction']","['garbage', 'dystopia', 'space travel', 'distant future', 'loneliness', 'robot', 'aftercreditsstinger', 'duringcreditsstinger', 'reflective', '3d animation', 'inspirational', 'psychological drama', 'understated', 'suspenseful', 'sentimental', 'cheerful', 'compassionate', 'hopeful', 'joyful', 'sincere']","['Ben Burtt', 'Elissa Knight', 'Jeff Garlin', 'Fred Willard', 'John Ratzenberger', 'Kathy Najimy', 'Sigourney Weaver', 'Lori Alan', 'Bob Bergen', 'John Cygan']",['Andrew Stanton'],98.0,2008-06-26,8.119,20648,32.6321,/hbhFnRzzg6ZDmm8YAmxBnQpQIPh.jpg,/nYs4ZwnJBK4AgljhvzwNz7fpr3E.jpg,en,movie,,
1108427,Moana,"Teenage Moana answers the Ocean's call and, for the first time, voyages beyond the reef of her island of Motunui with infamous demigod Maui on an unforgettable journey to restore prosperity to her people.","['Family', 'Fantasy', 'Comedy', 'Adventure']","['sailboat', 'sea', 'friendship', 'ocean', ""leaving one's family"", 'musical', 'remake', 'curse', 'explorer', 'based on movie', 'demigod', 'polynesia', 'sea adventure', 'giant crab', 'animal sidekick', 'seafarer', 'live action remake', 'female explorer']","['Catherine Lagaʻaia', 'Dwayne Johnson', 'Rena Owen', 'John Tui', 'Frankie Adams', 'Jemaine Clement', 'Emma Puahi-Shapazian', 'Amaya Masoli', 'Sam Puefua', 'Sione Milford']",['Thomas Kail'],115.0,2026-07-08,6.0,193,216.2841,/zKVgiv5qHCvCLT4A2ymJi5QeXDH.jpg,/c6BPbkO5Npt1OdwttAxCFo06wtH.jpg,en,movie,,
786892,Furiosa: A Mad Max Saga,"As the world falls, young Furiosa is snatched from the Green Place of Many Mothers into the hands of a great biker horde led by the warlord Dementus. Sweeping through the wasteland, they encounter the citadel presided over by Immortan Joe. The two tyrants wage war for dominance, and Furiosa must survive many trials as she puts together the means to find her way home.","['Action', 'Science Fiction', 'Adventure']","['chase', 'post-apocalyptic future', 'warlord', 'prequel', 'wasteland', 'spin off', 'struggle for survival', 'desert', 'tyrant', 'tyranny', 'masculinity', 'revenge murderer', 'mother daughter relationship', 'child abduction', 'car']","['Anya Taylor-Joy', 'Chris Hemsworth', 'Tom Burke', 'Alyla Browne', 'George Shevtsov', 'Lachy Hulme', 'John Howard', 'Angus Sampson', 'Charlee Fraser', 'Elsa Pataky']",['George Miller'],149.0,2024-05-22,7.443,5079,22.4721,/iADOJ8Zymht2JPMoy3R7xceZprc.jpg,/raph7qjAGTMXaIjVxt6ZDSXRzUr.jpg,en,movie,,
1266127,Ready or Not: Here I Come,"Moments after surviving an all-out attack from the Le Domas family, Grace discovers she’s reached the next level of the nightmarish game — and this time with her estranged sister Faith at her side. Grace has one chance to survive, keep her sister alive, and claim the High Seat of the Council that controls the world. Four rival families are hunting her for the throne, and whoever wins rules it all.","['Horror', 'Comedy']","['escape', 'ritual', 'dark comedy', 'satanism', 'gore', 'pact with the devil', 'sequel', 'cat and mouse', 'game', 'exploding body', 'satanic ritual', 'satanic cult', 'estranged sister', 'sister sister relationship', 'satanic', 'sisters', 'death game', 'horror', 'hilarious']","['Samara Weaving', 'Kathryn Newton', 'Sarah Michelle Gellar', 'Shawn Hatosy', 'Nestor Carbonell', 'David Cronenberg', 'Elijah Wood', 'Kevin Durand', 'Olivia Cheng', 'Varun Saranga']","['Matt Bettinelli-Olpin', 'Tyler Gillett']",108.0,2026-03-19,7.59,1466,28.3508,/13ZcJzSGEqVgDSqsS9U5EkQwPkV.jpg,/fx2cEuadZK28VHKkc0F1nFR96i0.jpg,en,movie,,
301528,Toy Story 4,"Woody has always been confident about his place in the world, devoted to taking care of his kid—whether that's Andy or Bonnie. But after Bonnie creates a reluctant new toy called ""Forky"", a road trip adventure alongside old and new friends challenges everything Woody believes about loyalty, purpose, and what it truly means to be a toy.","['Family', 'Comedy', 'Animation', 'Adventure']","['friendship', 'cartoon', 'carnival', 'rescue mission', 'sequel', 'dummy', 'anti villain', 'buddy', 'doll', 'cowboy', 'duringcreditsstinger', 'toy comes to life', 'dedication', 'antique shop', '3d animation']","['Tom Hanks', 'Tim Allen', 'Annie Potts', 'Tony Hale', 'Keegan-Michael Key', 'Madeleine McGraw', 'Christina Hendricks', 'Jordan Peele', 'Keanu Reeves', 'Ally Maki']",['Josh Cooley'],100.0,2019-06-19,7.5,10843,28.1979,/w9kR8qbmQ01HwnvK4alvnQ2ca0L.jpg,/q62bpQ67qaXY0u6b2wFEnQYIbPd.jpg,en,movie,,
360920,The Grinch,The Grinch hatches a scheme to ruin Christmas when the residents of Whoville plan their annual holiday celebration. But a certain little who might change things.,"['Animation', 'Comedy', 'Family', 'Fantasy']","['holiday', 'surrealism', 'remake', ""based on children's book"", 'christmas', '3d animation', 'cheerful']","['Benedict Cumberbatch', 'Rashida Jones', 'Kenan Thompson', 'Cameron Seely', 'Angela Lansbury', 'Pharrell Williams', 'Ramone Hamilton', 'Sam Lavagnino', 'Scarlett Estevez', 'Michael Beattie']","['Yarrow Cheney', 'Scott Mosier']",85.0,2018-11-08,6.863,4487,21.2572,/Al7DMUp8bqUN4JwXVNxfJYyv5cH.jpg,/5lWIYxYEqWi8j3ZloxXntw3ImBo.jpg,en,movie,,
16869,Inglourious Basterds,"In Nazi-occupied France during World War II, a group of Jewish-American soldiers known as ""The Basterds"" are chosen specifically to spread fear throughout the Third Reich by scalping and brutally killing Nazis. The Basterds, lead by Lt. Aldo Raine soon cross paths with a French-Jewish teenage girl who runs a movie theater in Paris which is targeted by the soldiers.","['Drama', 'Thriller', 'War']","['guerrilla warfare', 'paris, france', 'self sacrifice', 'world war ii', 'jew persecution', 'german occupation of france', 'resistance fighter', 'nazism', 'anti-fascism', 'amused', 'derisive']","['Brad Pitt', 'Mélanie Laurent', 'Christoph Waltz', 'Eli Roth', 'Michael Fassbender', 'Diane Kruger', 'Daniel Brühl', 'Til Schweiger', 'Gedeon Burkhard', 'Jacky Ido']",['Quentin Tarantino'],153.0,2009-08-02,8.217,24545,26.8684,/aupnPtagH9JVBuMrGEanf4iqXEQ.jpg,/hwNtEmmugU5Yd7hpfprNWI0DGIn.jpg,en,movie,,
1315303,Primate,"College student Lucy and her friends spend their vacation at her family's home in Hawaii, which includes her pet chimpanzee, Ben. However, when Ben contracts rabies after being bitten by a rabid animal, the group must fight for their lives in order to avoid the now-violent chimp.","['Horror', 'Thriller']","['hawaii', 'pet', 'chimpanzee', 'animal attack', 'gore', 'survival', 'monkey', 'survival horror', 'rabies', 'primate', 'mongoose', 'animal horror', 'pool party', 'pool', 'party', 'teen horror', 'horror', 'animal']","['Johnny Sequoyah', 'Jessica Alexander', 'Troy Kotsur', 'Victoria Wyant', 'Gia Hunter', 'Benjamin Cheng', 'Charlie Mann', 'Tienne Simon', 'Miguel Hernando Torres Umba', 'Amina Abdi']",['Johannes Roberts'],89.0,2026-01-01,6.499,814,21.0732,/rKleYiEj4pFqxedTRWfujLooi84.jpg,/d5C5Wsx4fnMRA0tj9BK1kTPcgQe.jpg,en,movie,,
489,Good Will Hunting,"Will Hunting is a headstrong, working-class genius who is failing the lessons of life. After one too many run-ins with the law, Will's last chance is a psychology professor, who might be the only man who can reach him.",['Drama'],"['boston, massachusetts', 'mathematics', 'genius', 'male friendship', 'flashback', 'psychologist', 'janitor', 'dating', 'courtroom', 'group of friends', 'southie', 'college professor', 'prodigy', 'math genius', 'foster kid', 'fear of change', 'witty', 'abused as a child', 'massachusetts institute of technology (mit)', 'math professor']","['Matt Damon', 'Robin Williams', 'Ben Affleck', 'Stellan Skarsgård', 'Minnie Driver', 'Casey Affleck', 'Cole Hauser', 'Vik Sahay', 'John Mighton', 'Rachel Majorowski']",['Gus Van Sant'],127.0,1997-12-05,8.163,14126,32.9687,/z2FnLKpFi1HPO7BEJxdkv6hpJSU.jpg,/xj1Sv1xm4Y0ydBueGuf10Y9qM0O.jpg,en,movie,,
1307118,Soulm8te,"After a ruthless tech giant acquires a small robotics company, a grieving engineer is tasked with testing their new AI companion. But when he attempts to reprogram her to be a truly sentient soulmate, she develops needs of her own—unleashing a relentless spree of precision-engineered mayhem.","['Horror', 'Science Fiction', 'Thriller']","['android', 'artificial intelligence (a.i.)', 'killer robot', 'grief', 'relationship', 'robot', 'spin off', 'erotic thriller', 'death of wife', 'erotic', 'robot companion', 'android horror']","['David Rysdahl', 'Lily Sullivan', 'Claudia Doumit', 'Arty Froushan', 'Elijah Isaiah Cook', 'Mara Huf', 'Emma Ramos', 'Sydney Blackburn', 'Isabelle Bonfrer', 'Oliver Cooper']",['Kate Dolan'],99.0,2026-07-31,6.457,93,170.9551,/bNErActDctl6cdUGw9pnjSCmyhQ.jpg,/7t6f6VxA2ZXbbZSVctgt7bZG2DI.jpg,en,movie,,
497,The Green Mile,"A supernatural tale set on death row in a Southern prison, where gentle giant John Coffey possesses the mysterious power to heal people's ailments. When the cell block's head guard, Paul Edgecomb, recognizes Coffey's miraculous gift, he tries desperately to help stave off the condemned man's execution.","['Fantasy', 'Drama', 'Crime']","['mentally disabled', 'death penalty', 'based on novel or book', 'southern usa', 'psychopath', 'death row', 'jail guard', 'supernatural', 'great depression', 'prison guard', 'jail', 'electric chair', 'capital punishment', 'torture', 'magic realism', 'healing', '1930s', 'abuse of power', 'prison drama']","['Tom Hanks', 'David Morse', 'Bonnie Hunt', 'Michael Clarke Duncan', 'James Cromwell', 'Michael Jeter', 'Graham Greene', 'Doug Hutchison', 'Sam Rockwell', 'Barry Pepper']",['Frank Darabont'],189.0,1999-12-10,8.506,19592,37.8131,/8VG8fDNiy50H4FedGwdSVUPoaJe.jpg,/amZavErrjrdgDwhsIdpWxHNenIx.jpg,en,movie,,
102899,Ant-Man,"Armed with the astonishing ability to shrink in scale but increase in strength, master thief Scott Lang must embrace his inner-hero and help his mentor, Doctor Hank Pym, protect the secret behind his spectacular Ant-Man suit from a new generation of towering threats. Against seemingly insurmountable obstacles, Pym and Lang must plan and pull off a heist that will save the world.","['Science Fiction', 'Adventure', 'Action']","['superhero', 'ant', 'master thief', 'shrinking', 'based on comic', 'heist', 'miniaturization', 'mentor protégé relationship', 'aftercreditsstinger', 'duringcreditsstinger', 'marvel cinematic universe (mcu)', 'overprotective father', 'father daughter relationship', 'good versus evil', 'robbery gang', 'supersize']","['Paul Rudd', 'Michael Douglas', 'Evangeline Lilly', 'Corey Stoll', 'Bobby Cannavale', 'Anthony Mackie', 'Judy Greer', 'Abby Ryder Fortson', 'Michael Peña', 'David Dastmalchian']",['Peyton Reed'],117.0,2015-07-14,7.066,21084,27.8979,/rQRnQfUl3kfp78nCWq8Ks04vnq1.jpg,/1K3JmSNUN8OpjYsCjc0Hy0SYxAb.jpg,en,movie,,
14836,Coraline,"Wandering her rambling old house in her boring new town, 11-year-old Coraline discovers a hidden door to a strangely idealized version of her life. In order to stay in the fantasy, she must make a frighteningly real sacrifice.","['Animation', 'Family', 'Fantasy']","['friendship', 'dreams', 'based on novel or book', 'eye', 'stuffed animal', 'stop motion', 'parallel world', 'button', 'new home', 'secret door', 'female villain', 'reality vs fantasy', 'dark fantasy', 'aftercreditsstinger', 'duringcreditsstinger', 'horror for children', 'talking cat', 'somber', 'parallel universe', '3d animation', 'callous']","['Dakota Fanning', 'Teri Hatcher', 'Jennifer Saunders', 'Dawn French', 'Keith David', 'John Hodgman', 'Robert Bailey Jr.', 'Ian McShane', 'Aankha Neal', 'George Selick']",['Henry Selick'],100.0,2009-02-05,7.926,9260,37.0722,/4jeFXQYytChdZYE9JYO7Un87IlW.jpg,/hofnlIyF6bePkgQOpcuRWLvzf15.jpg,en,movie,,
72190,World War Z,"Life for former United Nations investigator Gerry Lane and his family seems content. Suddenly, the world is plagued by a mysterious infection turning whole human populations into rampaging mindless zombies. After barely escaping the chaos, Lane is persuaded to go on a mission to investigate this disease. What follows is a perilous trek around the world where Lane must brave horrific dangers and long odds to find answers before human civilization falls.","['Action', 'Horror', 'Science Fiction']","['philadelphia, pennsylvania', 'new jersey', 'based on novel or book', 'dystopia', 'jerusalem', 'end of the world', 'apocalypse', 'zombie', 'epidemic', 'nuclear weapons', 'multiple perspectives', 'zombie apocalypse', 'virus']","['Brad Pitt', 'Mireille Enos', 'Daniella Kertesz', 'James Badge Dale', 'Ludi Boeken', 'Matthew Fox', 'Fana Mokoena', 'David Morse', 'Elyes Gabel', 'Sterling Jerins']",['Marc Forster'],116.0,2013-06-19,6.848,16868,22.6919,/aCnVdvExw6UWSeQfr0tUH3jr4qG.jpg,/kg2FOT2Oe5PSCgs3L4vLel6B7ck.jpg,en,movie,,
1233413,Sinners,"Trying to leave their troubled lives behind, twin brothers return to their hometown to start again, only to discover that an even greater evil is waiting to welcome them back.","['Horror', 'Action', 'Thriller']","['chicago, illinois', 'capitalism', 'ku klux klan', 'musician', 'immortality', 'vampire', 'cousin', 'surrealism', 'sin', 'alcoholism', 'vampire hunter (slayer)', 'church', 'twins', 'blunt', 'estranged wife', 'dual role', 'cousin relationship', 'death of daughter', 'blues music', 'aftercreditsstinger', 'klansmen', '1990s', '1930s', 'salvation', 'assimilation', 'chinese immigrant', 'brother brother relationship', 'southern gothic', 'afro-descendants', 'supernatural horror', 'playful', 'train station', 'mississippi', 'frightened']","['Michael B. Jordan', 'Hailee Steinfeld', 'Miles Caton', ""Jack O'Connell"", 'Wunmi Mosaku', 'Jayme Lawson', 'Omar Benson Miller', 'Delroy Lindo', 'Li Jun Li', 'Yao']",['Ryan Coogler'],138.0,2025-04-16,7.505,4978,38.8646,/fWPgbnt2LSqkQ6cdQc0SZN9CpLm.jpg,/nAxGnGHOsfzufThz20zgmRwKur3.jpg,en,movie,,
383498,Deadpool 2,Wisecracking mercenary Deadpool battles the evil and powerful Cable and other bad guys to save a boy's life.,"['Action', 'Comedy', 'Adventure']","['hero', 'superhero', 'mutant', 'mercenary', 'based on comic', 'sequel', 'breaking the fourth wall', 'aftercreditsstinger', 'duringcreditsstinger', 'joyful']","['Ryan Reynolds', 'Josh Brolin', 'Morena Baccarin', 'Julian Dennison', 'Zazie Beetz', 'T.J. Miller', 'Leslie Uggams', 'Karan Soni', 'Brianna Hildebrand', 'Jack Kesy']",['David Leitch'],120.0,2018-05-15,7.49,19487,27.3201,/to0spRl1CMDvyUbOnbb4fTk3VAd.jpg,/3P52oz9HPQWxcwHOwxtyrVV1LKi.jpg,en,movie,,
299534,Avengers: Endgame,"After the devastating events of Avengers: Infinity War, the universe is in ruins due to the efforts of the Mad Titan, Thanos. With the help of remaining allies, the Avengers must assemble once more in order to undo Thanos' actions and restore order to the universe once and for all, no matter what consequences may be in store.","['Adventure', 'Science Fiction', 'Action']","['superhero', 'time travel', 'space travel', 'time machine', 'based on comic', 'sequel', 'alien invasion', 'superhero team', 'marvel cinematic universe (mcu)', 'alternate timeline', 'father daughter relationship', 'sister sister relationship', 'teamwork']","['Robert Downey Jr.', 'Chris Evans', 'Mark Ruffalo', 'Chris Hemsworth', 'Scarlett Johansson', 'Jeremy Renner', 'Josh Brolin', 'Don Cheadle', 'Paul Rudd', 'Benedict Cumberbatch']","['Anthony Russo', 'Joe Russo']",181.0,2019-04-24,8.239,28283,65.4836,/ulzhLuWrPK07P1YkdWQLZnQh1JL.jpg,/7RyHsO4yDXtBv1zUU3mTpHeQ0d5.jpg,en,movie,,
299536,Avengers: Infinity War,"As the Avengers and their allies have continued to protect the world from threats too large for any one hero to handle, a new danger has emerged from the cosmic shadows: Thanos. A despot of intergalactic infamy, his goal is to collect all six Infinity Stones, artifacts of unimaginable power, and use them to inflict his twisted will on all of reality. Everything the Avengers have fought for has led up to this moment - the fate of Earth and existence itself has never been more uncertain.","['Adventure', 'Action', 'Science Fiction']","['sacrifice', 'magic', 'superhero', 'based on comic', 'space', 'battlefield', 'genocide', 'magical object', 'super power', 'superhero team', 'aftercreditsstinger', 'marvel cinematic universe (mcu)', 'cosmic']","['Robert Downey Jr.', 'Chris Evans', 'Chris Hemsworth', 'Josh Brolin', 'Mark Ruffalo', 'Scarlett Johansson', 'Don Cheadle', 'Benedict Cumberbatch', 'Tom Holland', 'Chadwick Boseman']","['Joe Russo', 'Anthony Russo']",149.0,2018-04-25,8.2,32538,92.3035,/7WsyChQLEftFiDOVTGkv3hFpyyt.jpg,/mDfJG3LC3Dqb67AZ52x3Z0jU0uB.jpg,en,movie,,
299537,Captain Marvel,"The story follows Carol Danvers as she becomes one of the universe’s most powerful heroes when Earth is caught in the middle of a galactic war between two alien races. Set in the 1990s, Captain Marvel is an all-new adventure from a previously unseen period in the history of the Marvel Cinematic Universe.","['Action', 'Adventure', 'Science Fiction']","['superhero', 'based on comic', 'alien', 'female protagonist', 'alien invasion', 'super power', 'female hero', 'aftercreditsstinger', 'duringcreditsstinger', 'marvel cinematic universe (mcu)', 'woman director', '1990s', 'alien technology', 'intense', 'cliché', 'joyful']","['Brie Larson', 'Samuel L. Jackson', 'Ben Mendelsohn', 'Jude Law', 'Annette Bening', 'Djimon Hounsou', 'Lee Pace', 'Lashana Lynch', 'Gemma Chan', 'Clark Gregg']","['Ryan Fleck', 'Anna Boden']",124.0,2019-03-06,6.776,16978,31.5407,/AtsgWhDnHTq68L0lLsUrCnM7TjG.jpg,/qAzYK4YPSWDc7aa4R43LcwRIAyb.jpg,en,movie,,
539,Psycho,"When larcenous real estate clerk Marion Crane goes on the lam with a wad of cash and hopes of starting a new life, she ends up at the notorious Bates Motel, where manager Norman Bates cares for his housebound mother.","['Horror', 'Thriller', 'Mystery']","['hotel', 'clerk', 'detective', 'shower', 'arizona', 'motel', 'halloween', 'stolen money', 'alter ego', 'taxidermy', 'money', 'murder', 'on the run', 'secretary', 'serial killer', 'slasher', 'psychological thriller', 'black and white', 'corpse', 'murderer', 'theft', 'overbearing mother', 'stabbing', 'mental illness', 'private detective', 'missing person', 'split personality', 'psycho', 'voyeurism', 'voyeur', 'oedipus complex', 'double identity', 'abusive mother', 'dual personality', 'proto-slasher', 'multiple personality disorder', 'mother son relationship', 'birds', 'motel owner', 'corruptibility', 'confused identities', 'human vulnerabilities', 'disgusted', 'horrified', 'man with female alter ego']","['Anthony Perkins', 'Janet Leigh', 'Vera Miles', 'John Gavin', 'Martin Balsam', 'John McIntire', 'Simon Oakland', 'Frank Albertson', 'Patricia Hitchcock', 'Vaughn Taylor']",['Alfred Hitchcock'],109.0,1960-06-22,8.409,11148,22.6046,/yz4QVqPx3h1hD1DfqqQkCq3rmxW.jpg,/mufF1aYvwdpKerhq5R1YrVcbJLY.jpg,en,movie,,
614945,Voicemails for Isabelle,"A young woman's hilariously confessional voicemails to her late sister are unknowingly redirected to a stranger, who begins to fall in love from afar.","['Romance', 'Comedy', 'Drama']","['san francisco, california', 'romcom', 'voicemail', 'lighthearted', 'adoring', 'compassionate']","['Zoey Deutch', 'Nick Robinson', 'Ciara Bravo', 'Nick Offerman', 'Leah McKendrick', 'Harry Shum Jr.', 'Lukas Gage', 'Toby Sandeman', 'Tanis Dolman', 'Gil Bellows']",['Leah McKendrick'],119.0,2026-06-20,8.348,773,27.5767,/canZTWSxACSnAluir3dCtMxKpA1.jpg,/2WU6Y6aonzD6uAaCmNnEFlesxxJ.jpg,en,movie,,
934433,Scream VI,"Following the latest Ghostface killings, the four survivors leave Woodsboro behind and start a fresh chapter.","['Horror', 'Thriller', 'Crime']","['mask', 'new york city', 'trauma', 'halloween', 'college', 'dark comedy', 'fake identity', 'sequel', 'conspiracy theory', 'revenge', 'public murder', 'murder', 'social commentary', 'serial killer', 'police corruption', 'slasher', 'whodunit', 'multiple stabbings', 'brutality', 'killing spree', 'self-referential', 'crime spree', 'aftercreditsstinger', 'murder mystery', 'movie fan', 'copycat killer', 'generation z', 'fbi agent', 'ridiculous']","['Melissa Barrera', 'Jenna Ortega', 'Jasmin Savoy Brown', 'Mason Gooding', 'Jack Champion', 'Roger L. Jackson', 'Liana Liberato', 'Dermot Mulroney', 'Devyn Nekoda', 'Josh Segarra']","['Matt Bettinelli-Olpin', 'Tyler Gillett']",123.0,2023-03-08,6.935,3283,20.2021,/wDWwtvkRRlgTiUr6TyLSMX8FCuZ.jpg,/k6ANeyxAfMRi5xhxIXv1Scn9vc2.jpg,en,movie,,
550,Fight Club,"A ticking-time-bomb insomniac and a slippery soap salesman channel primal male aggression into a shocking new form of therapy. Their concept catches on, with underground ""fight clubs"" forming in every town, until an eccentric gets in the way and ignites an out-of-control spiral toward oblivion.","['Drama', 'Thriller']","['dual identity', 'rage and hate', 'based on novel or book', 'nihilism', 'fight', 'support group', 'dystopia', 'insomnia', 'alter ego', 'breaking the fourth wall', 'split personality', 'quitting a job', 'dissociative identity disorder', 'self destructiveness']","['Edward Norton', 'Brad Pitt', 'Helena Bonham Carter', 'Meat Loaf', 'Jared Leto', 'Zach Grenier', 'Holt McCallany', 'Eion Bailey', 'Richmond Arquette', 'David Andrews']",['David Fincher'],139.0,1999-10-15,8.437,32610,49.0884,/jSziioSwPVrOy9Yow3XhWIBDjq1.jpg,/c6OLXfKAk5BKeR6broC8pYiCquX.jpg,en,movie,,
557,Spider-Man,"After being bitten by a genetically altered spider at Oscorp, nerdy but endearing high school student Peter Parker is endowed with amazing powers to become the superhero known as Spider-Man.","['Action', 'Science Fiction']","['new york city', 'adolescence', 'photographer', 'loss of loved one', 'photography', 'secret identity', 'hostility', 'superhero', 'spider', 'bad boss', 'villain', 'based on comic', 'teenage boy', 'teenage love', 'evil', 'super villain', 'taking responsibility']","['Tobey Maguire', 'Willem Dafoe', 'Kirsten Dunst', 'James Franco', 'Cliff Robertson', 'Rosemary Harris', 'J.K. Simmons', 'Joe Manganiello', 'Gerry Becker', 'Bill Nunn']",['Sam Raimi'],121.0,2002-05-01,7.342,21101,161.4304,/or6XJBVpcEbIkma0V9zshnbEtx4.jpg,/zQ8AxTPiCiS5nnwXpwTBPBHSaa5.jpg,en,movie,,
558,Spider-Man 2,"Peter Parker is going through a major identity crisis. Burned out from being Spider-Man, he decides to shelve his superhero alter ego, which leaves the city suffering in the wake of carnage left by the evil Doc Ock. In the meantime, Parker still can't act on his feelings for Mary Jane Watson, a girl he's loved since childhood. A certain anger begins to brew in his best friend Harry Osborn as well...","['Action', 'Adventure', 'Science Fiction']","['new york city', 'dual identity', ""love of one's life"", 'secret identity', 'superhero', 'pizza boy', 'based on comic', 'sequel', 'romance', 'doctor', 'scientist', 'tentacle', 'death', 'super villain', 'young adult']","['Tobey Maguire', 'Kirsten Dunst', 'James Franco', 'Alfred Molina', 'Rosemary Harris', 'J.K. Simmons', 'Donna Murphy', 'Daniel Gillies', 'Dylan Baker', 'Bill Nunn']",['Sam Raimi'],127.0,2004-06-25,7.324,16691,36.4868,/aGuvNAaaZuWXYQQ6N2v7DeuP6mB.jpg,/6al048Lat3eLVQOuKtc9h6Tu94d.jpg,en,movie,,
559,Spider-Man 3,"The seemingly invincible Spider-Man goes up against an all-new crop of villains—including the shape-shifting Sandman. While Spider-Man’s superpowers are altered by an alien organism, his alter ego, Peter Parker, deals with nemesis Eddie Brock and also gets caught up in a love triangle.","['Action', 'Adventure', 'Science Fiction']","['amnesia', 'dual identity', ""love of one's life"", 'loss of loved one', 'forgiveness', 'hostility', 'superhero', 'sandstorm', 'spider', 'wretch', 'sand', 'narcissism', 'egomania', 'based on comic', 'sequel', 'revenge', 'symbiote', 'amused']","['Tobey Maguire', 'Kirsten Dunst', 'James Franco', 'Thomas Haden Church', 'Topher Grace', 'Bryce Dallas Howard', 'Rosemary Harris', 'J.K. Simmons', 'James Cromwell', 'Dylan Baker']",['Sam Raimi'],139.0,2007-05-01,6.472,15539,79.212,/sJMTTGjtjvrMZ7G0oP9D13wNUum.jpg,/FfAU0PUs8AJkMU2VbkVNFtRXR4.jpg,en,movie,,
564,The Mummy,Dashing legionnaire Rick O'Connell stumbles upon the hidden ruins of Hamunaptra while in the midst of a battle to claim the area in 1920s Egypt. It has been over three thousand years since former High Priest Imhotep suffered a fate worse than death as a punishment for a forbidden love—along with a curse that guarantees eternal doom upon the world if he is ever awoken.,"['Adventure', 'Action', 'Fantasy']","['egypt', 'cairo', 'library', 'secret passage', 'pastor', 'pyramid', 'sandstorm', 'solar eclipse', 'mummy', 'foreign legion', 'nile', 'secret society', 'treasure hunt', 'remake', 'archaeologist', 'tomb', 'book of the dead', 'ancient egypt', 'opposites attract', '1920s', 'pharoah', 'playful', 'good versus evil', 'witty', 'exhilarated', 'egyptian god']","['Brendan Fraser', 'Rachel Weisz', 'John Hannah', 'Arnold Vosloo', 'Patricia Velásquez', 'Oded Fehr', ""Kevin J. O'Connor"", 'Jonathan Hyde', 'Erick Avari', 'Stephen Dunham']",['Stephen Sommers'],124.0,1999-04-16,6.989,10261,29.3149,/yhIsVvcUm7QxzLfT6HW2wLf5ajY.jpg,/8zLS8p1tRyWFLRFfmgQq0j5WE6z.jpg,en,movie,,
76341,Mad Max: Fury Road,"An apocalyptic story set in the furthest reaches of our planet, in a stark desert landscape where humanity is broken, and most everyone is crazed fighting for the necessities of life. Within this world exist two rebels on the run who just might be able to restore order.","['Action', 'Adventure', 'Science Fiction']","['rescue', 'australia', 'dystopia', 'sandstorm', 'post-apocalyptic future', 'sequel', 'survival', 'on the run', 'peak oil', 'dark future', 'intense', 'desert wasteland', 'convoy attack', 'high-speed chase', 'freedom quest', 'road warfare', 'modified vehicles', 'war boys', 'tyrannical ruler']","['Tom Hardy', 'Charlize Theron', 'Nicholas Hoult', 'Hugh Keays-Byrne', 'Josh Helman', 'Nathan Jones', 'Zoë Kravitz', 'Rosie Huntington-Whiteley', 'Riley Keough', 'Abbey Lee']",['George Miller'],121.0,2015-05-13,7.636,24390,33.3216,/ulcAi4dKpAjHwYGS08vNyx9H6I9.jpg,/uT895WNwm0aIJRtGizcQhrejWUo.jpg,en,movie,,
746036,The Fall Guy,"Fresh off an almost career-ending accident, stuntman Colt Seavers has to track down a missing movie star, solve a conspiracy and try to win back the love of his life while still doing his day job.","['Action', 'Comedy', 'Romance']","['sydney, australia', 'movie business', 'stuntman', 'missing person', 'aftercreditsstinger', 'duringcreditsstinger', 'action comedy', 'based on tv series']","['Ryan Gosling', 'Emily Blunt', 'Aaron Taylor-Johnson', 'Hannah Waddingham', 'Teresa Palmer', 'Stephanie Hsu', 'Winston Duke', 'Ben Knight', 'Matuse', 'Adam Dunn']",['David Leitch'],127.0,2024-04-24,6.951,3943,22.3558,/e7olqFmzcIX5c23kX4zSmLPJi8c.jpg,/2rjI2uXmjitMAaXVO21r9ao7v2j.jpg,en,movie,,
801335,Girl in the Basement,"Sara is a teen girl who is looking forward to her 18th birthday to move away from her controlling father Don. But before she could even blow out the candles, Don imprisons her in the basement of their home.","['Thriller', 'Crime', 'TV Movie']","['imprisonment', 'based on true story', 'basement', 'controlling parent', 'depressing']","['Judd Nelson', 'Stefanie Scott', 'Joely Fisher', 'Braxton Bjerken', 'Kim Rosen', 'Emily Topper', 'Emma Myers', 'Jake Nuttall', 'Liam Pileggi', 'Jake Etheridge']",['Elisabeth Röhm'],88.0,2021-02-27,7.575,885,20.6579,/tPP9n6r5QrIKPnshnJqE7klptj2.jpg,/vDR2h5uQNgWyx3fsEVnEOcNFibZ.jpg,en,movie,,
1430077,Hokum,"When novelist Ohm Bauman retreats to a remote inn to scatter his parents' ashes, he is consumed by tales of a witch haunting the honeymoon suite. Disturbing visions and a shocking disappearance forces him to confront dark corners of his past.",['Horror'],"['hotel', 'witch', 'mushroom', 'supernatural', 'grave', 'gothic horror', 'alcoholic', 'gothic', 'novelist', 'elevator', 'mysterious', 'folk horror', 'haunted', 'supernatural horror', 'remote inn', 'rural ireland', 'horror', 'sinister', 'funeral urn']","['Adam Scott', 'Peter Coonan', 'David Wilmot', 'Florence Ordesh', 'Michael Patric', ""Will O'Connell"", 'Brendan Conroy', 'Ezra Carlisle', 'Austin Amelio', 'Mallory Adams']",['Damian McCarthy'],108.0,2026-04-29,6.932,711,27.1579,/x6rHcQFiYcczLQPrmxXPAicm54E.jpg,/qY7zVZ7liULhfRoXg4c9Xl83LcR.jpg,en,movie,,
578,Jaws,"When the seaside community of Amity finds itself under attack by a dangerous great white shark, the town's chief of police, a young marine biologist, and a grizzled shark hunter embark on a desperate quest to kill the beast before it strikes again.","['Horror', 'Thriller', 'Adventure']","['dying and death', 'beach', 'based on novel or book', 'bathing', 'shipwreck', 'fishing', 'atlantic ocean', 'shark attack', 'police chief', 'ferry boat', 'animal attack', 'long island, new york', 'dead child', 'creature', 'skinny dipping', 'shark', 'great white shark', 'dead dog', 'killer shark', 'child killed by animal', 'fourth of july', 'severed leg', 'fishing boat', 'sea adventure', 'animal horror', 'shark cage']","['Roy Scheider', 'Robert Shaw', 'Richard Dreyfuss', 'Lorraine Gary', 'Murray Hamilton', 'Carl Gottlieb', 'Jeffrey Kramer', 'Susan Backlinie', 'Jonathan Filley', 'Ted Grossman']",['Steven Spielberg'],124.0,1975-06-20,7.683,11731,26.5658,/lxM6kqilAdpdhqUl2biYp5frUxE.jpg,/i1yf91svRHX45l9BXL8rVFzLoPH.jpg,en,movie,,
1290821,Shelter,"A man living in self-imposed exile on a remote island rescues a young girl from a violent storm, setting off a chain of events that forces him out of seclusion to protect her from enemies tied to his past.","['Action', 'Crime', 'Thriller']","['home invasion', 'mysterious girl', 'ghosts of the past', 'isolated island', 'child protection', 'solitary life', 'hidden secret', 'close‑quarters combat', 'dangerous escalation', 'storm rescue', 'unexpected threat', 'violent assault', 'protective instinct', 'lone protector', 'intense action thriller', 'siege situation']","['Jason Statham', 'Bodhi Rae Breathnach', 'Naomi Ackie', 'Daniel Mays', 'Harriet Walter', 'Bill Nighy', 'Michael Shaeffer', 'Anna Crilly', 'Eugenia Caruso', 'Céline Buckens']",['Ric Roman Waugh'],107.0,2026-01-28,7.781,1670,65.5346,/buPFnHZ3xQy6vZEHxbHgL1Pc6CR.jpg,/nHxWyy18SvAZ8jJeemtS8k1UNjM.jpg,en,movie,,
27205,Inception,"Cobb, a skilled thief who commits corporate espionage by infiltrating the subconscious of his targets is offered a chance to regain his old life as payment for a task considered to be impossible: ""inception"", the implantation of another person's idea into a target's subconscious.","['Action', 'Science Fiction', 'Adventure']","['mission', 'dreams', 'kidnapping', 'spy', 'allegory', 'intellectual', 'manipulation', 'heist', 'memory', 'dream world', 'subconscious', 'admiring', 'high concept', 'dream']","['Leonardo DiCaprio', 'Joseph Gordon-Levitt', 'Ken Watanabe', 'Tom Hardy', 'Elliot Page', 'Dileep Rao', 'Cillian Murphy', 'Tom Berenger', 'Marion Cotillard', 'Pete Postlethwaite']",['Christopher Nolan'],148.0,2010-07-15,8.373,39859,57.3982,/xlaY2zyzMfkhk0HSC5VUwzoZPU1.jpg,/8ZTVqvKDQ8emSGUEMjsS4yHAwrp.jpg,en,movie,,
585,"Monsters, Inc.","Lovable Sulley and his wisecracking sidekick Mike Wazowski are the top scare team at Monsters, Inc., the scream-processing factory in Monstropolis. When a little girl named Boo wanders into their world, it's the monsters who are scared silly, and it's up to Sulley and Mike to keep her out of sight and get her back home.","['Animation', 'Comedy', 'Family', 'Fantasy']","['monster', 'panic', 'cheating', 'kidnapping', 'door', 'infant', 'villain', 'portal', 'rivalry', 'energy supply', 'friends', 'hijinks', 'best friend', 'chameleon', 'family', 'parallel world', 'conveyor belt', 'duringcreditsstinger', 'villain arrested', 'invisibility', 'energy company', 'conspirators', 'playful', '3d animation', 'hilarious', 'cheerful']","['John Goodman', 'Billy Crystal', 'Mary Gibbs', 'Steve Buscemi', 'James Coburn', 'Jennifer Tilly', 'Bob Peterson', 'John Ratzenberger', 'Frank Oz', 'Daniel Gerson']",['Pete Docter'],92.0,2001-11-01,7.855,20074,35.2476,/wFSpyMsp7H0ttERbxY7Trlv8xry.jpg,/sDTnMOJ3H5wI38OxObmCtK7wfd5.jpg,en,movie,,
363088,Ant-Man and the Wasp,"Just when his time under house arrest is about to end, Scott Lang once again puts his freedom at risk to help Hope van Dyne and Dr. Hank Pym dive into the quantum realm and try to accomplish, against time and any chance of success, a very dangerous rescue mission.","['Action', 'Adventure', 'Science Fiction']","['van', 'dreams', 'insect', 'flying', 'chase', 'fight', 'superhero', 'ant', 'nuclear missile', 'shrinking', 'based on comic', 'giant insect', 'sequel', 'flashback', 'house arrest', 'alternate dimension', 'tragic villain', 'laboratory', 'fugitive', 'school', 'miniaturization', 'montage', 'toy car', 'giant man', 'female villain', 'aftercreditsstinger', 'duringcreditsstinger', 'marvel cinematic universe (mcu)', 'giant', 'action hero', 'father daughter relationship', 'mother daughter relationship']","['Paul Rudd', 'Evangeline Lilly', 'Michael Douglas', 'Hannah John-Kamen', 'Randall Park', 'Michelle Pfeiffer', 'Laurence Fishburne', 'Michael Peña', 'Walton Goggins', 'Bobby Cannavale']",['Peyton Reed'],119.0,2018-07-04,6.898,14364,22.7525,/cFQEO687n1K6umXbInzocxcnAQz.jpg,/iYdgEUE2W2aJkgqfSjf1x3gFfuV.jpg,en,movie,,
502356,The Super Mario Bros. Movie,"While working underground to fix a water main, Brooklyn plumbers—and brothers—Mario and Luigi are transported down a mysterious pipe and wander into a magical new world. But when the brothers are separated, Mario embarks on an epic quest to find Luigi.","['Family', 'Comedy', 'Adventure', 'Fantasy', 'Animation']","['gorilla', 'plumber', 'villain', 'anthropomorphism', 'based on video game', 'nostalgic', 'toad', 'aftercreditsstinger', 'duringcreditsstinger', 'damsel in distress', 'piano', 'brother brother relationship', '3d animation', 'evil king']","['Chris Pratt', 'Anya Taylor-Joy', 'Charlie Day', 'Jack Black', 'Keegan-Michael Key', 'Seth Rogen', 'Fred Armisen', 'Sebastian Maniscalco', 'Charles Martinet', 'Kevin Michael Richardson']","['Michael Jelenic', 'Aaron Horvath']",93.0,2023-04-05,7.6,11006,31.3115,/qNBAXBIQlnOThrVvA6mA2B5ggV6.jpg,/9n2tJBplPbgR2ca05hS5CKXwP2c.jpg,en,movie,,
598,City of God,"In the poverty-stricken favelas of Rio de Janeiro in the 1970s, two young men choose different paths. Rocket is a budding photographer who documents the increasing drug-related violence of his neighborhood, while José “Zé” Pequeno is an ambitious drug dealer diving into a dangerous life of crime.","['Drama', 'Crime']","['street gang', 'photographer', 'gangster', 'rio de janeiro', 'gang war', 'ghetto', 'based on true story', 'coming of age', 'introspective', 'conceited']","['Alexandre Rodrigues', 'Leandro Firmino', 'Phellipe Haagensen', 'Douglas Silva', 'Jonathan Haagensen', 'Matheus Nachtergaele', 'Seu Jorge', 'Jefechander Suplino', 'Alice Braga', 'Emerson Gomes']",['Fernando Meirelles'],129.0,2002-08-30,8.428,8339,21.69,/k7eYdWvhYQyRQoU2TB2A2Xu2TfD.jpg,/uvitbjFU4JqvMwIkMWHp69bmUzG.jpg,pt,movie,,
603,The Matrix,"Set in the 22nd century, The Matrix tells the story of a computer hacker who joins a group of underground insurgents fighting the vast and powerful computers who now rule the earth.","['Action', 'Science Fiction']","['man vs machine', 'martial arts', 'fortune teller', 'artificial intelligence (a.i.)', 'saving the world', 'prophecy', 'philosophy', 'dystopia', 'allegory', 'insurgence', 'chosen one', 'simulated reality ', 'cyberpunk', 'gnosticism']","['Keanu Reeves', 'Laurence Fishburne', 'Carrie-Anne Moss', 'Hugo Weaving', 'Gloria Foster', 'Joe Pantoliano', 'Marcus Chong', 'Julian Arahanga', 'Matt Doran', 'Belinda McClory']","['Lana Wachowski', 'Lilly Wachowski']",136.0,1999-03-31,8.255,28419,44.4011,/dXNAPwY7VrqMAo51EKhhCJfaGb5.jpg,/tlm8UkiQsitc8rSuIAscQDCnP8d.jpg,en,movie,,
354912,Coco,"Despite his family’s baffling generations-old ban on music, Miguel dreams of becoming an accomplished musician like his idol, Ernesto de la Cruz. Desperate to prove his talent, Miguel finds himself in the stunning and colorful Land of the Dead following a mysterious chain of events. Along the way, he meets charming trickster Hector, and together, they set off on an extraordinary journey to unlock the real story behind Miguel's family history.","['Family', 'Animation', 'Music', 'Adventure']","['skeleton', 'mexico', 'guitar', 'afterlife', 'musician', 'holiday', 'villain', 'singer', 'murderer', 'life after death', 'kids', 'day of the dead', '3d animation', 'music', 'boy', 'hilarious', 'hopeful', 'modest']","['Anthony Gonzalez', 'Gael García Bernal', 'Benjamin Bratt', 'Alanna Ubach', 'Renée Victor', 'Jaime Camil', 'Alfonso Arau', 'Herbert Siguenza', 'Gabriel Iglesias', 'Lombardo Boyar']",['Lee Unkrich'],105.0,2017-10-27,8.197,21235,31.6984,/6Ryitt95xrO8KXuqRGm1fUuNwqF.jpg,/g7CHF8gTLGooTbP4GznIGwaqAGL.jpg,en,movie,,
127585,X-Men: Days of Future Past,The ultimate X-Men ensemble fights a war for the survival of the species across two time periods as they join forces with their younger selves in an epic battle that must change the past – to save our future.,"['Action', 'Adventure', 'Science Fiction']","['1970s', 'superhero', 'mutant', 'time travel', 'based on comic', 'superhuman', 'storm', 'political intrigue\xa0', 'extinction', 'beast', 'claws', 'aftercreditsstinger', 'duringcreditsstinger', 'changing the past or future', 'dramatic']","['Hugh Jackman', 'James McAvoy', 'Michael Fassbender', 'Patrick Stewart', 'Ian McKellen', 'Jennifer Lawrence', 'Halle Berry', 'Nicholas Hoult', 'Anna Paquin', 'Elliot Page']",['Bryan Singer'],132.0,2014-05-15,7.533,16485,24.1555,/tYfijzolzgoMOtegh1Y7j2Enorg.jpg,/3czpqXzFy5UcNuD1AubecRLWkwD.jpg,en,movie,,
1061474,Superman,"Superman, a journalist in Metropolis, embarks on a journey to reconcile his Kryptonian heritage with his human upbringing as Clark Kent.","['Science Fiction', 'Adventure', 'Action']","['dual identity', 'superhero', 'based on comic', 'dog', 'super power', 'reboot', 'kaiju', 'modern day adaptation', 'aftercreditsstinger', 'duringcreditsstinger', 'epic battle', 'supervillain', 'calm', 'dc universe (dcu)', 'anti-imperialism', 'adoring', 'amused', 'bold', 'cheerful', 'enthusiastic']","['David Corenswet', 'Rachel Brosnahan', 'Nicholas Hoult', 'Edi Gathegi', 'Nathan Fillion', 'Isabela Merced', 'María Gabriela de Faría', 'Skyler Gisondo', 'Alan Tudyk', 'Grace Chan']",['James Gunn'],130.0,2025-07-09,7.324,5249,46.4897,/ldyfo0BKmz5rWtJJKCvwaNS4cJT.jpg,/eGX66zonvc4bXg3rM08RUxdYSDx.jpg,en,movie,,
496243,Parasite,"All unemployed, Ki-taek's family takes peculiar interest in the wealthy and glamorous Parks for their livelihood until they get entangled in an unexpected incident.","['Comedy', 'Thriller', 'Drama']","['dark comedy', 'con artist', 'social commentary', 'working class', 'infiltration', 'psychological thriller', 'class differences', 'family', 'unemployed', 'domestic worker', 'wealthy family', 'south korea', 'introspective', 'caste violence', 'seoul, south korea', 'anti-capitalist']","['Song Kang-ho', 'Lee Sun-kyun', 'Cho Yeo-jeong', 'Choi Woo-shik', 'Park So-dam', 'Lee Jung-eun', 'Jang Hye-jin', 'Park Myung-hoon', 'Jung Zi-so', 'Jung Hyeon-jun']",['Bong Joon Ho'],133.0,2019-05-30,8.49,21070,39.8677,/7IiTTgloJzvGI1TAYymCfbfl3vT.jpg,/vbC0rzdrb7Ohc2TkbEbxtOABECe.jpg,ko,movie,,
10867,Malena,"12-year-old Renato experiences three significant events on the same day: the beginning of the Second World War, getting a bike, and witnessing the arrival of the gorgeous Malèna. Through his eyes, we see the curse of beauty and loneliness of Malena, whose husband is presumed dead, and, through his soul, we see his love for her.",['Drama'],"['prostitute', 'jealousy', 'sicily, italy', 'widow', 'world war ii', 'longing', 'coming of age', 'beautiful woman', 'crush', 'sex trafficking', 'intrigue', 'pretty woman', 'milf', 'sad story', 'admiring', 'rich to poor', 'broken women']","['Monica Bellucci', 'Giuseppe Sulfaro', 'Luciano Federico', 'Matilde Piana', 'Pietro Notarianni', 'Gaetano Aronica', 'Gilberto Idonea', 'Angelo Pellegrino', 'Gabriella Di Luzio', 'Pippo Provvidenti']",['Giuseppe Tornatore'],108.0,2000-10-27,7.548,2763,26.38,/3OyQTl0IGkbnjDxd3MhztfPE34g.jpg,/vadUKKQixxOKWkcuZ1SUEoBQeVG.jpg,it,movie,,
630,The Wizard of Oz,"Young Dorothy finds herself in a magical world where she makes friends with a lion, a scarecrow and a tin man as they make their way along the yellow brick road to talk with the Wizard and ask for the things they miss most in their lives. The Wicked Witch of the West is the only thing that could stop them.","['Adventure', 'Fantasy', 'Family']","['witch', 'adolescence', 'dreams', 'based on novel or book', 'secret identity', 'lion', 'tornado', 'twister', 'scarecrow', 'villain', 'musical', 'kansas, usa', 'imaginary land', 'cowardliness', 'monkey', 'female villain', 'fantasy world', 'wizard', 'speculative', 'hourglass', 'christmas', 'quest', 'red shoes', 'based on young adult novel', 'tin man', 'introspective', 'inspirational', 'amused', 'trying to get home']","['Judy Garland', 'Ray Bolger', 'Jack Haley', 'Bert Lahr', 'Frank Morgan', 'Margaret Hamilton', 'Billie Burke', 'Charley Grapewin', 'Pat Walshe', 'Clara Blandick']",['Victor Fleming'],102.0,1939-08-21,7.583,6216,23.3272,/uCC3j4pV9eOZwzDUWp2ilbcTf1f.jpg,/g1OvTd1eF346vmx8qsJnjaiooZ6.jpg,en,movie,,
637,Life Is Beautiful,A touching story of an Italian book seller of Jewish ancestry who lives in his own little fairy tale. His creative and happy life would come to an abrupt halt when his entire family is deported to a concentration camp during World War II. While locked up he tries to convince his son that the whole thing is just a game.,"['Comedy', 'Drama']","['dying and death', 'bookshop', ""love of one's life"", 'nazi', 'self sacrifice', 'loss of loved one', 'italy', 'riddle', 'mass murder', 'concentration camp', 'fascism', 'holocaust (shoah)', 'world war ii', 'deportation', 'jew persecution', 'story teller', 'riding a bicycle', 'national socialism', 'dark comedy', 'charade', 'concentration camp prisoner', 'romcom', 'dark', 'war', 'nazi germany', 'hopeful']","['Roberto Benigni', 'Nicoletta Braschi', 'Giorgio Cantarini', 'Giustino Durano', 'Sergio Bini Bustric', 'Marisa Paredes', 'Horst Buchholz', 'Lidia Alfonsi', 'Giuliana Lojodice', 'Amerigo Fontani']",['Roberto Benigni'],116.0,1997-12-20,8.438,14144,23.1769,/74hLDKjD5aGYOotO6esUVaeISa2.jpg,/6aNKD81RHR1DqUUa8kOZ1TBY1Lp.jpg,it,movie,,
1481343,The Devil's Mouth,"A group of college friends' Thailand adventure turns deadly when they become trapped in submerged caves with a dangerous predator. As oxygen runs low, past conflicts emerge in their desperate fight for survival.","['Horror', 'Thriller']","['cave', 'animal attack', 'thailand', 'survival', 'creature', 'shark', 'survival horror', 'killer shark', 'aggressive', 'college friends', 'animal horror', 'inspirational', 'survival thriller']","['Kathryn Newton', 'Lana Condor', 'Nico Hiraga', 'Gavin Casalegno', 'Tommi Rose', 'Tayme Thapthimthong', 'Sahajak Boonthanakit', 'Harrison Luna']",['Jeff Wadlow'],106.0,2026-07-29,6.5,582,166.6931,/lH8k9uCWYn2b2gsYleqYBDPbWa8.jpg,/se8LfmZYFiNerF6U7zMUKePV0vE.jpg,en,movie,,
640,Catch Me If You Can,"A true story about Frank Abagnale Jr. who, before his 19th birthday, successfully conned millions of dollars worth of checks as a Pan Am pilot, doctor, and legal prosecutor. An FBI agent makes it his mission to put him behind bars. But Frank not only eludes capture, he revels in the pursuit.","['Drama', 'Crime']","['fbi', 'con man', 'biography', 'based on true story', 'con artist', 'chameleon', 'attempted jailbreak', 'engagement party', 'mislaid trust', 'christmas', 'bank fraud', 'conman', 'fraudster', 'assertive', 'compassionate']","['Leonardo DiCaprio', 'Tom Hanks', 'Christopher Walken', 'Martin Sheen', 'Nathalie Baye', 'Amy Adams', 'James Brolin', 'Brian Howe', 'Frank John Hughes', 'Steve Eastin']",['Steven Spielberg'],141.0,2002-12-16,7.978,17367,20.2891,/ctjEj2xM32OvBXCq8zAdK3ZrsAj.jpg,/sfW8gtA6Bz2F4zK1FoCKbMqTF8Z.jpg,en,movie,,
549509,The Brutalist,"When an innovative modern architect flees post-war Europe, he is given the opportunity to rebuild his legacy. Set during the dawn of the modern United States (in Pennsylvania), his wife joins him, and their lives are forever changed by a demanding, wealthy patron.",['Drama'],"['new york city', 'immigrant', 'husband wife relationship', 'philadelphia, pennsylvania', 'venice, italy', 'capitalism', 'pennsylvania, usa', 'drug addiction', 'architect', 'american dream', 'exploitation', 'holocaust (shoah) survivor', 'architecture', 'period drama', 'post world war ii', 'heroin addict', 'sexual assault', 'ellis island', '1940s', '1980s', '1950s', 'male domination', 'visionary', 'slow burn', 'hungarian', 'psychological drama']","['Adrien Brody', 'Felicity Jones', 'Guy Pearce', 'Joe Alwyn', 'Raffey Cassidy', 'Stacy Martin', 'Isaach de Bankolé', 'Alessandro Nivola', 'Ariane Labed', 'Michael Epp']",['Brady Corbet'],215.0,2024-12-20,6.942,1738,30.5724,/vP7Yd6couiAaw9jgMd5cjMRj3hQ.jpg,/hmZnqijPaaACjenDkrbWcCmcADI.jpg,en,movie,,
762509,Mufasa: The Lion King,"Mufasa, a cub lost and alone, meets a sympathetic lion named Taka, the heir to a royal bloodline. The chance meeting sets in motion an expansive journey of a group of misfits searching for their destiny.","['Adventure', 'Family', 'Animation']","['friendship', 'paradise', 'lion', 'musical', 'sequel', 'prequel', 'jungle', 'told in flashback', 'betrayal by friend', 'chance meeting', 'live action remake', 'found family', 'lost', 'absurd']","['Aaron Pierre', 'Kelvin Harrison Jr.', 'Tiffany Boone', 'Kagiso Lediga', 'Preston Nyman', 'Blue Ivy Carter', 'John Kani', 'Mads Mikkelsen', 'Seth Rogen', 'Billy Eichner']",['Barry Jenkins'],118.0,2024-12-18,7.295,2740,25.02,/jbOSUAWMGzGL1L4EaUF8K6zYFo7.jpg,/1w8kutrRucTd3wlYyu5QlUDMiG1.jpg,en,movie,,
490132,Green Book,"Tony Lip, a bouncer in 1962, is hired to drive pianist Don Shirley on a tour through the Deep South in the days when African Americans, forced to find alternate accommodations and services due to segregation laws below the Mason-Dixon Line, relied on a guide called The Negro Motorist Green Book.","['Drama', 'Comedy', 'History']","['friendship', 'southern usa', 'based on true story', 'road trip', 'racism', 'pianist', 'driver', 'lgbt', 'road movie', 'music tour', '1960s', 'roadtrip', 'gay theme', 'feelgood']","['Viggo Mortensen', 'Mahershala Ali', 'Linda Cardellini', 'Sebastian Maniscalco', 'Dimiter D. Marinov', 'Mike Hatton', 'P.J. Byrne', 'Joe Cortese', 'Mary Agnes Nixon', 'Von Lewis']",['Peter Farrelly'],130.0,2018-11-16,8.223,13085,19.7205,/7BsvSuDQuoqhWmU2fL7W2GOcZHU.jpg,/5En0fmDagt3Pk8d7P3uTwfeQceg.jpg,en,movie,,
385687,Fast X,"Over many missions and against impossible odds, Dom Toretto and his family have outsmarted, out-nerved and outdriven every foe in their path. Now, they confront the most lethal opponent they've ever faced: A terrifying threat emerging from the shadows of the past who's fueled by blood revenge, and who is determined to shatter this family and destroy everything—and everyone—that Dom loves, forever.","['Action', 'Crime', 'Thriller']","['sequel', 'revenge', 'betrayal', 'racing', 'family', 'cliffhanger', 'cars', 'bold', 'brisk', 'forceful']","['Vin Diesel', 'Michelle Rodriguez', 'Tyrese Gibson', 'Ludacris', 'John Cena', 'Nathalie Emmanuel', 'Jordana Brewster', 'Sung Kang', 'Jason Momoa', 'Scott Eastwood']",['Louis Leterrier'],142.0,2023-05-17,6.984,6434,32.5558,/fiVW06jE7z9YnO4trhaMEdclSiC.jpg,/4XM8DUTQb3lhLemJC51Jx4a2EuA.jpg,en,movie,,
1159831,The Bride!,A lonely Frankenstein travels to 1930s Chicago to ask groundbreaking scientist Dr. Euphronious to create a companion for him. The two revive a murdered young woman and The Bride is born. But what ensues is beyond what either of them imagined.,"['Science Fiction', 'Horror', 'Fantasy']","['chicago, illinois', 'new york city', 'prostitute', 'based on novel or book', 'musical', 'mad scientist', 'niagara falls', 'murder', 'loneliness', 'reanimation', 'police corruption', 'back from the dead', 'attempted rape', 'undercover operation', 'reanimated corpse', 'companion', 'woman director', 'sexual assault', 'femicide', '1930s', 'gothic romance', 'female scientist', 'female revolution', 'frankenstein', 'women empowerment', 'monster girl', 'horror romance', 'fugitive lovers', 'romantic fantasy', 'mary shelley', 'sci-fi horror', 'audacious', 'spirit possession']","['Jessie Buckley', 'Christian Bale', 'Peter Sarsgaard', 'John Magaro', 'Jeannie Berlin', 'Annette Bening', 'Jake Gyllenhaal', 'Penélope Cruz', 'Zlatko Burić', 'Louis Cancelmi']",['Maggie Gyllenhaal'],127.0,2026-03-04,6.12,615,18.4411,/lV8YHwGkYZsm6EfIqnhaSz2avKt.jpg,/l8rKKMU2M9dDULO9CEtDNdWAEUJ.jpg,en,movie,,
671,Harry Potter and the Philosopher's Stone,"Harry Potter has lived under the stairs at his aunt and uncle's house his whole life. But on his 11th birthday, he learns he's a powerful wizard—with a place waiting for him at the Hogwarts School of Witchcraft and Wizardry. As he learns to harness his newfound powers with the help of the school's kindly headmaster, Harry uncovers the truth about his parents' deaths—and about the villain who's to blame.","['Adventure', 'Fantasy']","['witch', 'school friend', 'friendship', 'london, england', 'based on novel or book', 'magic', 'boarding school', 'male friendship', 'child hero', 'school of witchcraft', 'chosen one', 'bullying', 'school', 'ghost', 'fantasy world', 'wizard', 'pre-teen', 'calm', ""children's adventure"", 'based on young adult novel', 'found family', 'teen adventure', 'owl', 'male female friendship', 'admiring', 'adoring', 'teen fantasy']","['Daniel Radcliffe', 'Rupert Grint', 'Emma Watson', 'Richard Harris', 'Tom Felton', 'Alan Rickman', 'Robbie Coltrane', 'Maggie Smith', 'Richard Griffiths', 'Ian Hart']",['Chris Columbus'],152.0,2001-11-16,7.902,29981,48.3473,/wuMc08IPKEatf9rnMNXvIDxqP4W.jpg,/1XAC6RPT01UX9EQGy2JVn5c8pgy.jpg,en,movie,,
672,Harry Potter and the Chamber of Secrets,"Cars fly, trees fight back, and a mysterious house-elf comes to warn Harry Potter at the start of his second year at Hogwarts. Adventure and danger await when bloody writing on a wall announces: The Chamber Of Secrets Has Been Opened. To save Hogwarts will require all of Harry, Ron and Hermione's magical abilities and courage.","['Adventure', 'Fantasy']","['witch', 'flying car', 'based on novel or book', 'elves', 'magic', 'sword', 'diary', 'child hero', 'school of witchcraft', 'giant spider', 'black magic', 'giant snake', 'sequel', 'ghost', 'nostalgic', 'child driving car', 'wizard', 'aftercreditsstinger', 'christmas', 'complex', 'based on young adult novel', 'admiring', 'amused', 'teen fantasy']","['Daniel Radcliffe', 'Rupert Grint', 'Emma Watson', 'Kenneth Branagh', 'Toby Jones', 'Robbie Coltrane', 'Richard Harris', 'Alan Rickman', 'Tom Felton', 'Jason Isaacs']",['Chris Columbus'],161.0,2002-11-13,7.707,23891,40.322,/sdEOH0992YZ0QSxgXNIGLq1ToUi.jpg,/1stUIsjawROZxjiCMtqqXqgfZWC.jpg,en,movie,,
673,Harry Potter and the Prisoner of Azkaban,Harry Potter's life is in danger once more as dangerous wizard Sirius Black has escaped from Azkaban Prison and is heading to Hogwarts.,"['Adventure', 'Fantasy']","['witch', 'school friend', 'friendship', 'based on novel or book', 'flying', 'magic', 'bus', 'traitor', 'child hero', 'school of witchcraft', 'black magic', 'time travel', 'sequel', 'school', 'best friend', 'werewolf', 'muggle', 'ghost', 'wizard', 'aftercreditsstinger', 'magical creature', 'night bus', 'teenage life', 'christmas', 'school class', 'based on young adult novel', 'magic spell', 'enchant', 'teen fantasy']","['Daniel Radcliffe', 'Rupert Grint', 'Emma Watson', 'Robbie Coltrane', 'Michael Gambon', 'Gary Oldman', 'David Thewlis', 'Timothy Spall', 'Alan Rickman', 'Tom Felton']",['Alfonso Cuarón'],141.0,2004-05-31,8.01,23455,37.0745,/aWxwnYoe8p2d2fcxOqtvAtJ72Rw.jpg,/htmYEfH7TQgzsXHCnNXxmoYKQtL.jpg,en,movie,,
674,Harry Potter and the Goblet of Fire,"When his name emerges from the Goblet of Fire, Harry Potter becomes a competitor in a grueling battle for glory among three wizarding schools. Signs of Voldemort's return emerge as Harry's friends help him prepare for the Triwizard Tournament.","['Adventure', 'Fantasy']","['witch', 'dying and death', 'based on novel or book', 'magic', 'boarding school', 'maze', 'mermaid', 'school of witchcraft', 'black magic', 'chosen one', 'sequel', 'vision', 'school', 'tournament', 'dragon', 'ghost', 'wizard', 'teenage hero', 'christmas', 'based on young adult novel', 'teen adventure', 'teen fantasy']","['Daniel Radcliffe', 'Rupert Grint', 'Emma Watson', 'Brendan Gleeson', 'Michael Gambon', 'Robert Pattinson', 'Ralph Fiennes', 'Robbie Coltrane', 'Alan Rickman', 'David Tennant']",['Mike Newell'],157.0,2005-11-16,7.802,22465,31.9276,/fECBtHlr0RB3foNHDiCBXeg9Bv9.jpg,/1OV7hau4D3rWGS5bu8sqBYeVpe.jpg,en,movie,,
675,Harry Potter and the Order of the Phoenix,"When a new professor's methods leave Hogwarts unprepared to fight the rising tide of evil, Harry teaches students how to defend against the dark arts.","['Adventure', 'Fantasy']","['witch', 'dying and death', 'based on novel or book', 'court', 'magic', 'prophecy', 'loss of loved one', 'professor', 'supernatural', 'child hero', 'school of witchcraft', 'black magic', 'sorcery', 'sequel', 'coming of age', 'occult', 'ghost', 'wizard', 'christmas', 'scholar', 'mystical land', 'ministry', 'based on young adult novel', 'depressing', 'tragic', 'teen fantasy']","['Daniel Radcliffe', 'Rupert Grint', 'Emma Watson', 'Imelda Staunton', 'Helena Bonham Carter', 'Robbie Coltrane', 'Gary Oldman', 'Ralph Fiennes', 'Michael Gambon', 'Alan Rickman']",['David Yates'],138.0,2007-07-08,7.673,21076,28.6497,/5aOyriWkPec0zUDxmHFP9qMmBaj.jpg,/pkxPkHOPJjOvzfQOclANEBT8OfK.jpg,en,movie,,
1381027,Good Boy,"Tommy, a volatile 19-year-old, revels in drugs, parties and violence. After getting separated from his friends on a drunken bender, he is abducted by a shadowy figure. He wakes to find himself imprisoned in the basement of a remote Yorkshire house, inhabited by a very strange family. But what unfolds is not what he could possibly expect.","['Thriller', 'Drama', 'Mystery']","['kidnapping', 'yorkshire', 'paranoid', 'family life', 'toxic relationship', 'toxic family', 'dramatic', 'complicated', 'harsh', 'sympathetic']","['Stephen Graham', 'Andrea Riseborough', 'Anson Boon', 'Kit Rakusen', 'Monika Frajczyk', 'Savannah Steyn', 'Mila Jankowska', 'Callum Booth-Ford', 'Noah Valentine', 'Noah Manzoor']",['Jan Komasa'],110.0,2026-03-06,7.144,208,27.1551,/eWb841fMkSNly5gfL9J1N0xzVYI.jpg,/zeCuk7kwfhzRZMN2KoYTYODgpU3.jpg,en,movie,,
617126,The Fantastic 4: First Steps,"Against the vibrant backdrop of a 1960s-inspired, retro-futuristic world, Marvel's First Family is forced to balance their roles as heroes with the strength of their family bond, while defending Earth from a ravenous space god called Galactus and his enigmatic Herald, Silver Surfer.","['Science Fiction', 'Adventure', 'Action']","['strong woman', 'saving the world', 'superhero', 'based on comic', 'end of the world', 'super power', 'superhero team', 'alternative reality', 'aftercreditsstinger', 'duringcreditsstinger', 'marvel cinematic universe (mcu)', 'silver surfer', '1960s', 'retrofuturism', 'teamwork', 'casual', 'romantic', 'antagonistic', 'awestruck', 'enthusiastic', 'team dynamics', 'power awakening', 'planet devourer', 'cosmic entity']","['Pedro Pascal', 'Vanessa Kirby', 'Ebon Moss-Bachrach', 'Joseph Quinn', 'Ralph Ineson', 'Julia Garner', 'Paul Walter Hauser', 'Natasha Lyonne', 'Sarah Niles', 'Mark Gatiss']",['Matt Shakman'],115.0,2025-07-23,6.944,3673,51.547,/nf5qaSEvyYSNeFH0YhSs5EsBLX9.jpg,/s94NjfKkcSczZ1FembwmQZwsuwY.jpg,en,movie,,
1325734,The Drama,A happily engaged couple is put to the test when an unexpected turn sends their wedding week off the rails.,"['Romance', 'Comedy', 'Drama']","['infidelity', 'boston, massachusetts', 'dark comedy', 'romcom', 'engaged couple', 'trust issues', 'provocative', 'romantic', 'adoring', 'audacious', 'melodramatic', 'sympathetic']","['Zendaya', 'Robert Pattinson', 'Alana Haim', 'Mamoudou Athie', 'Hailey Benton Gates', 'Sydney Lemmon', 'Hannah Gross', 'Anna Baryshnikov', 'Jordyn Curet', 'Michael Abbott Jr.']",['Kristoffer Borgli'],105.0,2026-04-01,6.903,1544,45.0601,/rnIOUhzwJDfgQakx8EjoNyItKgs.jpg,/1oKLEA9JOhvaBwLpqjROisvWMy7.jpg,en,movie,,
680,Pulp Fiction,"A burger-loving hit man, his philosophical partner, a drug-addled gangster's moll and a washed-up boxer converge in this sprawling, comedic crime caper. Their adventures unfurl in three stories that ingeniously trip back and forth in time.","['Thriller', 'Crime', 'Comedy']","['drug dealer', 'drug crime', 'gangster', 'dark comedy', 'stolen money', 'crime boss', 'redemption', 'los angeles, california', 'theft', 'couple', 'nonlinear timeline', 'multiple storylines', 'disturbed', 'aggressive', 'neo-noir', 'suspenseful']","['John Travolta', 'Samuel L. Jackson', 'Uma Thurman', 'Bruce Willis', 'Ving Rhames', 'Harvey Keitel', 'Eric Stoltz', 'Tim Roth', 'Amanda Plummer', 'Maria de Medeiros']",['Quentin Tarantino'],154.0,1994-09-10,8.481,30617,42.442,/vQWk5YBFWF4bZaofAbv0tShwBvQ.jpg,/suaEOtk1N1sgg2MTM7oZd2cfVp3.jpg,en,movie,,
679,Aliens,"Ripley, the sole survivor of the Nostromo's deadly encounter with the monstrous Alien, returns to Earth after drifting through space in hypersleep for 57 years. Although her story is initially met with skepticism, she agrees to accompany a team of Colonial Marines back to LV-426.","['Action', 'Thriller', 'Science Fiction']","['android', 'space marine', 'extraterrestrial technology', 'spaceman', 'space travel', 'settler', 'colony', 'cryogenics', 'vacuum', 'space colony', 'warrior woman', 'sequel', 'alien', 'space', 'female protagonist', 'creature', 'desolate', 'female hero', 'military sci-fi', 'desolate planet', 'critical', 'sinister', 'sci-fi horror', 'assertive', 'commanding', 'empathetic', 'exhilarated', 'action horror', 'sci-fi action']","['Sigourney Weaver', 'Carrie Henn', 'Michael Biehn', 'Paul Reiser', 'Lance Henriksen', 'Bill Paxton', 'William Hope', 'Jenette Goldstein', 'Al Matthews', 'Mark Rolston']",['James Cameron'],137.0,1986-07-18,7.965,11047,23.3974,/r1x5JGpyqZU8PYhbs4UcrO1Xb6x.jpg,/4kix6fAblJIH6eMs0Ku2loyZJXK.jpg,en,movie,,
694,The Shining,"Jack Torrance accepts a caretaker job at the Overlook Hotel, where he, along with his wife Wendy and their son Danny, must live isolated from the rest of the world for the winter. But they aren't prepared for the madness that lurks within.","['Horror', 'Thriller']","['hotel', ""new year's eve"", 'child abuse', 'based on novel or book', 'isolation', 'telepathy', 'delusion', 'halloween', 'snowstorm', 'colorado', 'seclusion', 'surrealism', ""writer's block"", 'alcoholism', 'premonition', 'psychic power', 'caretaker', 'loneliness', 'vision', 'domestic violence', 'postmodern', 'psychological thriller', 'writer', 'twins', 'labyrinth', 'alcoholic', 'blizzard', 'mutilation', 'bloody body of child', 'extrasensory perception', 'motherhood', 'hypothermia', 'haunted hotel', 'psychological disintegration', 'disturbed', 'pediatrician', 'repetition', 'mother son relationship', 'supernatural power', 'new year', 'supernatural horror', 'ghost child', 'dreary', 'deal with the devil', 'nuclear family', 'avant garde', ""new year's party"", 'identical twins', 'ambiguous', 'comforting', 'frightened', 'subjective']","['Jack Nicholson', 'Shelley Duvall', 'Danny Lloyd', 'Scatman Crothers', 'Barry Nelson', 'Philip Stone', 'Joe Turkel', 'Anne Jackson', 'Tony Burton', 'Lia Beldam']",['Stanley Kubrick'],144.0,1980-05-23,8.201,19197,22.4299,/uAR0AWqhQL1hQa69UDEbb2rE5Wx.jpg,/mmd1HnuvAzFc4iuVJcnBrhDNEKr.jpg,en,movie,,
1477317,Your Fault: London,"Nick and Noah are both embarking on life-changing adventures that are threatening to pull them apart—Nick in business with his father and Noah starting a fresh chapter at Oxford University. Now living separate lives, and meeting new people, they find themselves entangled in temptations, rivalries, and betrayals and their bond is tested like never before. As secrets unravel and temptation rises, they must fight to hold onto each other—or risk losing everything.","['Romance', 'Drama']","['based on novel or book', 'sequel', 'steamy romance']","['Asha Banks', 'Matthew Broome', 'Louisa Binder', 'Joel Nankervis', 'Scarlett Rayner', 'Orlando Norman', 'Ray Fearon', 'Enva Lewis', 'Eve Macklin', 'Nicole Ansari-Cox']","['Dani Girdwood', 'Charlotte Fassler']",123.0,2026-06-17,7.5,185,21.6532,/nLxu237EJAisFCYKK48hN9Plobx.jpg,/wQOhbCP6H8bO5ddlXDZT207orew.jpg,en,movie,,
1327819,Hoppers,"Scientists have discovered how to 'hop' human consciousness into lifelike robotic animals, allowing people to communicate with animals as animals. Animal lover Mabel seizes an opportunity to use the technology, uncovering mysteries within the animal world beyond anything she could have imagined.","['Adventure', 'Animation', 'Comedy', 'Family', 'Science Fiction']","['human vs nature', 'spy', 'beaver', 'oregon, usa', 'transhumanism', 'consciousness', 'aftercreditsstinger', 'duringcreditsstinger', 'human becoming an animal', 'robotic animal', 'mischievous', '3d animation', 'amused', 'bold', 'enthusiastic']","['Piper Curda', 'Bobby Moynihan', 'Jon Hamm', 'Kathy Najimy', 'Dave Franco', 'Eduardo Franco', 'Aparna Nancherla', 'Tom Law', 'Sam Richardson', 'Melissa Villaseñor']",['Daniel Chong'],104.0,2026-03-04,8.182,2158,61.6587,/xjtWQ2CL1mpmMNwuU5HeS4Iuwuu.jpg,/3Jj0A10NVu2dWnoEL5t5oT79L1Y.jpg,en,movie,,
637649,Wrath of Man,"A cold and mysterious new security guard for a Los Angeles cash truck company surprises his co-workers when he unleashes precision skills during a heist. The crew is left wondering who he is and where he came from. Soon, the marksman's ultimate motive becomes clear as he takes dramatic and irrevocable steps to settle a score.","['Thriller', 'Crime', 'Drama']","['crime boss', 'armored car', 'remake', 'revenge', 'shootout', 'shooter', 'los angeles, california', 'security guard', 'armored car robbery', 'marksman', 'ex soldier', 'armed robbery', 'marksmanship', 'father son relationship', 'precision', 'cash truck', 'money heist', 'special skills']","['Jason Statham', 'Holt McCallany', 'Rocci Williams', 'Josh Hartnett', 'Jeffrey Donovan', 'Scott Eastwood', 'Andy Garcia', 'Deobia Oparei', 'Laz Alonso', 'Raúl Castillo']",['Guy Ritchie'],119.0,2021-04-22,7.574,6224,28.2018,/M7SUK85sKjaStg4TKhlAVyGlz3.jpg,/70AV2Xx5FQYj20labp0EGdbjI6E.jpg,en,movie,,
330457,Frozen II,"Elsa, Anna, Kristoff and Olaf head far into the forest to learn the truth about an ancient mystery of their kingdom.","['Family', 'Animation', 'Adventure', 'Comedy', 'Fantasy']","['princess', 'magic', 'kingdom', 'winter', 'queen', 'castle', 'musical', 'sequel', 'dam', 'spirit', 'aftercreditsstinger', 'frozen', 'personification', 'thoughtful', 'mother daughter relationship', '3d animation', 'whimsical', 'appreciative', 'compassionate']","['Kristen Bell', 'Idina Menzel', 'Josh Gad', 'Evan Rachel Wood', 'Jonathan Groff', 'Sterling K. Brown', 'Alfred Molina', 'Rachel Matthews', 'Jason Ritter', 'Martha Plimpton']","['Jennifer Lee', 'Chris Buck']",103.0,2019-11-20,7.227,10392,27.6114,/mINJaa34MtknCYl5AjtNJzWj8cD.jpg,/AoSZyb37ljMAxw0RdeQEBHKtgcc.jpg,en,movie,,
1280738,The Furious,"After a criminal network kidnaps Wang Wei's daughter and the corrupt police refuse to assist him, Wei sets out on his own to locate her. Navin, a tenacious journalist whose wife has mysteriously vanished, is his only ally. In this explosive martial arts showdown, the unlikely duo fights the kidnappers ruthlessly driven by a furious vengeance.","['Action', 'Crime', 'Thriller']","['martial arts', 'kung fu', 'rescue mission', 'police corruption', 'child trafficking', 'child kidnapping', 'missing wife', 'child rescue', 'frustrated', 'relentless vengeance', 'dynamic duo']","['Xie Miao', 'Joe Taslim', 'Yang Enyou', 'Yayan Ruhian', 'JeeJa Yanin', 'Brian Le', 'Joey Iwanaga', 'Sahajak Boonthanakit', 'Manatsanun Panlertwongskul', 'Winai Wiangyangkung']",['Kenji Tanigaki'],113.0,2026-06-10,7.763,399,83.7546,/zP19YO60jwEsfKd5Qf1UvA5uJu8.jpg,/9XwQphZxNJgGASfjL58mhIkJJpf.jpg,zh,movie,,
744,Top Gun,"For Lieutenant Pete 'Maverick' Mitchell and his friend and co-pilot Nick 'Goose' Bradshaw, being accepted into an elite training school for fighter pilots is a dream come true. But a tragedy, as well as personal demons, will threaten Pete's dreams of becoming an ace pilot.","['Action', 'Drama', 'Romance']","['dying and death', 'secret love', 'lovesickness', 'airplane', 'loss of loved one', 'self-discovery', 'hostility', 'fighter pilot', 'pilot', 'training camp', 'battle assignment', 'u.s. navy', 'cowardliness', 'homoeroticism', 'pilot school', 'based on magazine, newspaper or article']","['Tom Cruise', 'Kelly McGillis', 'Val Kilmer', 'Anthony Edwards', 'Tom Skerritt', 'Michael Ironside', 'John Stockwell', 'Barry Tubb', 'Rick Rossovich', 'Tim Robbins']",['Tony Scott'],110.0,1986-05-16,7.071,9775,26.373,/xUuHj3CgmZQ9P2cMaqQs4J0d4Zc.jpg,/dBgxEkWe17R0AJDAvAhpeVELQx2.jpg,en,movie,,
436969,The Suicide Squad,"Supervillains Harley Quinn, Bloodsport, Peacemaker and a collection of nutty cons at Belle Reve prison join the super-secret, super-shady Task Force X as they are dropped off at the remote, enemy-infused island of Corto Maltese.","['Action', 'Comedy', 'Adventure']","['monster', 'secret mission', 'superhero', 'anti hero', 'giant monster', 'gore', 'based on comic', 'alien', 'betrayal', 'alien invasion', 'convict', 'parasite', 'super villain', 'world domination', 'aftercreditsstinger', 'aggressive', 'dc extended universe (dceu)', 'absurd', 'hilarious', 'intense', 'excited']","['Margot Robbie', 'Idris Elba', 'John Cena', 'Joel Kinnaman', 'Sylvester Stallone', 'Viola Davis', 'David Dastmalchian', 'Daniela Melchior', 'Michael Rooker', 'Jai Courtney']",['James Gunn'],132.0,2021-07-28,7.453,9763,28.1424,/q61qEyssk2ku3okWICKArlAdhBn.jpg,/jlGmlFOcfo8n5tURmhC7YVd4Iyy.jpg,en,movie,,
767,Harry Potter and the Half-Blood Prince,Dumbledore tries to prepare Harry for the final battle with Voldemort while Death Eaters wreak havoc in both Muggle and Wizard worlds.,"['Adventure', 'Fantasy']","['witch', 'dying and death', 'london, england', 'based on novel or book', 'magic', 'school of witchcraft', 'sequel', 'apparition', 'curse', 'teenage crush', 'school', 'werewolf', 'teenage love', 'luck', 'ghost', 'wizard', 'secret past', 'christmas', 'based on young adult novel', 'depressing', 'teen fantasy']","['Daniel Radcliffe', 'Rupert Grint', 'Emma Watson', 'Jim Broadbent', 'Michael Gambon', 'Tom Felton', 'Alan Rickman', 'Bonnie Wright', 'Jessie Cave', 'Evanna Lynch']",['David Yates'],153.0,2009-07-15,7.682,21053,33.3834,/z7uo9zmQdQwU5ZJHFpv2Upl30i1.jpg,/ze6Mx4QE5mQVXRYmG2flncqqle4.jpg,en,movie,,
769,GoodFellas,"The true story of Henry Hill, a half-Irish, half-Sicilian Brooklyn kid who is adopted by neighbourhood gangsters at an early age and climbs the ranks of a Mafia family under the guidance of Jimmy Conway.","['Drama', 'Crime']","['prison', 'florida', 'new york city', 'based on novel or book', 'gangster', 'mass murder', 'drug trafficking', '1970s', 'irish-american', 'gore', 'biography', 'based on true story', 'murder', 'organized crime', 'mafia', 'brooklyn, new york city', 'crime epic', 'tampa, florida']","['Robert De Niro', 'Ray Liotta', 'Joe Pesci', 'Lorraine Bracco', 'Paul Sorvino', 'Frank Sivero', 'Tony Darrow', 'Mike Starr', 'Frank Vincent', 'Chuck Low']",['Martin Scorsese'],145.0,1990-09-12,8.45,14603,27.1139,/9OkCLM73MIU2CrKZbqiT8Ln1wY2.jpg,/gILte6Zd7m1YneIr6MVhh30S9pr.jpg,en,movie,,
271110,Captain America: Civil War,"Following the events of Age of Ultron, the collective governments of the world pass an act designed to regulate all superhuman activity. This polarizes opinion amongst the Avengers, causing two factions to side with Iron Man or Captain America, which causes an epic battle between former allies.","['Adventure', 'Action', 'Science Fiction']","['superhero', 'based on comic', 'sequel', 'super soldier', 'aftercreditsstinger', 'duringcreditsstinger', 'marvel cinematic universe (mcu)', 'superhero teamup', 'versus fighting', 'versus']","['Chris Evans', 'Robert Downey Jr.', 'Scarlett Johansson', 'Sebastian Stan', 'Anthony Mackie', 'Don Cheadle', 'Jeremy Renner', 'Chadwick Boseman', 'Paul Bettany', 'Elizabeth Olsen']","['Joe Russo', 'Anthony Russo']",147.0,2016-04-27,7.45,24335,56.4619,/rAGiXaUfPzY7CDEyNKUofk3Kw2e.jpg,/wdwcOBMkt3zmPQuEMxB3FUtMio2.jpg,en,movie,,
840464,Greenland 2: Migration,"Having found the safety of the Greenland bunker after the comet Clarke decimated the Earth, the Garrity family must now risk everything to embark on a perilous journey across the wasteland of Europe to find a new home.","['Adventure', 'Thriller', 'Science Fiction']","['natural disaster', 'sequel', 'shelter', 'protective father', 'traumatized child', 'audacious', 'human resilience', 'emotional trauma', 'post‑apocalyptic journey', 'family survival', 'harsh environment', 'constant threat', 'resourceful mother', 'military authority', 'collapse of society', 'resource scarcity', 'parental sacrifice', 'lawless zones']","['Gerard Butler', 'Morena Baccarin', 'Roman Griffin Davis', 'Tommie Earl Jenkins', 'Trond Fausa Aurvåg', 'Amber Rose Revah', 'Gina Gangar', 'Antonio De Lima', 'Peter Polycarpou', 'Beruce Khan']",['Ric Roman Waugh'],98.0,2026-01-07,6.409,1442,47.6362,/z2tqCJLsw6uEJ8nJV8BsQXGa3dr.jpg,/cLFbDVfhllIMybpo2fkGNzehiQG.jpg,en,movie,,
453395,Doctor Strange in the Multiverse of Madness,"Doctor Strange, with the help of mystical allies both old and new, traverses the mind-bending and dangerous alternate realities of the Multiverse to confront a mysterious new adversary.","['Fantasy', 'Action', 'Adventure']","['magic', 'superhero', 'based on comic', 'alternative reality', 'aftercreditsstinger', 'duringcreditsstinger', 'marvel cinematic universe (mcu)']","['Benedict Cumberbatch', 'Xochitl Gomez', 'Elizabeth Olsen', 'Chiwetel Ejiofor', 'Benedict Wong', 'Rachel McAdams', 'Jett Klyne', 'Julian Hilliard', 'Michael Stuhlbarg', 'Hayley Atwell']",['Sam Raimi'],126.0,2022-05-04,7.229,10616,45.0958,/ddJcSKbcp4rKZTmuyWaMhuwcfMz.jpg,/lv3TXqhpaIxkclIHbhN2MRMOemQ.jpg,en,movie,,
1084187,Pretty Lethal,A troupe of ballerinas find themselves fighting for survival as they attempt to escape from a remote inn after their bus breaks down on the way to a dance competition.,"['Action', 'Thriller', 'Horror']","['hungary', 'dance competition', 'ballerina', 'prima ballerina', 'remote inn', 'admiring', 'fight for survival', 'dance troupe']","['Maddie Ziegler', 'Lana Condor', 'Iris Apatow', 'Millicent Simmonds', 'Avantika', 'Michael Culkin', 'Lydia Leonard', 'Uma Thurman', 'Tamás Hagyó', 'Julian Krenn']",['Vicky Jewson'],89.0,2026-03-13,6.8,473,23.5719,/znTPnXCK3lEQJgqXCvP7e5FUz6f.jpg,/z3bzhmC0CPikWeerUkLO73YvGrC.jpg,en,movie,,
11036,The Notebook,"An epic love story centered around an older man who reads aloud to a woman with Alzheimer's. From a faded notebook, the old man's words bring to life the story about a couple who is separated by World War II, and is then passionately reunited, seven years later, after they have taken different paths.","['Romance', 'Drama']","['secret love', 'soulmates', 'based on novel or book', ""love of one's life"", 'fight', 'poem', 'river', 'sadness', 'class', 'dementia', 'tears', 'candle', 'mailbox', ""valentine's day"", 'romantic']","['Ryan Gosling', 'Rachel McAdams', 'Gena Rowlands', 'James Garner', 'Joan Allen', 'David Thornton', 'James Marsden', 'Kevin Connolly', 'Sam Shepard', 'Starletta DuPois']",['Nick Cassavetes'],123.0,2004-06-25,7.891,12740,32.8785,/rNzQyW4f8B8cQeg7Dgj3n6eT5k9.jpg,/zdXnJqBaGFVtLoPNuMeKfEYUViZ.jpg,en,movie,,
293660,Deadpool,"The origin story of former Special Forces operative turned mercenary Wade Wilson, who, after being subjected to a rogue experiment that leaves him with accelerated healing powers, adopts the alter ego Deadpool. Armed with his new abilities and a dark, twisted sense of humor, Deadpool hunts down the man who nearly destroyed his life.","['Action', 'Adventure', 'Comedy']","['superhero', 'anti hero', 'mercenary', 'based on comic', 'aftercreditsstinger', 'duringcreditsstinger']","['Ryan Reynolds', 'Morena Baccarin', 'Ed Skrein', 'T.J. Miller', 'Gina Carano', 'Leslie Uggams', 'Brianna Hildebrand', 'Stefan Kapičić', 'Karan Soni', 'Randal Reeder']",['Tim Miller'],108.0,2016-02-09,7.625,33078,32.1108,/3E53WEZJqP6aM84D8CckXx4pIHw.jpg,/en971MEXui9diirXlogOrPKmsEn.jpg,en,movie,,
205596,The Imitation Game,"Based on the real life story of legendary cryptanalyst Alan Turing, the film portrays the nail-biting race against time by Turing and his brilliant team of code-breakers at Britain's top-secret Government Code and Cypher School at Bletchley Park, during the darkest days of World War II.","['History', 'Drama', 'Thriller', 'War']","['england', 'homophobia', 'world war ii', 'mathematician', 'genius', 'biography', 'based on true story', 'male homosexuality', 'code breaking', 'lgbt', 'logician', 'cryptography', 'math genius', 'gay theme', 'inspirational', 'codes']","['Benedict Cumberbatch', 'Keira Knightley', 'Matthew Goode', 'Rory Kinnear', 'Allen Leech', 'Matthew Beard', 'Charles Dance', 'Mark Strong', 'James Northcote', 'Tom Goodman-Hill']",['Morten Tyldum'],113.0,2014-11-14,7.982,18280,22.423,/zSqJ1qFq8NXFfi7JeIYMlzyR0dx.jpg,/usuRn9DUKQQr4nBWnrQzlOuZ1Q4.jpg,en,movie,,
320288,Dark Phoenix,"The X-Men face their most formidable and powerful foe when one of their own, Jean Grey, starts to spiral out of control. During a rescue mission in outer space, Jean is nearly killed when she's hit by a mysterious cosmic force. Once she returns home, this force not only makes her infinitely more powerful, but far more unstable. The X-Men must now band together to save her soul and battle aliens that want to use Grey's new abilities to rule the galaxy.","['Science Fiction', 'Action', 'Adventure']","['superhero', 'mutant', 'telekinesis', 'based on comic', 'sequel', 'prequel', 'superhero team', 'hostile', '1990s', 'cosmic', 'excited']","['Sophie Turner', 'James McAvoy', 'Nicholas Hoult', 'Tye Sheridan', 'Michael Fassbender', 'Alexandra Shipp', 'Evan Peters', 'Jessica Chastain', 'Kodi Smit-McPhee', 'Jennifer Lawrence']",['Simon Kinberg'],114.0,2019-06-05,5.965,7190,24.9266,/cCTJPelKGLhALq3r51A9uMonxKj.jpg,/cjRUhKyt2Jo3V1KNzc5tpPNfccG.jpg,en,movie,,
807,Se7en,"Two homicide detectives are on a desperate hunt for a serial killer whose crimes are based on the ""seven deadly sins"" in this dark and haunting film that takes viewers from the tortured remains of one victim to the next. The seasoned Det. Somerset researches each sin in an effort to get inside the killer's mind, while his novice partner, Mills, scoffs at his efforts to unravel the case.","['Crime', 'Mystery', 'Thriller']","['rage and hate', 'police', 's.w.a.t.', 'sadism', 'self-fulfilling prophecy', 'psychopath', 'detective', 'investigation', 'insomnia', 'murder', 'serial killer', 'religion', 'shootout', 'corpse', 'seven deadly sins', 'depravity', 'neo-noir', 'urban gothic', 'grimdark', 'seven: los siete pecados capitales']","['Morgan Freeman', 'Brad Pitt', 'Gwyneth Paltrow', 'John Cassini', 'Peter Crombie', 'Reg E. Cathey', 'R. Lee Ermey', 'Daniel Zacapa', 'Andrew Kevin Walker', 'George Christy']",['David Fincher'],127.0,1995-09-22,8.38,23515,33.8713,/191nKfP0ehp3uIvWqgPbFmI4lv9.jpg,/i5H7zusQGsysGQ8i6P361Vnr0n2.jpg,en,movie,,
808,Shrek,"It ain't easy bein' green -- especially if you're a likable (albeit smelly) ogre named Shrek. On a mission to retrieve a gorgeous princess from the clutches of a fire-breathing dragon, Shrek teams up with an unlikely compatriot -- a wisecracking donkey.","['Animation', 'Comedy', 'Fantasy', 'Adventure', 'Family']","['princess', 'based on novel or book', 'magic', 'fairy tale', 'donkey', 'liberation', 'lordship', 'prince', 'castle', 'villain', 'robin hood', 'enchantment', 'swamp', 'parody', 'anthropomorphism', 'dragon', 'woman director', 'ogre', 'satirical', 'wonder', '3d animation', 'grand', 'cartoon donkey', 'witty', 'romantic', 'admiring', 'appreciative', 'bold']","['Mike Myers', 'Eddie Murphy', 'Cameron Diaz', 'John Lithgow', 'Vincent Cassel', 'Peter Dennis', 'Clive Pearse', 'Jim Cummings', 'Bobby Block', 'Chris Miller']","['Andrew Adamson', 'Vicky Jenson']",90.0,2001-05-18,7.775,19107,28.768,/iB64vpL3dIObOtMZgX3RqdVdQDc.jpg,/sRvXNDItGlWCqtO3j6wks52FmbD.jpg,en,movie,,
809,Shrek 2,"Happily ever after never seemed so far far away when a trip to meet the in-laws turns into a hilariously twisted adventure for Shrek and Fiona. With the help of ever-faithful Donkey, Shrek takes on the potion-brewing Fairy Godmother, pompous Prince Charming, and infamous ogre-killer Puss In Boots.","['Animation', 'Comedy', 'Family', 'Fantasy', 'Romance']","['prison', 'princess', 'magic', 'kingdom', 'fairy tale', 'liberation', 'transformation', 'honeymoon', 'prince', 'villain', 'parents-in-law', 'enchantment', 'sequel', 'anthropomorphism', 'dragon', 'aftercreditsstinger', 'ogre', 'fairy godmother', 'philosophical', 'complex', '3d animation', 'cartoon donkey', 'hilarious', 'romantic', 'bold', 'excited']","['Mike Myers', 'Eddie Murphy', 'Cameron Diaz', 'Julie Andrews', 'Antonio Banderas', 'John Cleese', 'Rupert Everett', 'Jennifer Saunders', 'Aron Warner', 'Kelly Asbury']","['Conrad Vernon', 'Kelly Asbury', 'Andrew Adamson']",92.0,2004-05-19,7.326,13647,21.4086,/2yYP0PQjG8zVqturh1BAqu2Tixl.jpg,/8ohobj5lAIbl5XWw11FywS3IRrS.jpg,en,movie,,
812,Aladdin,"In the boorish city of Agrabah, kind-hearted street urchin Aladdin and Princess Jasmine fall in love, although she can only marry a prince. He and power-hungry Grand Vizier Jafar vie for a magic lamp that can fulfill their wishes.","['Animation', 'Family', 'Adventure', 'Fantasy', 'Romance']","['princess', 'magic', 'tiger', 'cartoon', 'villain', 'parrot', 'sultan', 'flying carpet', 'wish', 'musical', 'love', 'monkey', 'arab', 'aftercreditsstinger', 'genie', 'arabian nights', 'animal sidekick', 'magic lamp', 'good versus evil', 'enchant']","['Scott Weinger', 'Robin Williams', 'Linda Larkin', 'Jonathan Freeman', 'Gilbert Gottfried', 'Douglas Seale', 'Frank Welker', 'Brad Kane', 'Lea Salonga', 'Bruce Adler']","['Ron Clements', 'John Musker']",91.0,1992-11-25,7.658,12176,19.3699,/eLFfl7vS8dkeG1hKp5mwbm37V83.jpg,/nenJjvfe2Eq8uBMXFJnWj5mw4bi.jpg,en,movie,,
1340206,Tuner,"A gifted piano tuner's meticulous skills for tuning pianos lead him to discover an unexpected aptitude for cracking safes, turning his life upside down.","['Crime', 'Drama', 'Thriller']","['robbery', 'mentor', 'child prodigy', 'romance', 'theft', 'pianist', 'disability', 'headphones', 'tuner', 'piano', 'hearing impaired', 'lyrical', 'noise', 'piano tuner', 'safecracking', 'hyperacusis', 'medical bills', 'hearing condition', 'hearing disorder', 'perfect pitch']","['Leo Woodall', 'Havana Rose Liu', 'Lior Raz', 'Tovah Feldshuh', 'Gil Cohen', 'Nissan Sakira', 'Jean Yoon', 'Jean Reno', 'Dustin Hoffman', 'Alisen Richmond-Peck']",['Daniel Roher'],108.0,2026-05-21,7.2,233,18.0618,/5OvA3i9wZs5jHu0DCrfmXlzAM67.jpg,/sT5Inhc0aaReSZoufWgfJTQUbKp.jpg,en,movie,,
228150,Fury,"April, 1945. As the Allies make their final push in the European Theater, a battle-hardened army sergeant commands a Sherman tank with a five-man crew on a deadly mission behind enemy lines.","['War', 'Drama', 'Action']","['hero', 'nazi', 'ambush', 'bravery', 'world war ii', 'heroism', 'tank', 'europe', 'execution', 'battle', 'brutality', 'hatred', 'tank battle', '1940s', 'enclosed space', 'beating the odds', 'european theatre', 'exhilarated', 'tanks']","['Brad Pitt', 'Shia LaBeouf', 'Logan Lerman', 'Michael Peña', 'Jon Bernthal', 'Jim Parrack', 'Brad William Henke', 'Kevin Vance', 'Xavier Samuel', 'Jason Isaacs']",['David Ayer'],135.0,2014-10-15,7.546,13114,31.448,/pfte7wdMobMF4CVHuOxyu6oqeeA.jpg,/95ckrV6wQgbffurAVmETQ5YKASL.jpg,en,movie,,
76600,Avatar: The Way of Water,"Set more than a decade after the events of the first film, learn the story of the Sully family (Jake, Neytiri, and their kids), the trouble that follows them, the lengths they go to keep each other safe, the battles they fight to stay alive, and the tragedies they endure.","['Action', 'Adventure', 'Science Fiction']","['dying and death', 'loss of loved one', 'alien life-form', 'resurrection', 'dysfunctional family', 'sequel', 'alien planet', 'distant future', 'transhumanism', 'adopted child', 'rebirth', 'motion capture', 'family dynamics', 'adopted son', 'stronger villain', 'complex', 'war', 'bold', 'complicated', 'demeaning', 'exhilarated']","['Sam Worthington', 'Zoe Saldaña', 'Sigourney Weaver', 'Stephen Lang', 'Kate Winslet', 'Cliff Curtis', 'Joel David Moore', 'CCH Pounder', 'Edie Falco', 'Jemaine Clement']",['James Cameron'],192.0,2022-12-14,7.589,14489,29.9744,/t6HIqrRAclMCA60NsSmeqe9RmNV.jpg,/kJsPVzdyBrYHLomuNv5SJDXUQ2f.jpg,en,movie,,
568124,Encanto,"The tale of an extraordinary family, the Madrigals, who live hidden in the mountains of Colombia, in a magical house, in a vibrant town, in a wondrous, charmed place called an Encanto. The magic of the Encanto has blessed every child in the family—every child except one, Mirabel. But when she discovers that the magic surrounding the Encanto is in danger, Mirabel decides that she, the only ordinary Madrigal, might just be her exceptional family's last hope.","['Animation', 'Comedy', 'Family', 'Fantasy']","['strong woman', 'magic', 'sadness', 'immigration', 'supernatural', 'beauty', 'musical', 'big family', 'forest', 'family secrets', 'family relationships', 'flamenco', 'joy of life', 'teenage girl', 'female protagonist', 'family conflict', 'helping children', 'matriarch', '3d animation', 'colombia']","['Stephanie Beatriz', 'María Cecilia Botero', 'John Leguizamo', 'Diane Guerrero', 'Jess Darrow', 'Carolina Gaitán', 'Angie Cepeda', 'Ravi Cabot-Conyers', 'Mauro Castillo', 'Rhenzy Feliz']","['Byron Howard', 'Jared Bush']",102.0,2021-10-13,7.566,10325,16.4805,/4j0PNHkMr5ax3IA8tjtxcmPU3QT.jpg,/3G1Q5xF40HkUBJXxt2DQgQzKTp5.jpg,en,movie,,
1168190,The Wrecking Crew,"Estranged half-brothers Jonny and James reunite after their father's mysterious death. As they search for the truth, buried secrets reveal a conspiracy threatening to tear their family apart.","['Action', 'Comedy', 'Crime', 'Mystery']","['brotherhood', 'reunion', 'family conflict', 'power struggle', 'hand to hand combat', 'family legacy', 'helicopter chase', 'brother brother relationship', 'loss of father', 'explosive action', 'high‑stakes mission', 'rival enforcer', 'team loyalty', 'vengeful motives', 'muscular spectacle', 'strategic fighter', 'heavy firepower']","['Dave Bautista', 'Jason Momoa', 'Temuera Morrison', 'Morena Baccarin', 'Roimata Fox', 'Frankie Adams', 'Claes Bang', 'Jacob Batalon', 'Maia Kealoha', 'Stephen Root']",['Ángel Manuel Soto'],125.0,2026-01-28,7.075,1204,33.8646,/gbVwHl4YPSq6BcC92TQpe7qUTh6.jpg,/cz4vLJrmaV1zJlRYbxqtvLzeLWB.jpg,en,movie,,
6977,No Country for Old Men,"Llewelyn Moss stumbles upon dead bodies, $2 million and a hoard of heroin in a Texas desert, but methodical killer Anton Chigurh comes looking for it, with local sheriff Ed Tom Bell hot on his trail. The roles of prey and predator blur as the violent pursuit of money and justice collide.","['Crime', 'Thriller', 'Western']","['vietnam veteran', 'sheriff', 'trailer park', 'based on novel or book', 'hitman', 'psychopath', 'drug trafficking', 'texas', 'motel', 'usa–mexico border', 'drug cartel', 'fate', 'desert', 'modern-day western', 'neo-western', 'tracking device', 'cold blooded killer', 'motel room', 'cartel', 'neo-noir', '1980s', 'mexican cartel', 'drug deal', 'coin toss', 'human nature', 'captive bolt gun', 'western noir', 'horror western', 'faithful adaptation']","['Javier Bardem', 'Tommy Lee Jones', 'Josh Brolin', 'Woody Harrelson', 'Kelly Macdonald', 'Garret Dillahunt', 'Tess Harper', 'Barry Corbin', 'Stephen Root', 'Rodger Boyce']","['Joel Coen', 'Ethan Coen']",122.0,2007-11-09,7.948,13599,19.3858,/6d5XOczc226jECq0LIX0siKtgHR.jpg,/gddUsvfyySrM5k8B8wwJy2VRlBx.jpg,en,movie,,
1022789,Inside Out 2,"Teenager Riley's mind headquarters is undergoing a sudden demolition to make room for something entirely unexpected: new Emotions! Joy, Sadness, Anger, Fear and Disgust, who’ve long been running a successful operation by all accounts, aren’t sure how to feel when Anxiety shows up. And it looks like she’s not alone.","['Animation', 'Adventure', 'Comedy', 'Family']","['sadness', 'disgust', 'sequel', 'computer animation', 'teenage girl', 'fear', 'anger', 'envy', 'aftercreditsstinger', 'duringcreditsstinger', 'emotions', 'embarrasment', 'joy', '3d animation', 'anxiety', 'witty', 'assertive', 'cheerful', 'enthusiastic', 'hopeful']","['Amy Poehler', 'Maya Hawke', 'Kensington Tallman', 'Liza Lapira', 'Tony Hale', 'Lewis Black', 'Phyllis Smith', 'Ayo Edebiri', 'Lilimar', 'Grace Lu']",['Kelsey Mann'],97.0,2024-06-11,7.5,6870,32.2009,/vpnVM9B6NMmQpWeZvzLvDESb2QY.jpg,/p5ozvmdgsmbWe0H8Xk7Rc8SCwAB.jpg,en,movie,,
4935,Howl's Moving Castle,"Sophie, a young milliner, is turned into an elderly woman by a witch who enters her shop and curses her. She encounters a wizard named Howl and gets caught up in his resistance to fighting for the king.","['Fantasy', 'Animation', 'Adventure']","['witch', 'flying', 'rain', 'castle', 'scarecrow', 'body exchange', 'melancholy', 'hatter', 'bakery', 'curse', 'steampunk', 'demon', 'anime', 'thoughtful', 'philosophical', 'reflective', 'complex', 'based on young adult novel', 'playful', 'fantasy', 'magical', 'adventure', 'romantic', 'excited', 'hopeful']","['Chieko Baisho', 'Takuya Kimura', 'Akihiro Miwa', 'Tatsuya Gashuin', 'Ryunosuke Kamiki', 'Mitsunori Isaki', 'Yo Oizumi', 'Akio Otsuka', 'Daijirō Harada', 'Haruko Katō']",['Hayao Miyazaki'],119.0,2004-09-09,8.387,11288,27.981,/13kOl2v0nD2OLbVSHnHk8GUFEhO.jpg,/nv5wwZou159v5OC61i4ElR7OqyY.jpg,ja,movie,,
297802,Aquaman,"Half-human, half-Atlantean Arthur Curry is taken on the journey of his lifetime to discover if he is worth of being a king.","['Action', 'Adventure', 'Fantasy']","['hero', 'chase', 'atlantis', 'superhero', 'half-brother', 'based on comic', 'royalty', 'underwater', 'duringcreditsstinger', 'quest', 'dc extended universe (dceu)', 'advanced civilization', 'two worlds', 'amused']","['Jason Momoa', 'Amber Heard', 'Willem Dafoe', 'Patrick Wilson', 'Nicole Kidman', 'Dolph Lundgren', 'Yahya Abdul-Mateen II', 'Temuera Morrison', 'Ludi Lin', 'Michael Beach']",['James Wan'],143.0,2018-12-07,6.866,15087,31.4304,/ufl63EFcc5XpByEV2Ecdw6WJZAI.jpg,/9QusGjxcYvfPD1THg6oW3RLeNn7.jpg,en,movie,,
791373,Zack Snyder's Justice League,"Determined to ensure Superman's ultimate sacrifice was not in vain, Bruce Wayne aligns forces with Diana Prince with plans to recruit a team of metahumans to protect the world from an approaching threat of catastrophic proportions.","['Action', 'Adventure', 'Fantasy']","['saving the world', 'superhero', 'resurrection', 'based on comic', 'superhero team', 'planet invasion', 'action hero', 'dc extended universe (dceu)', 'superhero teamup', 'teamwork']","['Ben Affleck', 'Henry Cavill', 'Gal Gadot', 'Ray Fisher', 'Jason Momoa', 'Ezra Miller', 'Ciarán Hinds', 'Amy Adams', 'Willem Dafoe', 'Jeremy Irons']",['Zack Snyder'],242.0,2021-03-18,8.08,11016,19.3175,/tnAuB8q5vv7Ax9UAEje5Xi4BXik.jpg,/13Nz8EchKRdCgJcKdEoJAnpiVn2.jpg,en,movie,,
441168,From Straight A's to XXX,"When a change of circumstances leaves Miriam unable to pay her college tuition, she makes a surprising decision: to start performing in adult films, using the pseudonym Belle Knox. Miriam lies to her family and her friends at school, keeping her double life a secret. But soon rumours spread and Miriam becomes the subject of vicious online attacks and unwanted attention. Miriam fights back: she talks to the media, saying her new line of work empowers her as a feminist. But her confident stand has unintended consequences. Miriam is shunned by her conservative family and her colleagues in the adult film world. One impulsive decision has quickly spiralled out of control - and Miriam's problems are just beginning.","['Drama', 'TV Movie']","['adult filmmaking', 'witty', 'appreciative', 'compassionate', 'empathetic']","['Haley Pullos', 'Sasha Clements', 'Judd Nelson', 'Alyson Bath', 'Jacky Lai', 'Jessica Lu', 'Rachelle Gillis', 'Sarah Porchetta', 'Imali Perera', 'Peter Graham-Gaudreau']",['Vanessa Parise'],87.0,2017-02-11,5.919,167,58.0868,/58BDtcDZG0ehZClEMwKampH4oX1.jpg,/8gBOpyW6iTDGZJR93YuF3L7dDuI.jpg,en,movie,,
1084242,Zootopia 2,"After cracking the biggest case in Zootopia's history, rookie cops Judy Hopps and Nick Wilde find themselves on the twisting trail of a great mystery when Gary De'Snake arrives and turns the animal metropolis upside down. To crack the case, Judy and Nick must go undercover to unexpected new parts of town, where their growing partnership is tested like never before.","['Animation', 'Adventure', 'Comedy', 'Mystery', 'Family']","['snake', 'bunny', 'fox', 'cop', 'sequel', 'anthropomorphism', 'animals', 'displacement', 'buddy cop', 'buddy comedy', 'complex', 'playful', 'talking animal', '3d animation', 'embarrassed', 'excited']","['Ginnifer Goodwin', 'Jason Bateman', 'Ke Huy Quan', 'Fortune Feimster', 'Andy Samberg', 'David Strathairn', 'Idris Elba', 'Shakira', 'Patrick Warburton', 'Quinta Brunson']","['Jared Bush', 'Byron Howard']",108.0,2025-11-26,7.685,3244,85.4169,/oJ7g2CifqpStmoYQyaLQgEU32qO.jpg,/lgotja3xMoJZbynwHfcQcJAEMWH.jpg,en,movie,,
744275,After We Fell,"Just as Tessa's life begins to become unglued, nothing is what she thought it would be. Not her friends nor her family. The only person that she should be able to rely on is Hardin, who is furious when he discovers the massive secret that she's been keeping. Before Tessa makes the biggest decision of her life, everything changes because of revelations about her family.","['Drama', 'Romance']","['based on novel or book', 'family history', 'sequel', 'love', 'teenage crush', 'woman director', 'family tension', 'zealous', 'mischievous', 'enraged']","['Josephine Langford', 'Hero Fiennes Tiffin', 'Carter Jenkins', 'Louise Lombard', 'Chance Perdomo', 'Rob Estes', 'Arielle Kebbel', 'Stephen Moyer', 'Mira Sorvino', 'Frances Turner']",['Castille Landon'],99.0,2021-09-01,6.997,2768,25.7883,/dU4HfnTEJDf9KvxGS9hgO7BVeju.jpg,/mxdiaM2tsx8M6W3zLgiPwAkhQfq.jpg,en,movie,,
1084244,Toy Story 5,"When Bonnie receives a Lilypad tablet as a gift and becomes obsessed, Buzz, Woody, Jessie and the rest of the gang's jobs become exponentially harder when they have to go head to head with the all-new threat to playtime.","['Animation', 'Family', 'Comedy', 'Adventure']","['farm', 'island', 'pig', 'horse', 'rescue mission', 'rivalry', 'sequel', 'love', 'stranded', 'wedding', 'tire swing', 'walkie talkie', 'cowgirl', 'cowboy', 'buddy comedy', 'duringcreditsstinger', 'toy comes to life', 'hippo', 'abandonment', 'toilet paper', 'replacement', 'toy', 'frog', '3d animation', 'tablet', 'ipad', 'adoring']","['Tom Hanks', 'Tim Allen', 'Joan Cusack', 'Greta Lee', ""Conan O'Brien"", 'Craig Robinson', 'Shelby Rabara', 'Tony Hale', 'Scarlett Spears', 'Jay Hernandez']",['Andrew Stanton'],102.0,2026-06-17,7.418,813,276.347,/sfQtVlIHljToOwYjhe21KPGzZWK.jpg,/8sSKdEmlmqF4kJUd28SqthXC4yZ.jpg,en,movie,,
855,Black Hawk Down,"When U.S. Rangers and an elite Delta Force team attempt to kidnap two underlings of a Somali warlord, their Black Hawk helicopters are shot down, and the Americans suffer heavy casualties, facing intense fighting from the militia on the ground.","['Action', 'War', 'History']","['based on novel or book', 'ambush', 'chaos', 'militia', 'prisoner of war', 'wound', 'somalia', 'warlord', 'famine', 'arms dealer', 'based on true story', 'delta force', 'gunfight', 'combat', 'us military', '1990s', 'helicopter crash', 'mogadishu', 'rescue operation', 'peacekeeper', 'soldiers', 'street shootout']","['Josh Hartnett', 'Eric Bana', 'Ewan McGregor', 'Tom Sizemore', 'William Fichtner', 'Sam Shepard', 'Jason Isaacs', 'Ewen Bremner', 'Orlando Bloom', 'Tom Hardy']",['Ridley Scott'],145.0,2001-12-28,7.397,6489,19.616,/7fU5dSqKRL4XHeEUz62rCKBfYok.jpg,/7jaNOECZG8uS1tlq69HsY5xY8P9.jpg,en,movie,,
1413976,Citizen Vigilante,"A man takes justice into his own hands, hunting down criminals. His vigilante crusade makes him a social media star but puts him at odds with the local police chief.","['Thriller', 'Action', 'Crime']","['rape', 'corruption', 'police', 'immigration', 'rape victim', 'murder', 'vigilante', 'justice', 'news report', 'vigilantism', 'loving', 'vigilante justice', 'bar', 'inspirational', 'business owner', 'nonlinear narrative', 'exuberant', 'hopeful', 'instructive', 'optimistic', 'sincere', 'anonymous', 'interpol agent', 'graphic violence', 'viral sensation', 'righteous kill', 'anti woke']","['Armie Hammer', 'Costas Mandylor', 'Désirée Giorgetti', 'Steffen Mennekes', 'Neb Chupin', 'Mukit Abdul Hamid', 'Fares Mongi', 'Hila Harush', 'Helen Al-Janabi', 'Dora Dimić Rakar']",['Uwe Boll'],89.0,2026-06-19,6.268,310,45.1268,/6LmJD3Wohe0g4U62wgi7RyJqfE4.jpg,/qJ2KSHJhlFvASBMLbGuP7OFMaFg.jpg,en,movie,,
269149,Zootopia,"Determined to prove herself, Officer Judy Hopps, the first bunny on Zootopia's police force, jumps at the chance to crack her first case - even if it means partnering with scam-artist fox Nick Wilde to solve the mystery.","['Animation', 'Adventure', 'Family', 'Comedy']","['sheep', 'allegory', 'lion', 'hippopotamus', 'cartoon', 'villain', 'bullying', 'polar bear', 'con artist', 'anthropomorphism', 'revenge', 'conspiracy', 'urban', 'female protagonist', 'animals', 'rookie cop', 'missing person', 'fable', 'racial prejudice', 'injustice', 'reconciliation', 'female villain', 'buddy cop', 'stereotype', 'aftercreditsstinger', 'cartoon rabbit', 'villain arrested', 'discrimination', 'cartoon bear', 'thoughtful', 'cartoon animal', '3d animation', 'cartoon fox', 'joyous', 'cartoon elephant', 'cheerful', 'joyful']","['Ginnifer Goodwin', 'Jason Bateman', 'Idris Elba', 'Jenny Slate', 'Nate Torrence', 'Bonnie Hunt', 'Don Lake', 'Tommy Chong', 'J.K. Simmons', 'Octavia Spencer']","['Byron Howard', 'Rich Moore']",109.0,2016-02-11,7.765,18380,27.1838,/hlK0e0wAQ3VLuJcsfIYPvb4JVud.jpg,/9tOkjBEiiGcaClgJFtwocStZvIT.jpg,en,movie,,
862,Toy Story,"Led by Woody, Andy's toys live happily in his room until Andy's birthday brings Buzz Lightyear onto the scene. Afraid of losing his place in Andy's heart, Woody plots against Buzz. But when circumstances separate Buzz and Woody from their owner, the duo eventually learns to put aside their differences.","['Family', 'Comedy', 'Animation', 'Adventure']","['rescue', 'friendship', 'mission', 'jealousy', 'villain', 'bullying', 'elementary school', 'rivalry', 'anthropomorphism', 'friends', 'computer animation', 'buddy', 'walkie talkie', 'toy car', 'nostalgic', 'boy next door', 'new toy', 'neighborhood', 'toy comes to life', 'resourcefulness', 'toy', '3d animation', 'joyous', 'amused', 'comforting', 'pixar']","['Tom Hanks', 'Tim Allen', 'Don Rickles', 'Jim Varney', 'Wallace Shawn', 'John Ratzenberger', 'Annie Potts', 'John Morris', 'Erik von Detten', 'Laurie Metcalf']",['John Lasseter'],81.0,1995-11-22,8.0,20304,41.0572,/uXDfjJbdP4ijW5hWSBrPrlKpxab.jpg,/3Rfvhy1Nl6sSGJwyjb0QiZzZYlB.jpg,en,movie,,
863,Toy Story 2,"Andy heads off to Cowboy Camp, leaving his toys to their own devices. Things shift into high gear when an obsessive toy collector named Al McWhiggen, owner of Al's Toy Barn kidnaps Woody. Andy's toys mount a daring rescue mission, Buzz Lightyear meets his match and Woody has to decide where he and his heart truly belong.","['Animation', 'Comedy', 'Family']","['friendship', 'airplane', 'museum', 'prosecution', 'identity crisis', 'villain', 'flea market', 'collector', 'sequel', 'buddy', 'rescue team', 'prospector', 'garage sale', 'duringcreditsstinger', 'toy comes to life', 'personification', 'inanimate objects come to life', '3d animation', 'hilarious', 'cheerful']","['Tom Hanks', 'Tim Allen', 'Joan Cusack', 'Kelsey Grammer', 'Don Rickles', 'Jim Varney', 'Wallace Shawn', 'John Ratzenberger', 'Annie Potts', 'Wayne Knight']",['John Lasseter'],92.0,1999-10-30,7.6,15195,29.9676,/4rbcp3ng8n1MKHjpeqW0L7Fnpzz.jpg,/7iUDfakacY1HpajP1DtHrCuDB95.jpg,en,movie,,
47971,xXx: Return of Xander Cage,"Xander Cage is left for dead after an incident, though he secretly returns to action for a new, tough assignment with his handler Augustus Gibbons.","['Action', 'Adventure', 'Crime']","['airplane', 'tattoo', 'spy', 'extreme sports', 'parachute', 'secret agent', 'swimming pool', 'sequel', 'back from the dead', 'dominican republic', 'frantic', 'free fall', 'intense']","['Vin Diesel', 'Donnie Yen', 'Ruby Rose', 'Deepika Padukone', 'Toni Collette', 'Samuel L. Jackson', 'Ice Cube', 'Rory McCann', 'Nina Dobrev', 'Tony Jaa']",['D.J. Caruso'],107.0,2017-01-13,6.1,9291,19.5593,/hba8zREJpP1AYhaXgb2oJLQeO0K.jpg,/4QLdZ2A8mkDWp2rpfgDrwmeCtUW.jpg,en,movie,,
1330021,Remarkably Bright Creatures,"Through unlikely bonds formed during night shifts at a local aquarium, Tova, an elderly widow, learns of a life-changing discovery that may bring her joy and wonder once again.","['Drama', 'Mystery']","['aquarium', 'octopus', 'british columbia', 'complex', 'washington', 'loss of child', 'based on young adult novel', 'adoring', 'fictional town']","['Sally Field', 'Lewis Pullman', 'Colm Meaney', 'Alfred Molina', 'Joan Chen', 'Kathy Baker', 'Beth Grant', ""Sofia Black-D'Elia"", 'Brandon McEwan', 'Donald Sales']",['Olivia Newman'],114.0,2026-05-07,8.47,822,18.5757,/9HcEqn3D4J6b2Z0jK54id9nA0fr.jpg,/bVGHSe47W6oCQL1Q88pvRAet51A.jpg,en,movie,,
822119,Captain America: Brave New World,"After meeting with newly elected U.S. President Thaddeus Ross, Sam finds himself in the middle of an international incident. He must discover the reason behind a nefarious global plot before the true mastermind has the entire world seeing red.","['Action', 'Thriller', 'Science Fiction']","['hero', 'usa president', 'the white house', 'superhero', 'based on comic', 'sequel', 'revenge', 'superhuman', 'summit', 'aftercreditsstinger', 'marvel cinematic universe (mcu)', 'sidekick', 'assassination attempt', 'political thriller', 'treaty', 'international relations']","['Anthony Mackie', 'Harrison Ford', 'Danny Ramirez', 'Shira Haas', 'Tim Blake Nelson', 'Carl Lumbly', 'Giancarlo Esposito', 'Liv Tyler', 'Xosha Roquemore', 'Jóhannes Haukur Jóhannesson']",['Julius Onah'],119.0,2025-02-12,5.953,3258,71.9193,/pzIddUEMWhWzfvLI3TwxUG2wGoi.jpg,/8eifdha9GQeZAkexgtD45546XKx.jpg,en,movie,,
1241982,Moana 2,"After receiving an unexpected call from her wayfinding ancestors, Moana journeys alongside Maui and a new crew to the far seas of Oceania and into dangerous, long-lost waters for an adventure unlike anything she's ever faced.","['Adventure', 'Animation', 'Comedy', 'Family', 'Fantasy']","['sea', 'ocean', 'villain', 'musical', 'sequel', 'coming of age', 'explorer', 'duringcreditsstinger', 'polynesia', 'giant crab', 'seafarer', '3d animation', 'hopeful', 'female explorer']","['Auliʻi Cravalho', 'Dwayne Johnson', 'Hualālai Chung', 'Rose Matafeo', 'David Fane', 'Awhimai Fraser', 'Khaleesi Lambert-Tsuda', 'Temuera Morrison', 'Nicole Scherzinger', 'Rachel House']","['David G. Derrick Jr.', 'Jason Hand', 'Dana Ledoux Miller']",100.0,2024-11-21,6.988,3215,37.5021,/aLVkiINlIeCkcZIzb7XHzPYgO6L.jpg,/vYqt6kb4lcF8wwqsMMaULkP9OEn.jpg,en,movie,,
447365,Guardians of the Galaxy Vol. 3,"Peter Quill, still reeling from the loss of Gamora, must rally his team around him to defend the universe along with protecting one of their own. A mission that, if not completed successfully, could quite possibly lead to the end of the Guardians as we know them.","['Science Fiction', 'Adventure', 'Action']","['hero', 'superhero', 'mad scientist', 'based on comic', 'sequel', 'superhero team', 'space opera', 'raccoon', 'aftercreditsstinger', 'duringcreditsstinger', 'marvel cinematic universe (mcu)', 'cosmic', 'outer space', 'chosen family', 'empathetic']","['Chris Pratt', 'Zoe Saldaña', 'Dave Bautista', 'Karen Gillan', 'Pom Klementieff', 'Vin Diesel', 'Bradley Cooper', 'Sean Gunn', 'Chukwudi Iwuji', 'Will Poulter']",['James Gunn'],150.0,2023-05-03,7.932,8622,37.9428,/r2J02Z2OpNTctfOSN1Ydgii51I3.jpg,/5YZbUmjbMa3ClvSW1Wj3D6XGolb.jpg,en,movie,,
693134,Dune: Part Two,"Follow the mythic journey of Paul Atreides as he unites with Chani and the Fremen while on a path of revenge against the conspirators who destroyed his family. Facing a choice between the love of his life and the fate of the known universe, Paul endeavors to prevent a terrible future only he can foresee.","['Science Fiction', 'Adventure']","['based on novel or book', 'sandstorm', 'chosen one', 'sequel', 'distant future', 'creature', 'planet', 'desert', 'destiny', 'giant worm', 'space opera', 'sand dune', 'allegorical', 'messiah', 'fall from grace', 'vengeance', 'religious allegory', 'giant creature', 'power', 'ambiguous', 'antagonistic', 'melodramatic']","['Timothée Chalamet', 'Zendaya', 'Rebecca Ferguson', 'Javier Bardem', 'Josh Brolin', 'Austin Butler', 'Florence Pugh', 'Dave Bautista', 'Christopher Walken', 'Léa Seydoux']",['Denis Villeneuve'],167.0,2024-02-27,8.132,8339,50.2354,/6izwz7rsy95ARzTR3poZ8H6c5pp.jpg,/eZ239CUp1d6OryZEBPnO2n87gMG.jpg,en,movie,,
1010581,My Fault,"Noah must leave her city, boyfriend, and friends to move into William Leister's mansion, the flashy and wealthy husband of her mother Rafaela. As a proud and independent 17 year old, Noah resists living in a mansion surrounded by luxury. However, it is there where she meets Nick, her new stepbrother, and the clash of their strong personalities becomes evident from the very beginning.","['Drama', 'Romance', 'Thriller']","['first time', 'forbidden love', 'stepbrother', 'female protagonist', 'underage sex', 'stepsister', 'disturbed', 'based on young adult novel', 'enemies to lovers', 'passion and romance', 'car', 'bold', 'disapproving', 'disgusted', 'step-sibling romance']","['Nicole Wallace', 'Gabriel Guevara', 'Marta Hazas', 'Iván Sánchez', 'Eva Ruiz', 'Víctor Varona', 'Fran Berenguer', 'Adriana Ubani', 'Ivan Massagué', 'Mariano Venancio']",['Domingo González'],116.0,2023-06-08,7.728,4162,40.3228,/w46Vw536HwNnEzOa7J24YH9DPRS.jpg,/oz4U9eA6ilYf1tyiVuGmkftdLac.jpg,es,movie,,
920,Cars,"Lightning McQueen, a hotshot rookie race car driven to succeed, discovers that life is about the journey, not the finish line, when he finds himself unexpectedly detoured in the sleepy Route 66 town of Radiator Springs. On route across the country to the big Piston Cup Championship in California to compete against two seasoned pros, McQueen gets to know the town's offbeat characters.","['Animation', 'Adventure', 'Comedy', 'Family']","['friendship', 'car race', 'sports', 'villain', 'success', 'route 66', 'porsche', 'retirement', 'road trip', 'anthropomorphism', 'love', 'racing', 'rural area', 'los angeles, california', 'aftercreditsstinger', 'duringcreditsstinger', 'rookie', 'dedication', 'humility', '3d animation', 'cars', 'dramatic', 'arrogant', 'disdainful', 'enthusiastic', 'frustrated']","['Owen Wilson', 'Paul Newman', 'Bonnie Hunt', 'Larry the Cable Guy', 'Cheech Marin', 'Tony Shalhoub', 'Guido Quaroni', 'Jenifer Lewis', 'Paul Dooley', 'Michael Wallis']",['John Lasseter'],117.0,2006-06-08,7.045,15351,22.4987,/2Touk3m5gzsqr1VsvxypdyHY5ci.jpg,/sOLgkBKf1gjMRc4yXxM5aciXdfr.jpg,en,movie,,
1301421,The Sheep Detectives,"George Hardy is a shepherd who reads detective novels to his beloved sheep every night, assuming they can't possibly understand. But when a mysterious incident disrupts life on the farm, the sheep realize they must become the detectives. As they follow the clues and investigate human suspects, they prove that even sheep can be brilliant crime-solvers.","['Comedy', 'Family', 'Mystery']","['shepherd', 'based on novel or book', 'investigation', 'murder', 'aftercreditsstinger', 'murder mystery', 'investigate', 'talking animal', 'inspirational', 'adoring', 'whodunnit', 'animal adventure', 'bumbling detective']","['Hugh Jackman', 'Nicholas Braun', 'Nicholas Galitzine', 'Molly Gordon', 'Julia Louis-Dreyfus', 'Bryan Cranston', ""Chris O'Dowd"", 'Regina Hall', 'Patrick Stewart', 'Bella Ramsey']",['Kyle Balda'],109.0,2026-04-30,7.927,1391,42.5729,/mGWOmj2jHFol3kOGNv1EhbSDDE1.jpg,/a8uQvrplTkhGJQog6GZ6CqF8An6.jpg,en,movie,,
390062,Jungle,"In 1981, an enthusiastic young adventurer follows his dreams into the Bolivian Amazon jungle with two friends and a guide with a mysterious past. Their journey quickly turns into a terrifying ordeal as the darkest elements of human nature and the deadliest threats of the wilderness lead to an all-out fight for survival.","['Adventure', 'Drama', 'Thriller']","['based on novel or book', 'river', 'hiking', 'hallucination', 'bolivia', 'forest', 'amazon rainforest', 'based on true story', 'alone', 'survival', 'jungle', 'raft', 'drugs', 'south america', 'rainforest', 'tense', 'melodramatic', 'bushmeat']","['Daniel Radcliffe', 'Alex Russell', 'Thomas Kretschmann', 'Joel Jackson', 'Yasmin Kassim', 'Luis Jose Lopez', 'Lily Sullivan', 'Jacek Koman', 'Angie Milliken', 'John Bluthal']",['Greg McLean'],115.0,2017-06-27,6.68,2190,24.5134,/tDgxknTVwrScxpCYyGUjXSn5NRk.jpg,/tav8VVa6H6KooK5rFhAG2jT5ZNx.jpg,en,movie,,
1315772,Minions & Monsters,"This is the rambunctious, ridiculous and totally true story of how the Minions conquered Hollywood, became movie stars, lost everything, unleashed monsters onto the world and then banded together to try and save the planet from the mayhem they had just created.","['Adventure', 'Animation', 'Comedy', 'Family', 'Fantasy']","['magic', 'sequel', 'alien', 'prequel', 'hollywood', 'spin off', 'henchman', 'filmmaking', 'silent film', 'framing device', ""women's suffrage"", '1920s', 'humanoid robot', '3d animation', 'monsters', 'early sound film']","['Pierre Coffin', 'Trey Parker', 'Christoph Waltz', 'Allison Janney', 'Jesse Eisenberg', 'Jeff Bridges', 'Zoey Deutch', 'Bobby Moynihan', 'Phil LaMarr', 'George Lucas']",['Pierre Coffin'],90.0,2026-06-24,7.209,485,344.0984,/nz7i42yhLIJ4ve9JKgM6NthoLHO.jpg,/kkcwhgSFd81QDlXo8ytrpHPQjhy.jpg,en,movie,,
986056,Thunderbolts*,"After finding themselves ensnared in a death trap, seven disillusioned castoffs must embark on a dangerous mission that will force them to confront the darkest corners of their pasts.","['Action', 'Science Fiction', 'Adventure']","['new york city', 'superhero', 'anti hero', 'villain', 'based on comic', 'super power', 'mental health', 'aftercreditsstinger', 'duringcreditsstinger', 'marvel cinematic universe (mcu)', 'congressman', 'father daughter relationship', 'impeachment', ""survivor's guilt"", 'teamwork', 'ragtag', 'band of misfits', 'epic heroes']","['Florence Pugh', 'Sebastian Stan', 'Julia Louis-Dreyfus', 'Lewis Pullman', 'David Harbour', 'Wyatt Russell', 'Hannah John-Kamen', 'Olga Kurylenko', 'Geraldine Viswanathan', 'Wendell Pierce']",['Jake Schreier'],127.0,2025-04-30,7.299,3855,50.2713,/hqcexYHbiTBfDIdDWxrxPtVndBX.jpg,/rthMuZfFv4fqEU4JVbgSW9wQ8rs.jpg,en,movie,,
701387,Bugonia,"Two conspiracy obsessed young men kidnap the high-powered CEO of a major company, convinced that she is an alien intent on destroying planet Earth.","['Science Fiction', 'Thriller', 'Comedy']","['saving the world', 'capitalism', 'kidnapping', 'paranoia', 'delusion', 'symbolism', 'dark comedy', 'satire', 'alien', 'remake', 'extraterrestrial', 'alien invasion', 'power politics', 'mental illness', 'hierarchy', 'global threat', 'absurdism', 'political conflict', 'alien conspiracy', 'ecologism', 'social critique', 'comedy horror']","['Emma Stone', 'Jesse Plemons', 'Aidan Delbis', 'Stavros Halkias', 'Alicia Silverstone', 'J. Carmen Galindez Barrera', 'Marc T. Lewis', 'Vanessa Eng', 'Cedric Dumornay', 'Momma Cherri']",['Yorgos Lanthimos'],119.0,2025-10-23,7.301,2230,25.0002,/rSdOua3wKMEaFWDcKAYWRjXQWOt.jpg,/tN3pTxkQoP96wtaEahYuRVdUWb2.jpg,en,movie,,
263115,Logan,"In the near future, a weary Logan cares for an ailing Professor X in a hideout on the Mexican border. But Logan's attempts to hide from the world and his legacy are upended when a young mutant arrives, pursued by dark forces.","['Action', 'Drama', 'Science Fiction']","['future', 'experiment', 'immortality', 'self-destruction', 'cyborg', 'dystopia', 'superhero', 'mutant', 'road trip', 'based on comic', 'sequel', 'spin off', 'super power', 'neo-western', 'troubled past', 'quest', 'aging superhero', 'life on the margin', 'grimdark', 'excited']","['Hugh Jackman', 'Dafne Keen', 'Patrick Stewart', 'Elizabeth Rodriguez', 'Boyd Holbrook', 'Stephen Merchant', 'Richard E. Grant', 'Stephen Dunlevy', 'Eriq La Salle', 'Elise Neal']",['James Mangold'],137.0,2017-02-28,7.821,20653,23.5625,/fnbjcRDYn6YviCcePDnGdyAkYsB.jpg,/4DZxWNSAyksN6N3JkvpJ53Yq6zU.jpg,en,movie,,
216015,Fifty Shades of Grey,"When college senior Anastasia Steele steps in for her sick roommate to interview prominent businessman Christian Grey for their campus paper, little does she realize the path her life will take. Christian, as enigmatic as he is rich and powerful, finds himself strangely drawn to Ana, and she to him. Though sexually inexperienced, Ana plunges headlong into an affair -- and learns that Christian's true sexual proclivities push the boundaries of pain and pleasure.","['Drama', 'Romance', 'Thriller']","['bad smell', 'based on novel or book', 'eroticism', 'perversion', 'spanking', 'billionaire', 'psychological thriller', 'rich', 'bdsm', 'woman director', 'psychological drama', 'baffled']","['Dakota Johnson', 'Jamie Dornan', 'Jennifer Ehle', 'Eloise Mumford', 'Victor Rasuk', 'Luke Grimes', 'Marcia Gay Harden', 'Rita Ora', 'Max Martini', 'Callum Keith Rennie']",['Sam Taylor-Johnson'],125.0,2015-02-11,5.864,12493,23.2867,/63kGofUkt1Mx0SIL4XI4Z5AoSgt.jpg,/7IGKrY1f1KfwMipx9wZC4NRgIdF.jpg,en,movie,,
969681,Spider-Man: Brand New Day,Fighting crime full-time as Spider-Man in a world that doesn't remember him—and the pressure of seeing his old friends move on without him—sparks a change in Peter Parker he may not have the power to control. But that transformation might also be the only thing that can stop a shocking new threat to the city and those he loves - a powerful villain no one can even see.,"['Science Fiction', 'Action', 'Adventure']","['mind control', 'new york city', 'hero', 'mutation', 'secret identity', 'superhero', 'spider', 'villain', 'based on comic', 'sequel', 'transhumanism', 'super power', 'masked vigilante', 'spider web', 'aftercreditsstinger', 'marvel cinematic universe (mcu)', 'masked superhero', 'fight for justice', 'genetic mutation']","['Tom Holland', 'Zendaya', 'Mark Ruffalo', 'Jon Bernthal', 'Jacob Batalon', 'Sadie Sink', 'Florence Pugh', 'Liza Colón-Zayas', 'Tramell Tillman', 'Marisa Tomei']",['Destin Daniel Cretton'],145.0,2026-07-29,7.859,1618,1065.0058,/iPOn6DinuVyLY17YM9mKuPofV08.jpg,/qeQJx07rK2xm8SD2sJxFKhE7gs0.jpg,en,movie,,
420818,The Lion King,"Simba idolizes his father, King Mufasa, and takes to heart his own royal destiny. But not everyone in the kingdom celebrates the new cub's arrival. Scar, Mufasa's brother—and former heir to the throne—has plans of his own. The battle for Pride Rock is ravaged with betrayal, tragedy and drama, ultimately resulting in Simba's exile. With help from a curious pair of newfound friends, Simba will have to figure out how to grow up and take back what is rightfully his.","['Adventure', 'Drama', 'Family', 'Animation']","['africa', 'lion', 'prince', 'redemption', 'musical', 'uncle', 'remake', 'grief', 'king', 'family', 'sidekick', 'live action and animation', 'father son relationship', 'live action remake']","['Chiwetel Ejiofor', 'John Oliver', 'Donald Glover', 'James Earl Jones', 'John Kani', 'Alfre Woodard', 'Beyoncé', 'JD McCrary', 'Shahadi Wright Joseph', 'Penny Johnson Jerald']",['Jon Favreau'],118.0,2019-07-12,7.093,10844,22.4911,/dzBtMocZuJbjLOXvrl4zGYigDzh.jpg,/1TUg5pO1VZ4B0Q1amk3OlXvlpXV.jpg,en,movie,,
803796,KPop Demon Hunters,"When K-pop superstars Rumi, Mira and Zoey aren't selling out stadiums, they're using their secret powers to protect their fans from supernatural threats.","['Fantasy', 'Music', 'Comedy', 'Animation']","['double life', 'loyalty', 'supernatural', 'musical', 'female friendship', 'female protagonist', 'demon', 'self-doubt', 'sing-along', 'girl power', 'duringcreditsstinger', 'demon hunter', 'girl group', 'boy band', 'fandom', 'k-pop', 'action comedy', 'found family', 'south korea', 'korean', '3d animation', 'casual', 'half demon', 'save the world', 'self-redemption', 'k-pop group', 'trio']","['Arden Cho', 'May Hong', 'Ji-young Yoo', 'Ahn Hyo-seop', 'Yunjin Kim', 'Ken Jeong', 'Lee Byung-hun', 'Daniel Dae Kim', 'Joel Kim Booster', 'Liza Koshy']","['Maggie Kang', 'Chris Appelhans']",96.0,2025-06-20,8.003,3085,45.7305,/zT7Lhw3BhJbMkRqm9Zlx2YGMsY0.jpg,/w3Bi0wygeFQctn6AqFTwhGNXRwL.jpg,en,movie,,
76757,Jupiter Ascending,"In a universe where human genetic material is the most precious commodity, an impoverished young Earth woman becomes the key to strategic maneuvers and internal strife within a powerful dynasty…","['Science Fiction', 'Fantasy', 'Action']","['jupiter', 'space', 'space opera', 'woman director', 'interspecies romance']","['Channing Tatum', 'Mila Kunis', 'Sean Bean', 'Eddie Redmayne', 'Douglas Booth', 'Tuppence Middleton', 'Nikki Amuka-Bird', 'Christina Cole', 'Edward Hogg', 'Maria Doyle Kennedy']","['Lana Wachowski', 'Lilly Wachowski']",127.0,2015-02-04,5.471,7189,19.6133,/2NCcAZ3M3F0FxENYmammBknwpVn.jpg,/w4hk4QG05nDuSgimpa7XAM6OyPX.jpg,en,movie,,
1127384,Deep Water,A group of international passengers on a flight from Los Angeles to Shanghai is forced to make an emergency landing in shark-infested waters. The terrified group is forced to work together and overcome their differences if they hope to escape their sinking plane and the frenzy of sharks drawn to the wreckage.,"['Horror', 'Thriller']","['deep sea', 'shark']","['Aaron Eckhart', 'Ben Kingsley', 'Molly Belle Wright', 'Angus Sampson', 'Elijah Tamati', 'Zhao Simei', 'Li Wenhan', 'Nashi', 'Richard Crouchley', 'Madeleine West']",['Renny Harlin'],107.0,2026-04-30,7.165,381,85.5693,/kjcuS7xaRyqRjVaVcH4t0qHshuX.jpg,/szKv713FcUXx6hcfdY369vtkmzr.jpg,en,movie,,
541671,Ballerina,"Taking place during the events of John Wick: Chapter 3 – Parabellum, Eve Macarro begins her training in the assassin traditions of the Ruska Roma.","['Action', 'Thriller', 'Crime']","['assassin', 'tattoo', 'grenade', 'austria', 'training', 'female protagonist', 'female assassin', 'spin off', 'flamethrower', 'burning', 'hunted', 'burning building', 'ballerina', 'gun fight', 'vengeance', 'knocked unconscious', 'sisters', 'brutal violence']","['Ana de Armas', 'Keanu Reeves', 'Ian McShane', 'Anjelica Huston', 'Gabriel Byrne', 'Catalina Sandino Moreno', 'Ava McCarthy', 'Juliet Doherty', 'Norman Reedus', 'Lance Reddick']",['Len Wiseman'],125.0,2025-06-04,7.271,2869,22.5689,/2VUmvqsHb6cEtdfscEA6fqqVzLg.jpg,/sItIskd5xpiE64bBWYwZintkGf3.jpg,en,movie,,
713704,Evil Dead Rise,"A reunion between two estranged sisters gets cut short by the rise of flesh-possessing demons, thrusting them into a primal battle for survival as they face the most nightmarish version of family imaginable.","['Horror', 'Thriller']","['sibling relationship', 'pregnancy', 'supernatural', 'earthquake', 'gore', 'sequel', 'los angeles, california', 'demon', 'spin off', 'evil', 'book of the dead', 'evil dead', 'necronomicon', 'reboot', 'demonic possession', 'motherhood', 'sisterhood', 'sister sister relationship', 'supernatural horror', 'mischievous', 'body horror', 'apartment', 'furious', 'assertive', 'audacious', 'disgusted', 'frightened', 'harsh']","['Lily Sullivan', 'Alyssa Sutherland', 'Morgan Davies', 'Gabrielle Echols', 'Nell Fisher', 'Mark Mitchinson', 'Jayden Daniels', 'Mirabai Pease', 'Tai Wano', 'Noah Paul']",['Lee Cronin'],96.0,2023-04-12,6.962,3899,32.3134,/5ik4ATKmNtmJU6AYD0bLm56BCVM.jpg,/7bWxAsNPv9CXHOhZbJVlj2KxgfP.jpg,en,movie,,
1100782,Smile 2,"About to embark on a new world tour, global pop sensation Skye Riley begins experiencing increasingly terrifying and inexplicable events. Overwhelmed by the escalating horrors and the pressures of fame, Skye is forced to face her dark past to regain control of her life before it spirals out of control.","['Horror', 'Music', 'Mystery', 'Thriller']","['drug dealer', 'depression', 'new york city', 'dancing', 'suicide', 'concert', 'nightmare', 'escape', 'musician', 'winter', 'gun', 'talk show', 'delusion', 'possession', 'hallucination', 'mental breakdown', 'gore', 'stalker', 'self-inflicted injury', 'addiction', 'sequel', 'drug use', 'flashback', 'singer', 'murder', 'curse', 'hospital', 'fear', 'corpse', 'scar', 'drugs', 'demon', 'cell phone', 'apartment building', 'guilt', 'pop music', 'self esteem', 'family conflict', 'evil', 'phone', 'injury', 'mental health', 'watching tv', 'text messaging', 'knee injury', 'sobriety', 'substance abuse', 'gruesome', 'press agent', 'creepy person', 'breakdown', 'unsettling', 'woman agent', 'gun fight', 'creepy', 'hospital visit', 'abusive mother', 'chronic pain', 'depressed woman', 'jump scare', 'self-harm', 'delusional', 'spinal injury', 'popstar', 'emotional breakdown', 'pain medication', 'smile', 'drug', 'scared', 'pills', 'supernatural horror', 'self destructiveness', 'bar', 'bloody', 'city', 'body horror', 'blood', 'apartment', 'united states of america (usa)', 'phone message', 'psychological horror', 'nightmares', 'drug usage', 'hallucinations', 'public image', 'tour', 'horror', 'unknown number', 'mom', 'public figure', 'creepy faces', '2020s', 'going insane', 'iphone footage', 'gorefest', 'new york winter', 'taking drugs', 'disturbing']","['Naomi Scott', 'Rosemarie DeWitt', 'Lukas Gage', 'Miles Gutierrez-Riley', 'Peter Jacobson', 'Ray Nicholson', 'Dylan Gelula', 'Raúl Castillo', 'Kyle Gallner', 'Drew Barrymore']",['Parker Finn'],127.0,2024-10-16,6.58,2272,21.1774,/ht8Uv9QPv9y7K0RvUyJIaXOZTfd.jpg,/iR79ciqhtaZ9BE7YFA1HpCHQgX4.jpg,en,movie,,
1035259,The Naked Gun,"Only one man has the particular set of skills... to lead Police Squad and save the world: Lt. Frank Drebin Jr. Following in his father's footsteps, he must solve a murder case to prevent Police Squad from closure.","['Comedy', 'Crime', 'Action']","['sequel', 'slapstick comedy', 'spoof', 'reboot', 'aftercreditsstinger', 'duringcreditsstinger', 'action comedy', 'based on tv series', 'bumbling detective']","['Liam Neeson', 'Pamela Anderson', 'Paul Walter Hauser', 'Danny Huston', 'CCH Pounder', 'Kevin Durand', 'Liza Koshy', 'Eddie Yu', 'Michael Beasley', 'Moses Jones']",['Akiva Schaffer'],85.0,2025-07-30,6.358,1890,20.504,/rwla9vqzrKVVKVKiOuROTIXGsxj.jpg,/1wi1hcbl6KYqARjdQ4qrBWZdiau.jpg,en,movie,,
402431,Wicked,"In the land of Oz, ostracized and misunderstood green-skinned Elphaba is forced to share a room with the popular aristocrat Glinda at Shiz University, and the two's unlikely friendship is tested as they begin to fulfill their respective destinies as Glinda the Good and the Wicked Witch of the West.","['Drama', 'Romance', 'Fantasy']","['witch', 'dancing', 'based on novel or book', 'fairy tale', 'college', 'wish', 'musical', 'female friendship', 'bullying', 'based on play or musical', 'celebrity', 'prequel', 'singer', 'singing', 'corrupt politician', 'death in childbirth', 'fantasy world', 'wizard', 'gravity', 'discrimination', 'ostracism', 'woman in wheelchair', 'musical comedy', 'sister sister relationship', 'belonging', 'cautionary', 'fantasy', 'absurd', 'romantic fantasy', 'whimsical', 'mean spirited']","['Cynthia Erivo', 'Ariana Grande', 'Michelle Yeoh', 'Jonathan Bailey', 'Ethan Slater', 'Marissa Bode', 'Jeff Goldblum', 'Peter Dinklage', 'Andy Nyman', 'Courtney-Mae Briggs']",['Jon M. Chu'],162.0,2024-10-16,6.907,3158,28.098,/xDGbZ0JJ3mYaGKy4Nzd9Kph6M9L.jpg,/fyZ6SDUS4o9jp2EHxfZa3qS9ean.jpg,en,movie,,
840705,Blink Twice,"When tech billionaire Slater King meets cocktail waitress Frida at his fundraising gala, he invites her to join him and his friends on a dream vacation on his private island. But despite the epic setting, beautiful people, ever-flowing champagne, and late-night dance parties, Frida can sense that there’s something sinister hiding beneath the island’s lush façade.","['Horror', 'Mystery', 'Thriller']","['rape', 'forgiveness', 'exploitation', 'dark comedy', 'seclusion', 'sexual violence', 'gang rape', 'psychological thriller', 'gender roles', 'therapy', 'self esteem', 'remote island', 'debauchery', 'wealthy man', 'woman director', 'rape revenge', 'sex slavery', 'entitlement', 'abuse of power', 'repressed trauma', 'gaslighting', 'psychological manipulation', 'drugging someone', 'me too movement', 'tech-mogul', 'private island']","['Naomi Ackie', 'Channing Tatum', 'Alia Shawkat', 'Christian Slater', 'Simon Rex', 'Adria Arjona', 'Haley Joel Osment', 'Liz Caribel Sierra', 'Levon Hawke', 'Trew Mullen']",['Zoë Kravitz'],103.0,2024-08-21,6.679,1987,20.3583,/lZGOK0I2DJSRlEPNOAFTSNxSjDD.jpg,/NqqLef2ITlK8olXT4iFuUXFwSh.jpg,en,movie,,
1272837,28 Years Later: The Bone Temple,Dr. Kelson finds himself in a shocking new relationship - with consequences that could change the world as they know it - and Spike's encounter with Jimmy Crystal becomes a nightmare he can't escape.,"['Horror', 'Thriller', 'Science Fiction']","['england', 'satanism', 'cult', 'sequel', 'zombie', 'crucifix', 'survival horror', 'satanic cult', 'zombie apocalypse', 'northumberland', 'post-apocalyptic']","['Ralph Fiennes', ""Jack O'Connell"", 'Alfie Williams', 'Erin Kellyman', 'Chi Lewis-Parry', 'Emma Laird', 'Maura Bird', 'Sam Locke', 'Robert Rhodes', 'Ghazi Al Ruffai']",['Nia DaCosta'],109.0,2026-01-14,7.1,1589,44.4443,/kK1BGkG3KAvWB0WMV1DfOx9yTMZ.jpg,/hHDNOlATHhre4eZ7aYz5cdyJLik.jpg,en,movie,,
574475,Final Destination Bloodlines,"Plagued by a violent recurring nightmare, college student Stefanie heads home to track down the one person who might be able to break the cycle and save her family from the grisly demise that inevitably awaits them all.","['Horror', 'Mystery']","['restaurant', 'gore', 'sequel', 'premonition', 'family tragedy', 'near-death experience', '1960s', 'cheating death', 'supernatural horror', 'horror', 'tense', 'amused', 'inevitable fate', 'death’s design', 'supernatural force', 'deadly premonition', 'domino effect']","['Kaitlyn Santa Juana', 'Teo Briones', 'Rya Kihlstedt', 'Richard Harmon', 'Owen Patrick Joyner', 'Anna Lore', 'Alex Zahara', 'April Telek', 'Tinpo Lee', 'Tony Todd']","['Zach Lipovsky', 'Adam Stein']",110.0,2025-05-14,7.031,3022,29.3152,/6WxhEvFsauuACfv8HyoVX6mZKFj.jpg,/uIpJPDNFoeX0TVml9smPrs9KUVx.jpg,en,movie,,
519182,Despicable Me 4,"Gru and Lucy and their girls—Margo, Edith and Agnes—welcome a new member to the Gru family, Gru Jr., who is intent on tormenting his dad. Gru also faces a new nemesis in Maxime Le Mal and his femme fatale girlfriend Valentina, forcing the family to go on the run.","['Animation', 'Comedy', 'Action', 'Science Fiction', 'Family']","['superhero', 'villain', 'sequel', 'super villain', 'aftercreditsstinger', 'duringcreditsstinger', 'kids', 'calm', '3d animation', 'cockroaches']","['Steve Carell', 'Kristen Wiig', 'Will Ferrell', 'Sofía Vergara', 'Miranda Cosgrove', 'Dana Gaier Ellis', 'Madison Polan', 'Pierre Coffin', 'Chris Renaud', 'Steve Coogan']",['Chris Renaud'],94.0,2024-06-20,6.976,3313,24.1211,/wWba3TaojhK7NdycRhoQpsG0FaH.jpg,/twsxsfao6ZOVvT8LfudH603MMi6.jpg,en,movie,,
508947,Turning Red,"Thirteen-year-old Mei is experiencing the awkwardness of being a teenager with a twist – when she gets too excited, she transforms into a giant red panda.","['Animation', 'Family', 'Comedy', 'Fantasy']","['friendship', 'canada', 'concert', 'temple', 'shapeshifting', 'toronto, canada', 'coming of age', 'teenage girl', 'female protagonist', 'east asian lead', 'animals', 'domineering mother', 'perfectionist', 'aftercreditsstinger', 'woman director', 'ancestor', 'boy band', 'mother daughter relationship', '3d animation', 'hilarious', 'red panda']","['Rosalie Chiang', 'Sandra Oh', 'Ava Morse', 'Hyein Park', 'Maitreyi Ramakrishnan', 'Orion Lee', 'Wai Ching Ho', 'Tristan Allerick Chen', 'James Hong', 'Lori Tan Chinn']",['Domee Shi'],100.0,2022-03-10,7.331,5987,31.0367,/qsdjk9oAKSQMWs0Vt5Pyfh6O4GZ.jpg,/fOy2Jurz9k6RnJnMUMRDAgBwru2.jpg,en,movie,,
533533,TRON: Ares,"A highly sophisticated Program called Ares is sent from the digital world into the real world on a dangerous mission, marking humankind's first encounter with A.I. beings.","['Science Fiction', 'Adventure', 'Action']","['artificial intelligence (a.i.)', 'computer program', 'identity crisis', 'computer simulation', 'sequel', 'business rivalry', 'virtual world', 'digital world', 'real‑world crossover', 'advanced program', 'technological conflict', 'system instability', 'cyber universe', 'quantum computing', 'system breach', 'existential threat']","['Jared Leto', 'Greta Lee', 'Evan Peters', 'Gillian Anderson', 'Jodie Turner-Smith', 'Jeff Bridges', 'Hasan Minhaj', 'Arturo Castro', 'Cameron Monaghan', 'Sarah Desjardins']",['Joachim Rønning'],119.0,2025-10-08,6.454,1562,24.0448,/chpWmskl3aKm1aTZqUHRCtviwPy.jpg,/pUNfHmVqfwRdILhCkU8TdysVOXo.jpg,en,movie,,
533535,Deadpool & Wolverine,"A listless Wade Wilson toils away in civilian life with his days as the morally flexible mercenary, Deadpool, behind him. But when his homeworld faces an existential threat, Wade must reluctantly suit-up again with an even more reluctant Wolverine.","['Action', 'Comedy', 'Science Fiction']","['hero', 'superhero', 'anti hero', 'mutant', 'breaking the fourth wall', 'aftercreditsstinger', 'duringcreditsstinger', 'marvel cinematic universe (mcu)', 'mutants', 'superhero teamup']","['Ryan Reynolds', 'Hugh Jackman', 'Emma Corrin', 'Matthew Macfadyen', 'Dafne Keen', 'Jon Favreau', 'Morena Baccarin', 'Rob Delaney', 'Leslie Uggams', 'Jennifer Garner']",['Shawn Levy'],128.0,2024-07-24,7.583,9148,53.3976,/8cdWjvZQUExUUTzyp4t6EDMubfO.jpg,/by8z9Fe8y7p4jo2YlW2SZDnptyT.jpg,en,movie,,
1539104,JUJUTSU KAISEN: Execution,"A veil abruptly descends over the busy Shibuya area amid the bustling Halloween crowds, trapping countless civilians inside. Satoru Gojo, the strongest jujutsu sorcerer, steps into the chaos. But lying in wait are curse users and spirits scheming to seal him away. Yuji Itadori, accompanied by his classmates and other top-tier jujutsu sorcerers, enters the fray in an unprecedented clash of curses — the Shibuya Incident. In the aftermath, ten colonies across Japan are transformed into dens of curses in a plan orchestrated by Noritoshi Kamo. As the deadly Culling Game starts, Special Grade sorcerer Yuta Okkotsu is assigned to carry out Yuji's execution for his perceived crimes. A compilation movie of Shibuya Incident including the first two episodes of the Culling Games arc.","['Animation', 'Action', 'Fantasy']","['compilation', 'based on manga', 'edited from tv series', 'shounen', 'anime', 'distressing']","['Junya Enoki', 'Megumi Ogata', 'Koji Yusa', 'Daisuke Namikawa', 'Yuma Uchida', 'Asami Seto', 'Kenjiro Tsuda', 'Subaru Kimura', 'Yuichi Nakamura', 'Takahiro Sakurai']",['Shota Goshozono'],88.0,2025-11-07,6.049,112,20.5059,/v0s3dx6am0RzfsuK3KdEy8ZoCDs.jpg,/gtKglOSEq3d4MgQE4VsrT1sRkd0.jpg,ja,movie,,
1698856,Master of the Universe,"A young man must use his untapped powers to fight back against an evil alien and their army, who will stop at nothing to take over Earth and then the universe.","['Science Fiction', 'Action', 'Fantasy']","['based on toy', 'mockbuster', 'bewildered']","['Matthew Gademske', 'Morgan Flanagan', 'Krymis J Fernando', 'Antonio Valles', 'Telisha Johnson', 'Llana Barron', ""Jim O'Brien"", 'Bryan Barron', 'Bryan J Mangam', 'Leo Christopher Sheridan']",['Marcel Walz'],81.0,2026-05-22,4.831,59,84.1368,/a77OcLmarwiBJakOPPC36m58t4L.jpg,/uOQtyMV2G9yJvc0s14zmLoRC5H9.jpg,en,movie,,
244786,Whiplash,"Under the direction of a ruthless instructor, a talented young drummer begins to pursue perfection at any cost, even his humanity.","['Drama', 'Music', 'Thriller']","['new york city', 'jazz', 'musician', 'obsession', 'music teacher', 'conservatory', 'drums', 'montage', 'perfectionist', 'public humiliation', 'jazz band', 'angry', 'aggressive', 'young adult', 'music school', 'verbal abuse', 'emotional abuse', 'anxious', 'based on short film', 'psychological drama', 'romantic', 'bold', 'disapproving', 'enraged', 'drummer']","['Miles Teller', 'J.K. Simmons', 'Paul Reiser', 'Melissa Benoist', 'Austin Stowell', 'Nate Lang', 'Chris Mulkey', 'Damon Gupton', 'Suanne Spoke', 'Max Kasch']",['Damien Chazelle'],107.0,2014-10-10,8.375,16913,32.4989,/7fn624j5lj3xTme2SgiLCeuedmO.jpg,/wbQa0EnWUyRzQ5d1pHLNRlmsCUP.jpg,en,movie,,
7220,The Punisher,"When undercover FBI agent Frank Castle's wife and son are slaughtered, he becomes 'the Punisher' -- a ruthless vigilante willing to go to any length to avenge his family.","['Action', 'Crime', 'Drama']","['undercover', 'submachine gun', 'chain', 'superhero', 'twin brother', 'based on comic', 'revenge', 'vigilante', 'organized crime', 'neighbor', 'one man army', 'massacre', 'family reunion', 'pier', 'tampa, florida', 'fbi agent']","['Thomas Jane', 'John Travolta', 'Will Patton', 'Roy Scheider', 'Laura Harring', 'Ben Foster', 'Samantha Mathis', 'James Carpinello', 'A. Russell Andrews', 'Eddie Jemison']",['Jonathan Hensleigh'],124.0,2004-04-15,6.379,3229,20.82,/7rmA1HwYp2GKM85BL0cVwCaosGr.jpg,/ziexSS07RmowuyqAdJMh1sGxjHg.jpg,en,movie,,
687163,Project Hail Mary,"Science teacher Ryland Grace wakes up on a spaceship light years from home with no recollection of who he is or how he got there. As his memory returns, he begins to uncover his mission: solve the riddle of the mysterious substance causing the sun to die out. He must call on his scientific knowledge and unorthodox ideas to save everything on Earth from extinction.","['Science Fiction', 'Adventure']","['friendship', 'coma', 'based on novel or book', 'bravery', 'sun', 'language barrier', 'space travel', 'space mission', 'alien', 'space', 'memory loss', 'astronaut', 'scientist', 'science teacher', 'save the planet', 'spaceship', 'interspecies friendship']","['Ryan Gosling', 'Sandra Hüller', 'James Ortiz', 'Lionel Boyce', 'Milana Vayntrub', 'Ken Leung', 'Priya Kansara', 'Mia Soteriou', 'Annelle Olaleye', 'Maya Eva Hosein']","['Phil Lord', 'Christopher Miller']",157.0,2026-03-15,8.656,6988,138.522,/yihdXomYb5kTeSivtFndMy5iDmf.jpg,/8Tfys3mDZVp4tNoH2ktm06a0Tau.jpg,en,movie,,
11324,Shutter Island,"World War II soldier-turned-U.S. Marshal Teddy Daniels investigates the disappearance of a patient from a hospital for the criminally insane, but his efforts are compromised by troubling visions and a mysterious doctor.","['Drama', 'Thriller', 'Mystery']","['island', 'based on novel or book', 'concentration camp', 'hurricane', 'investigation', 'psychiatric hospital', 'mental institution', 'escaped patient', 'psychologist', 'psychological thriller', 'doctor', 'missing person', 'ex military', 'neo-noir', 'criminally insane', '1950s', 'haunting past', 'visions', 'mystery', 'depressing', 'dachau']","['Leonardo DiCaprio', 'Mark Ruffalo', 'Ben Kingsley', 'Max von Sydow', 'Michelle Williams', 'Emily Mortimer', 'Patricia Clarkson', 'Jackie Earle Haley', 'Ted Levine', 'John Carroll Lynch']",['Martin Scorsese'],138.0,2010-02-14,8.197,26210,30.5299,/nrmXQ0zcZUL8jFLrakWc90IR8z9.jpg,/rbZvGN1A1QyZuoKzhCw8QPmf2q0.jpg,en,movie,,
273481,Sicario,An idealistic FBI agent is enlisted by a government task force to aid in the escalating war against drugs at the border area between the U.S. and Mexico.,"['Action', 'Crime', 'Thriller']","['mission', 'assassin', 'central intelligence agency (cia)', 'mexico', 'corruption', 'bomb', 'fbi', 'smoking', 'texas', 'border', 'manipulation', 'cynicism', 'revenge', 'murder', 'dirty cop', 'brutality', 'drugs', 'special forces', 'interrogation', 'desert', 'surveillance', 'blunt', 'night vision', 'death of daughter', 'moral dilemma', 'neo-noir', 'death of wife', 'mexican cartel', 'serious', 'secret tunnel', 'violence', 'juárez, mexico']","['Emily Blunt', 'Benicio del Toro', 'Josh Brolin', 'Victor Garber', 'Jon Bernthal', 'Daniel Kaluuya', 'Jeffrey Donovan', 'Raoul Max Trujillo', 'Julio Cesar Cedillo', 'Hank Rogerson']",['Denis Villeneuve'],122.0,2015-09-17,7.424,9740,16.737,/lz8vNyXeidqqOdJW9ZjnDAMb5Vr.jpg,/fKPgObonYgPgCdu88yjV7Hpn7Dp.jpg,en,movie,,
1197137,Black Phone 2,"Four years after defeating The Grabber, Finney Blake is struggling with life after captivity. When his younger sister Gwen begins receiving calls in her dreams from the Black Phone and seeing disturbing visions of three boys being stalked at a winter camp, the siblings become determined to solve the mystery and confront a killer who has grown more powerful in death and more significant to them than either could imagine.","['Horror', 'Thriller']","['mask', 'child abuse', 'dreams', 'sibling relationship', 'winter', 'child murder', 'supernatural', 'rocky mountains', 'colorado', 'sequel', 'murder', 'domestic abuse', 'serial killer', 'snow', 'camp', 'slasher', 'based on short story', 'child kidnapping', '1980s', '1950s', 'masked villain', 'brother sister relationship', 'masked', 'supernatural horror', 'christian faith', 'psychological horror', 'nightmares', 'teen horror', 'horror', 'frozen lake']","['Mason Thames', 'Madeleine McGraw', 'Ethan Hawke', 'Demián Bichir', 'Miguel Mora', 'Jeremy Davies', 'Arianna Rivas', 'Maev Beaty', 'Graham Abbey', 'James Ransone']",['Scott Derrickson'],114.0,2025-10-15,6.647,1266,19.5344,/gFddBLQ8wj9M9O82iPzgX5KVNHz.jpg,/6zKjoOOb3OZnZuiHtQZn4Kd69Gq.jpg,en,movie,,
1064028,Subservience,"With his wife out sick, a struggling father brings home a lifelike AI, only to have his self-aware new help want everything her new family has to offer... Like the affection of her owner and she'll kill to get it.","['Horror', 'Science Fiction', 'Thriller']","['artificial intelligence (a.i.)', 'robot', 'fight for survival', 'loss of control', 'android horror', 'psychological tension', 'rogue ai', 'sci‑fi horror thriller', 'domestic danger', 'family under threat', 'humanoid caretaker', 'sentient robot', 'malfunction turning deadly', 'advanced robotics', 'domestic automation', 'fear of technology']","['Megan Fox', 'Michele Morrone', 'Madeline Zima', 'Matilda Firth', 'Andrew Whipp', 'Atanas Srebrev', 'Kate Nichols', 'Trevor Van Uden', 'Euan Macnaughton', 'Max Kraus']",['SK Dale'],105.0,2024-08-15,6.621,1065,19.5345,/gBenxR01Uy0Ev9RTIw6dVBPoyQU.jpg,/co7oxvpWxgd6FZU24DnljDDHYQA.jpg,en,movie,,
1124,The Prestige,"A mysterious story of two magicians whose intense rivalry leads them on a life-long battle for supremacy -- full of obsession, deceit and jealousy with dangerous and deadly consequences.","['Drama', 'Mystery', 'Science Fiction']","['dying and death', 'suicide', 'class society', 'london, england', 'based on novel or book', 'magic', 'competition', 'obsession', 'hostility', 'class', 'diary', 'twist', 'tricks', 'illusion', 'rivalry', 'partner', 'steampunk', 'cruelty', 'hanging', 'jail cell', '19th century', 'nikola tesla', 'magician', 'tesla coil', 'bittersweet', 'secret', 'mind-blowing']","['Hugh Jackman', 'Christian Bale', 'Michael Caine', 'Piper Perabo', 'Rebecca Hall', 'Scarlett Johansson', 'Samantha Mahurin', 'David Bowie', 'Andy Serkis', 'Daniel Davis']",['Christopher Nolan'],130.0,2006-10-19,8.2,17908,28.1953,/Ag2B2KHKQPukjH7WutmgnnSNurZ.jpg,/z3br1ub7spqGMkxgjgJSdM4DC21.jpg,en,movie,,
68718,Django Unchained,"With the help of a German bounty hunter, a freed slave sets out to rescue his wife from a brutal Mississippi plantation owner.","['Drama', 'Western']","['rescue', 'friendship', 'bounty hunter', 'ku klux klan', 'texas', 'slavery', 'plantation', 'revenge', 'racism', 'slave trade', 'black slave', '19th century', 'white supremacy', 'deep south', 'old west', 'mississippi']","['Jamie Foxx', 'Christoph Waltz', 'Leonardo DiCaprio', 'Kerry Washington', 'Samuel L. Jackson', 'Walton Goggins', 'Dennis Christopher', 'James Remar', 'David Steen', 'Dana Gourrier']",['Quentin Tarantino'],165.0,2012-12-25,8.193,28384,35.8138,/7oWY8VDWW7thTzWh3OKYRkWUlD5.jpg,/2oZklIzUbvZXXzIFzv7Hi68d6xf.jpg,en,movie,,
68721,Iron Man 3,"When Tony Stark's world is torn apart by a formidable terrorist called the Mandarin, he starts an odyssey of rebuilding and retribution.","['Action', 'Adventure', 'Science Fiction']","['california', 'war on terror', 'superhero', 'malibu', 'based on comic', 'sequel', 'tennessee', 'billionaire', 'aftercreditsstinger', 'marvel cinematic universe (mcu)', 'christmas', 'america']","['Robert Downey Jr.', 'Gwyneth Paltrow', 'Don Cheadle', 'Guy Pearce', 'Rebecca Hall', 'Jon Favreau', 'Ben Kingsley', 'James Badge Dale', 'Stephanie Szostak', 'Paul Bettany']",['Shane Black'],130.0,2013-04-18,6.933,23700,32.0209,/qhPtAc1TKbMPqNvcdXSOn9Bn7hZ.jpg,/iVped1djsF0tvGkvnHbzsE3ZPTF.jpg,en,movie,,
68726,Pacific Rim,"Using massive piloted robots to combat the alien threat, earth's survivors take the fight to the invading alien force lurking in the depths of the Pacific Ocean. Nearly defenseless in the face of the relentless enemy, the forces of mankind have no choice but to turn to two unlikely heroes who now stand as earth's final hope against the mounting apocalypse.","['Action', 'Science Fiction', 'Adventure']","['monster', 'dystopia', 'giant monster', 'pacific', 'alaska', 'giant robot', 'apocalypse', 'hong kong', 'robot', 'alien invasion', 'kaiju', 'duringcreditsstinger', 'monster movie']","['Charlie Hunnam', 'Rinko Kikuchi', 'Idris Elba', 'Max Martini', 'Clifton Collins Jr.', 'Ron Perlman', 'Charlie Day', 'Burn Gorman', 'Robert Kazinsky', 'Robert Maillet']",['Guillermo del Toro'],131.0,2013-07-11,6.941,13648,23.4058,/8wo4eN8dWKaKlxhSvBz19uvj8gA.jpg,/9X7Im1YuBhyHYVD8r7CAONPJR5k.jpg,en,movie,,
1184918,The Wild Robot,"After a shipwreck, an intelligent robot called Roz is stranded on an uninhabited island. To survive the harsh environment, Roz bonds with the island's animals and cares for an orphaned baby goose.","['Family', 'Animation', 'Science Fiction', 'Adventure']","['island', 'based on novel or book', 'parent child relationship', 'fox', 'robot', ""based on children's book"", 'kindness', 'goose', 'nostalgic', 'aftercreditsstinger', 'duringcreditsstinger', 'shipwrecked', 'kids', 'adopted son', '3d animation', 'admiring', 'adoring', 'audacious', 'awestruck', 'comforting', 'enthusiastic', 'gentle', 'woodland animals']","[""Lupita Nyong'o"", 'Pedro Pascal', 'Kit Connor', 'Bill Nighy', 'Stephanie Hsu', 'Matt Berry', 'Ving Rhames', 'Mark Hamill', ""Catherine O'Hara"", 'Boone Storm']",['Chris Sanders'],102.0,2024-09-12,8.309,6408,56.1474,/wTnV3PCVW5O92JMrFvvrRcV39RU.jpg,/mQZJoIhTEkNhCYAqcHrQqhENLdu.jpg,en,movie,,
1569947,The Priest: Thanksgiving Massacre,"A family gather to spend Thanksgiving at an isolated cabin, unaware that the site has a horrific history of murder and cannibalism and that the Priest responsible did not rest in peace. Now they are on the menu for Thanksgiving dinner.",['Horror'],"['thanksgiving', 'cannibalism', 'pilgrims', 'killer priest']","['Jo Krayer', 'Liz Soutar', 'Holly Higbee', 'Brooklyn Ross', 'Dani Thompson', 'Mark Topping', 'Melody Smith']",['Steve Lawson'],83.0,2025-08-08,3.481,52,78.5082,/AiRySv62247N91mfCCAryACGNuv.jpg,/1ldfkNbf3joNG8mA6idXoEL1fZV.jpg,en,movie,,
296096,Me Before You,"Lou Clark, a directionless 26-year-old from the English countryside, takes a job at the local castle as a caregiver and companion to a wealthy young banker, Will Traynor. Wheelchair-bound from an accident two years prior, the once adventurous Will has all but given up — that is until Lou determines to show him that life is worth living.","['Drama', 'Romance']","['depression', 'small town', 'based on novel or book', 'england', 'artist', 'wheelchair', 'romance', 'love', 'caretaker', 'caregiver', 'disabled', ""valentine's day"", 'twenty something', 'woman director', 'accident', 'depressing']","['Emilia Clarke', 'Sam Claflin', 'Janet McTeer', 'Charles Dance', 'Brendan Coyle', 'Jenna Coleman', 'Matthew Lewis', 'Samantha Spiro', 'Stephen Peacocke', 'Vanessa Kirby']",['Thea Sharrock'],110.0,2016-06-01,7.929,13459,24.3079,/Ia3dzj5LnCj1ZBdlVeJrbKJQxG.jpg,/3WK7p9EdZmmvB1IbB2Vw9Rf4lXH.jpg,en,movie,,
150689,Cinderella,"When her father unexpectedly passes away, young Ella finds herself at the mercy of her cruel stepmother and her daughters. Never one to give up hope, Ella's fortunes begin to change after meeting a dashing stranger in the woods.","['Romance', 'Fantasy', 'Family', 'Drama']","['magic', 'kingdom', 'fairy tale', 'prince', 'royalty', 'orphan', 'cruelty', 'lost shoe', 'evil stepmother', 'based on fairy tale', 'retelling', 'live action and animation', 'live action remake', 'cinderella', 'whimsical']","['Lily James', 'Cate Blanchett', 'Richard Madden', 'Stellan Skarsgård', 'Holliday Grainger', 'Sophie McShera', 'Derek Jacobi', 'Helena Bonham Carter', 'Nonso Anozie', 'Ben Chaplin']",['Kenneth Branagh'],105.0,2015-03-06,6.825,7476,18.817,/j91LJmcWo16CArFOoapsz84bwxb.jpg,/q7vmCCmyiHnuKGMzHZlr0fD44b9.jpg,en,movie,,
324786,Hacksaw Ridge,"WWII American Army Medic Desmond T. Doss, who served during the Battle of Okinawa, refuses to kill people and becomes the first Conscientious Objector in American history to receive the Congressional Medal of Honor.","['Drama', 'History', 'War']","['japan', 'hero', 'world war ii', 'abusive father', 'pacifism', 'bible', 'gore', 'vegetarian', 'biography', 'based on true story', 'okinawa', 'conscientious objector', 'religion', 'soldier', 'alcoholic', 'war hero', 'pacifist', 'medic', 'us military', 'battle of okinawa', 'congressional medal of honor', 'admiring', 'combat medic', 'weaponless', 'seventh-day adventists']","['Andrew Garfield', 'Sam Worthington', 'Vince Vaughn', 'Teresa Palmer', 'Luke Bracey', 'Hugo Weaving', 'Rachel Griffiths', 'Ryan Corr', 'Richard Roxburgh', 'Goran D. Kleut']",['Mel Gibson'],139.0,2016-10-07,8.193,15107,34.9183,/fnOMP6mjmOmZwmlC1n0K7ivrzt1.jpg,/vDKRMZGFTKP9nQolzeSB1rB1w6p.jpg,en,movie,,
1305781,Blades of the Guardians,"Dao Ma, the ""second most wanted fugitive,"" is entrusted by his benefactor, the chief of Mo family clan, to take on a mysterious escort mission-escorting the ""most wanted fugitive"" to Chang'an.","['Action', 'Adventure']","['martial arts', 'bounty hunter', 'nostalgic', 'wuxia', 'historical drama', 'historical epic', 'a.d. anno domini', 'based on manhua', 'grand', 'dramatic']","['Wu Jing', 'Nicholas Tse Ting-Fung', 'Chen Lijun', 'Yu Shi', 'Sun Yizhou', 'Li Yunxiao', 'Ju Qianlang', 'Ci Sha', 'Tony Leung Ka-fai', 'Max Zhang']",['Yuen Woo-ping'],126.0,2026-02-17,8.1,190,37.0545,/R84km7PJ0frFSNPmvIjG6LV1kg.jpg,/wHwoA0K8GO5vTcOSro8viyfxf6m.jpg,zh,movie,,
414906,The Batman,"In his second year of fighting crime, Batman uncovers corruption in Gotham City that connects to his own family while facing a serial killer known as the Riddler.","['Crime', 'Mystery', 'Thriller']","['police', 'psychopath', 'secret identity', 'crime fighter', 'superhero', 'nightclub', 'politician', 'based on comic', 'vigilante', 'organized crime', 'serial killer', 'millionaire', 'social injustice', 'murder investigation', 'aftercreditsstinger', 'masked superhero', 'political corruption', 'neo-noir', 'urban gothic', 'vengeance', 'mayoral election', 'wistful', 'suspenseful', 'tense', 'gloomy']","['Robert Pattinson', 'Zoë Kravitz', 'Jeffrey Wright', 'Colin Farrell', 'Paul Dano', 'John Turturro', 'Andy Serkis', 'Peter Sarsgaard', 'Barry Keoghan', 'Jayme Lawson']",['Matt Reeves'],177.0,2022-03-01,7.7,12295,42.7855,/74xTEgt7R36Fpooo50r9T25onhq.jpg,/IYUD7rAIXzBM91TT3Z5fILUS7n.jpg,en,movie,,
1100988,28 Years Later,"Twenty-eight years after the Rage virus outbreak, a heavily-defended island survives connected to the mainland by a single causeway. When one of the group leaves the island into the dark heart of the mainland, he discovers secrets, wonders, and horrors that have mutated not only the infected but other survivors as well.","['Horror', 'Thriller', 'Science Fiction']","['england', 'satanism', 'cult', 'sequel', 'survival', 'zombie', 'survival horror', 'satanic cult', 'zombie apocalypse', 'northumberland', 'absurd', 'violence', 'bold', 'compassionate', 'ghoulish', 'lindisfarne', 'post-apocalyptic']","['Aaron Taylor-Johnson', 'Alfie Williams', 'Ralph Fiennes', 'Jodie Comer', ""Jack O'Connell"", 'Chi Lewis-Parry', 'Edvin Ryding', 'Christopher Fulford', 'Stella Gonet', 'Kim Allan']",['Danny Boyle'],115.0,2025-06-18,6.609,2791,28.613,/n5FygjEppOvac6yEaowi26nTyw3.jpg,/6WqqEjiycNvDLjbEClM1zCwIbDD.jpg,en,movie,,
507086,Jurassic World Dominion,"Four years after Isla Nublar was destroyed, dinosaurs now live—and hunt—alongside humans all over the world. This fragile balance will reshape the future and determine, once and for all, whether human beings are to remain the apex predators on a planet they now share with history's most fearsome creatures.","['Adventure', 'Science Fiction', 'Thriller', 'Action']","['paleontology', 'giant monster', 'sequel', 'survival', 'dinosaur', 'scientist', 'child kidnapping', 'aggressive', 'animal sanctuary', 'cautionary', 'cliché', 'complicated', 'science goes awry', 'therizinosaurus']","['Chris Pratt', 'Bryce Dallas Howard', 'Laura Dern', 'Sam Neill', 'Jeff Goldblum', 'DeWanda Wise', 'Mamoudou Athie', 'Isabella Sermon', 'Campbell Scott', 'BD Wong']",['Colin Trevorrow'],147.0,2022-06-01,6.6,7205,21.3043,/jbAvCACjLf1ZG0unB2tdmx5HAf1.jpg,/698FjyzLdpgXmUSr63LaRwblTmx.jpg,en,movie,,
1250,Ghost Rider,"In order to save his dying father, young stunt cyclist Johnny Blaze sells his soul to Mephistopheles and sadly parts from the pure-hearted Roxanne Simpson, the love of his life. Years later, Johnny's path crosses again with Roxanne, now a go-getting reporter, and also with Mephistopheles, who offers to release Johnny's soul if Johnny becomes the fabled, fiery 'Ghost Rider'.","['Thriller', 'Action', 'Fantasy']","['dying and death', 'religion and supernatural', 'superhero', 'supernatural', 'possession', ""devil's son"", 'stunt', 'flame', 'stuntman', 'based on comic', 'religion', 'soul selling', 'fallen angel', 'motorcycle', 'devil', 'person on fire', 'demon', 'first love', 'news reporter', 'faustian pact', 'stunt riding', 'supernatural horror', 'tortured soul', 'lost souls', 'deal with the devil']","['Nicolas Cage', 'Eva Mendes', 'Sam Elliott', 'Wes Bentley', 'Peter Fonda', 'Matt Long', 'Brett Cullen', 'Raquel Alessi', 'Donal Logue', 'Tony Ghosthawk']",['Mark Steven Johnson'],114.0,2007-01-15,5.616,6581,23.5089,/4quwR1VwZouD0YF9AaD72kQAjxH.jpg,/zbV32WKHFuEYLXLTpr0rmVjQn11.jpg,en,movie,,
615656,Meg 2: The Trench,An exploratory dive into the deepest depths of the ocean of a daring research team spirals into chaos when a malevolent mining operation threatens their mission and forces them into a high-stakes battle for survival.,"['Action', 'Science Fiction', 'Horror']","['based on novel or book', 'deep sea', 'sequel', 'underwater', 'shark', 'kaiju', 'civil action', 'animal horror', 'mariana trench', 'environmental crisis', 'shark cage', 'megalodon']","['Jason Statham', 'Wu Jing', 'Shuya Sophia Cai', 'Page Kennedy', 'Sergio Peris-Mencheta', 'Sienna Guillory', 'Cliff Curtis', 'Skyler Samuels', 'Melissanthi Mahut', 'Whoopie van Raam']",['Ben Wheatley'],116.0,2023-08-02,6.371,4053,27.6493,/4m1Au3YkjqsxF8iwQy0fPYSxE0h.jpg,/5mzr6JZbrqnqD8rCEvPhuCE5Fw2.jpg,en,movie,,
939243,Sonic the Hedgehog 3,"Sonic, Knuckles, and Tails reunite against a powerful new adversary, Shadow, a mysterious villain with powers unlike anything they have faced before. With their abilities outmatched in every way, Team Sonic must seek out an unlikely alliance in hopes of stopping Shadow and protecting the planet.","['Action', 'Science Fiction', 'Comedy', 'Family']","['moon', 'sequel', 'based on video game', 'psychotic', 'dual role', 'aftercreditsstinger', 'duringcreditsstinger', 'hedgehog', 'live action and animation', 'complex', 'grandfather grandson relationship', 'animal human friendship', 'anthropomorphic animal', 'bold', 'enthusiastic']","['Ben Schwartz', 'Jim Carrey', 'Keanu Reeves', 'Idris Elba', ""Colleen O'Shaughnessey"", 'James Marsden', 'Tika Sumpter', 'Lee Majdoub', 'Krysten Ritter', 'Adam Pally']",['Jeff Fowler'],110.0,2024-12-19,7.603,3398,29.2252,/d8Ryb8AunYAuycVKDp5HpdWPKgC.jpg,/zOpe0eHsq0A2NvNyBbtT6sj53qV.jpg,en,movie,,
396535,Train to Busan,"When a zombie virus pushes Korea into a state of emergency, those trapped on an express train to Busan must fight for their own survival.","['Action', 'Horror', 'Thriller']","['halloween', 'zombie', 'train', 'survival horror', 'pandemic', 'somber', 'busan, south korea', 'south korea', 'suspenseful']","['Gong Yoo', 'Kim Su-an', 'Jung Yu-mi', 'Don Lee', 'Choi Woo-shik', 'An So-hee', 'Kim Eui-sung', 'Ye Su-jeong', 'Park Myung-shin', 'Choi Gwi-hwa']",['Yeon Sang-ho'],118.0,2016-07-20,7.754,8579,22.7258,/vNVFt6dtcqnI7hqa6LFBUibuFiw.jpg,/brnfCYyz8EMbBrHgmh8sCwBi5i1.jpg,ko,movie,,
324857,Spider-Man: Into the Spider-Verse,"Struggling to find his place in the world while juggling school and family, Brooklyn teenager Miles Morales is unexpectedly bitten by a radioactive spider and develops unfathomable powers just like the one and only Spider-Man. While wrestling with the implications of his new abilities, Miles discovers a super collider created by the madman Wilson ""Kingpin"" Fisk, causing others from across the Spider-Verse to be inadvertently transported to his dimension.","['Animation', 'Action', 'Adventure', 'Science Fiction']","['superhero', 'based on comic', 'aftercreditsstinger', 'alternate universe']","['Shameik Moore', 'Jake Johnson', 'Hailee Steinfeld', 'Mahershala Ali', 'Brian Tyree Henry', 'Lily Tomlin', 'Luna Lauren Vélez', 'Zoë Kravitz', 'John Mulaney', 'Kimiko Glenn']","['Bob Persichetti', 'Peter Ramsey', 'Rodney Rothman']",117.0,2018-12-06,8.394,17610,65.8491,/iiZZdoQBEYBv6id8su7ImL0oCbD.jpg,/8mnXR9rey5uQ08rZAvzojKWbDQS.jpg,en,movie,,
1316092,"""Wuthering Heights""","Tragedy strikes when Heathcliff falls in love with Catherine Earnshaw, a woman from a wealthy family in 18th-century England.","['Romance', 'Drama']","['dying and death', 'infidelity', 'based on novel or book', 'forbidden love', 'grief', 'orphan', 'period drama', 'sexual sadism', 'kinky', 'foster child', '18th century', 'woman director', 'gothic romance', 'whitewashing', 'passion and romance', 'romantic drama', 'violence', 'gothic period', 'pettiness', 'period romance', 'sensual', 'steamy romance']","['Margot Robbie', 'Jacob Elordi', 'Hong Chau', 'Alison Oliver', 'Shazad Latif', 'Martin Clunes', 'Ewan Mitchell', 'Amy Morgan', 'Jessica Knappett', 'Charlotte Mellington']",['Emerald Fennell'],137.0,2026-02-11,6.652,1261,20.5364,/3YBce6dTh1D5oCMITXk2S5QhPt.jpg,/nHKscpZcAPkh97OsJJjyE5yaVE0.jpg,en,movie,,
967941,Wicked: For Good,"As an angry mob rises against the Wicked Witch, Glinda and Elphaba will need to come together one final time. With their singular friendship now the fulcrum of their futures, they will need to truly see each other, with honesty and empathy, if they are to change themselves, and all of Oz, for good.","['Fantasy', 'Adventure', 'Romance']","['witch', 'based on novel or book', 'musical', 'female friendship', 'based on play or musical', 'sequel', 'con artist', 'prequel', 'corrupt politician', 'governess', 'fantasy world', 'witch hunt', 'wizard', 'political corruption', 'illegitimate child', 'power struggle', 'woman in wheelchair', 'farm girl', 'munchkins', 'ambiguous', 'appreciative', 'friends to rivals', 'interquel', 'forgiveness and reconciliation']","['Cynthia Erivo', 'Ariana Grande', 'Jeff Goldblum', 'Michelle Yeoh', 'Jonathan Bailey', 'Ethan Slater', 'Marissa Bode', 'Colman Domingo', 'Bowen Yang', 'Bronwyn James']",['Jon M. Chu'],137.0,2025-11-19,6.615,1094,34.7818,/si9tolnefLSUKaqQEGz1bWArOaL.jpg,/cGbPBHKSFO7hSIjxkb3KOaGdOep.jpg,en,movie,,
756999,The Black Phone,"Finney Blake, a shy but clever 13-year-old boy, is abducted by a sadistic killer and trapped in a soundproof basement where screaming is of little use. When a disconnected phone on the wall begins to ring, Finney discovers that he can hear the voices of the killer’s previous victims. And they are dead set on making sure that what happened to them doesn’t happen to Finney.","['Horror', 'Thriller']","['mask', 'small town', 'child abuse', 'dreams', 'sibling relationship', 'kidnapping', 'sadistic', '1970s', 'supernatural', 'cellar', 'colorado', 'bullying', 'basement', 'serial killer', 'slasher', 'based on short story', 'alcoholic father', 'child kidnapping', 'speculative', 'angry', 'supernatural horror']","['Mason Thames', 'Madeleine McGraw', 'Ethan Hawke', 'Jeremy Davies', 'E. Roger Mitchell', 'Troy Rudeseal', 'James Ransone', 'Miguel Mora', 'Rebecca Clarke', 'J. Gaven Wilde']",['Scott Derrickson'],103.0,2022-06-16,7.512,5970,20.4554,/p9ZUzCyy9wRTDuuQexkQ78R2BgF.jpg,/AfvIjhDu9p64jKcmohS4hsPG95Q.jpg,en,movie,,
1668364,Desire,"Lucero’s life appears immaculate: a wealthy household, a devoted husband, and two children who embody the promise of a perfect family. Yet beneath this surface simmers a quiet dissatisfaction. When Matías, a young swimming coach hired by her husband, enters their lives, Lucero finds herself pulled into a risky and consuming relationship. As secrecy, desire, and jealousy tighten their grip, the boundaries within the family begin to collapse, placing mother and daughter in a dangerous emotional triangle that threatens to shatter everything Lucero has built.","['Mystery', 'Drama']",[],"['Ludwika Paleta', 'José María Yázpik', 'Óscar Casas', 'Leonardo Ortizgris', 'Matías Coronado', 'Pilar Pascual', 'Ivana Salomón', 'Gabriela Zamora', 'Jaydy Michel', 'Giovani Florido']",['Teresa Simone'],97.0,2026-05-07,6.754,213,73.5038,/3bEqHqeaQlFykaLQ7N4gDkIvL5w.jpg,/oBter8Y5p2ZFUwWgQ1T9pulGFTJ.jpg,es,movie,,
361743,Top Gun: Maverick,"After more than thirty years of service as one of the Navy’s top aviators, and dodging the advancement in rank that would ground him, Pete “Maverick” Mitchell finds himself training a detachment of TOP GUN graduates for a specialized mission the likes of which no living pilot has ever seen.","['Action', 'Drama']","['fighter pilot', 'u.s. navy', 'sequel', 'nuclear weapons', 'military', 'aircraft carrier', 'naval aviation', 'war']","['Tom Cruise', 'Miles Teller', 'Jennifer Connelly', 'Bashir Salahuddin', 'Jon Hamm', 'Charles Parnell', 'Monica Barbaro', 'Lewis Pullman', 'Jay Ellis', 'Danny Ramirez']",['Joseph Kosinski'],131.0,2022-05-21,8.159,11331,46.3186,/n0YuM4f5lvGAP6MAW2kBIzugXnc.jpg,/AaV1YIdWKnjAIAOe8UUKBFm327v.jpg,en,movie,,
93456,Despicable Me 2,Gru is recruited by the Anti-Villain League to help deal with a powerful new super criminal.,"['Animation', 'Comedy', 'Family', 'Science Fiction']","['parent child relationship', 'villain', 'adoptive father', 'secret agent', 'bakery', 'sequel', 'falling in love', 'family', 'single father', 'audition', 'female agent', 'duringcreditsstinger', 'first date', 'supervillain', 'masked supervillain', '3d animation', 'absurd', 'hilarious', 'amused', 'brisk', 'bumbling detective']","['Steve Carell', 'Kristen Wiig', 'Benjamin Bratt', 'Miranda Cosgrove', 'Dana Gaier Ellis', 'Elsie Fisher', 'Russell Brand', 'Ken Jeong', 'Steve Coogan', 'Moisés Arias']","['Chris Renaud', 'Pierre Coffin']",98.0,2013-06-26,6.948,12146,23.3085,/5Fh4NdoEnCjCK9wLjdJ9DJNFl2b.jpg,/uD267eSiACfWLxp47t3gYymOQRj.jpg,en,movie,,
1064213,Anora,"A young sex worker from Brooklyn gets her chance at a Cinderella story when she meets and impulsively marries the son of an oligarch. Once the news reaches Russia, her fairytale is threatened as his parents set out to get the marriage annulled.","['Drama', 'Comedy', 'Romance']","[""new year's eve"", 'new york city', 'marriage', 'boardwalk', 'baptism', 'strip club', 'coney island', 'female protagonist', 'mansion', 'class differences', 'las vegas', 'lap dance', 'home invasion', 'drunk', 'sexual desire', 'brooklyn, new york city', 'screwball comedy', 'new york subway', 'hedonism', 'immaturity', 'city hall', 'exotic dancer', 'sex worker', 'naive children', 'female stripping', 'meddling parents', 'annulment', 'sex work', 'strip show', 'russian oligarch', 'sex', 'independent film', 'party', 'female rage', 'vegas wedding', 'romantic dramedy', 'cinderella story', 'brighton beach']","['Mikey Madison', 'Mark Eydelshteyn', 'Yura Borisov', 'Karren Karagulian', 'Vache Tovmasyan', 'Luna Sofía Miranda', 'Lindsey Normington', 'Darya Ekamasova', 'Aleksey Serebryakov', 'Anton Bitter']",['Sean Baker'],139.0,2024-10-14,7.075,3341,23.3705,/cgXk2tNYhJZLXdBDO5DidAVzQ82.jpg,/qvyOfwTC3qdbzkqdXWSSEMHtjBZ.jpg,en,movie,,
9502,Kung Fu Panda,"Chosen by prophecy but doubted by all, Po is an unlikely choice for the mystical title of the Dragon Warrior—a clumsy panda thrust into the world of kung fu as a deadly enemy threatens the Valley of Peace. Under reluctant guidance by Master Shifu and the Furious Five, Po must embrace who he is to unlock the power that no scroll can teach.","['Action', 'Animation', 'Comedy', 'Family']","['martial arts', 'kung fu', 'strong woman', 'china', 'tiger', 'bravery', 'restaurant', 'villain', 'chosen one', 'shop', 'panda', 'sensei', 'anthropomorphism', 'fighting', 'master', 'destiny', 'crane', 'rope bridge', 'aftercreditsstinger', 'wuxia', 'monkey warrior', 'viper', '3d animation', 'inspirational', 'whimsical', 'joyful']","['Jack Black', 'Dustin Hoffman', 'Angelina Jolie', 'Ian McShane', 'Seth Rogen', 'Lucy Liu', 'David Cross', 'Randall Duk Kim', 'James Hong', 'Dan Fogler']","['Mark Osborne', 'John Stevenson']",90.0,2008-06-04,7.333,12861,28.3316,/wWt4JYXTg5Wr3xBW2phBrMKgp3x.jpg,/qdthf9WrRDSaIkGVQGhhJ9pz1hn.jpg,en,movie,,
599335,OK! Madam,"A working class family wins a free vacation to Hawaii. But when their plane takes flight, it gets hijacked by terrorists. To save her family and the other passengers, the wife must reveal her secret past and fight back.","['Comedy', 'Action']","['airplane', 'hawaii', 'hijacking', 'flight', 'airplane hijacking', 'inter-korean relations']","['Uhm Jung-hwa', 'Park Sung-woong', 'Lee Sang-yun', 'Bae Jung-nam', 'Lee Sun-bin', 'Jeong Su-been', 'Yu Ha-jun', 'Park Ji-il', 'Choi Jin-ho', 'Kim Beop-rae']",['Lee Cheol-ha'],100.0,2020-08-12,7.1,56,42.8859,/Pl5mC3AptB2xsEhByYUZ4E9sXU.jpg,/1JDWXjOiv5VqYM2G50zK9mYyefu.jpg,ko,movie,,
359724,Ford v Ferrari,"American car designer Carroll Shelby and the British-born driver Ken Miles work together to battle corporate interference, the laws of physics, and their own personal demons to build a revolutionary race car for Ford Motor Company and take on the dominating race cars of Enzo Ferrari at the 24 Hours of Le Mans in France in 1966.","['Drama', 'History', 'Action']","['based on novel or book', 'car race', 'sports', 'car mechanic', 'biography', 'based on true story', 'le mans', 'racing', 'race car driver', 'frantic', '1960s', 'motorsport']","['Matt Damon', 'Christian Bale', 'Jon Bernthal', 'Caitríona Balfe', 'Josh Lucas', 'Noah Jupe', 'Tracy Letts', 'Remo Girone', 'Ray McKinnon', 'JJ Feild']",['James Mangold'],153.0,2019-11-13,8.007,9169,21.1917,/dR1Ju50iudrOh3YgfwkAU1g2HZe.jpg,/2vq5GTJOahE03mNYZGxIynlHcWr.jpg,en,movie,,
875828,Peaky Blinders: The Immortal Man,"After his estranged son gets embroiled in a Nazi plot, self-exiled gangster Tommy Shelby must return to Birmingham to save his family — and his nation.","['Crime', 'Drama']","['england', 'gangster', 'betrayal', 'organized crime', 'period drama', 'gang warfare', '1940s', 'birmingham', 'based on tv series', 'fatalism', 'dark atmosphere', 'haunted by his demons', 'german covert operation', 'british underworld', 'wartime trauma', 'smuggling network']","['Cillian Murphy', 'Barry Keoghan', 'Rebecca Ferguson', 'Tim Roth', 'Stephen Graham', 'Sophie Rundle', 'Ned Dennehy', 'Packy Lee', 'Ian Peck', 'Jay Lycurgo']",['Tom Harper'],112.0,2026-03-05,7.222,1143,17.9521,/gRMalasZEzsZi4w2VFuYusfSfqf.jpg,/1fkuBPid72KGS6WmtkEXMftZtkE.jpg,en,movie,,
425274,Now You See Me: Now You Don't,"The original Four Horsemen reunite with a new generation of illusionists to take on powerful diamond heiress Veronika Vanderberg, who leads a criminal empire built on money laundering and trafficking. The new and old magicians must overcome their differences to work together on their most ambitious heist yet.","['Crime', 'Thriller']","['diamond', 'antwerp', 'sequel', 'diamond heist', 'misdirection', 'hidden agenda', 'sleight of hand', 'team up', 'absurd', 'condescending', 'mystery and intrigue', 'antwerp diamonds', 'magic heist', 'illusion mastery', 'team synergy', 'showmanship', 'illusionist team', 'twist reveal', 'international theft']","['Jesse Eisenberg', 'Dominic Sessa', 'Ariana Greenblatt', 'Justice Smith', 'Rosamund Pike', 'Woody Harrelson', 'Dave Franco', 'Isla Fisher', 'Lizzy Caplan', 'Morgan Freeman']",['Ruben Fleischer'],112.0,2025-11-12,6.471,1736,26.9854,/oD3Eey4e4Z259XLm3eD3WGcoJAh.jpg,/ufqytAlziHq5pljKByGJ8IKhtEZ.jpg,en,movie,,
537915,After,"Tessa Young is a dedicated student, dutiful daughter and loyal girlfriend to her high school sweetheart. Entering her first semester of college, Tessa's guarded world opens up when she meets Hardin Scott, a mysterious and brooding rebel who makes her question all she thought she knew about herself -- and what she wants out of life.","['Drama', 'Romance']","['based on novel or book', 'love', 'teenage crush', 'teenage girl', 'teenage romance', 'bad boy', 'mysterious', 'angry', 'ambiguous']","['Josephine Langford', 'Hero Fiennes Tiffin', 'Shane Paul McGhie', 'Khadijha Red Thunder', 'Dylan Arnold', 'Samuel Larsen', 'Inanna Sarkis', 'Selma Blair', 'Pia Mia', 'Swen Temmel']",['Jenny Gage'],106.0,2019-04-11,7.104,8554,19.3979,/u3B2YKUjWABcxXZ6Nm9h10hLUbh.jpg,/997ToEZvF2Obp9zNZbY5ELVnmrW.jpg,en,movie,,
539972,Kraven the Hunter,"Kraven Kravinoff's complex relationship with his ruthless gangster father, Nikolai, starts him down a path of vengeance with brutal consequences, motivating him to become not only the greatest hunter in the world, but also one of its most feared.","['Action', 'Adventure', 'Thriller']","['hunter', 'superhero', 'anti hero', 'villain', 'based on comic', 'supervillain', 'intense', 'admiring', 'ominous']","['Aaron Taylor-Johnson', 'Ariana DeBose', 'Fred Hechinger', 'Alessandro Nivola', 'Christopher Abbott', 'Russell Crowe', 'Yuri Kolokolnikov', 'Levi Miller', 'Tom Reed', 'Billy Barratt']",['J.C. Chandor'],127.0,2024-12-11,6.425,2436,31.2671,/1GvBhRxY6MELDfxFrete6BNhBB5.jpg,/bGGjyPqtNc8hhGkPo8W8D8t90bW.jpg,en,movie,,
70981,Prometheus,"A team of explorers discover a clue to the origins of mankind on Earth, leading them on a journey to the darkest corners of the universe. There, they must fight a terrifying battle to save the future of the human race.","['Science Fiction', 'Mystery', 'Horror']","['android', 'alien', 'space', 'creature', 'spin off', 'creation', 'emergency surgery', 'archaeological dig', 'stasis', 'god complex', 'cave drawing', 'prometheus', 'cosmic horror', 'genetic mutation', 'origins of life', 'lovecraftian', '2090s', 'sci-fi horror', 'objective']","['Noomi Rapace', 'Michael Fassbender', 'Charlize Theron', 'Idris Elba', 'Guy Pearce', 'Logan Marshall-Green', 'Sean Harris', 'Rafe Spall', 'Emun Elliott', 'Benedict Wong']",['Ridley Scott'],124.0,2012-05-30,6.603,13457,20.7315,/qsYQflQhOuhDpQ0W2aOcwqgDAeI.jpg,/qDG5SlGkWNsjSJWiGTBMFI8DpzA.jpg,en,movie,,
1078605,Weapons,"When all but one child from the same class mysteriously vanish on the same night at exactly the same time, a community is left questioning who or what is behind their disappearance.","['Horror', 'Mystery']","['witch', 'small town', 'pennsylvania, usa', 'ritual', 'junkie', 'teacher', 'trance', 'witchcraft', 'clown makeup', 'multiple storylines', 'bullied', 'folk horror', 'dark fairy tale', 'unstable cop', 'supernatural horror', 'mysterious disappearance', 'spell', 'psychological horror', 'mystery', 'evil aunt', 'missing children']","['Julia Garner', 'Josh Brolin', 'Alden Ehrenreich', 'Austin Abrams', 'Benedict Wong', 'Amy Madigan', 'Cary Christopher', 'Toby Huss', 'Whitmer Thomas', 'Callie Schuttera']",['Zach Cregger'],129.0,2025-08-04,7.254,3757,30.9246,/cpf7vsRZ0MYRQcnLWteD5jK9ymT.jpg,/8VyTWJrNEyV2MTWvniDVp0MpOAe.jpg,en,movie,,
1359,American Psycho,"A wealthy New York investment banking executive hides his alternate psychopathic ego from his co-workers and friends as he escalates deeper into his illogical, gratuitous fantasies.","['Thriller', 'Drama', 'Crime']","['new york city', 'based on novel or book', 'businessman', 'psychopath', 'dark comedy', 'satire', 'wall street', 'serial killer', 'chainsaw', 'big city', 'psychological thriller', 'character study', 'white collar', 'harvard business school', 'voice imitation', '1980s', 'american businessman', 'bloody', 'ambiguity', 'psychological horror', 'horror', 'horrified', 'instructive']","['Christian Bale', 'Justin Theroux', 'Josh Lucas', 'Bill Sage', 'Chloë Sevigny', 'Reese Witherspoon', 'Samantha Mathis', 'Matt Ross', 'Jared Leto', 'Willem Dafoe']",['Mary Harron'],102.0,2000-04-13,7.401,12543,21.3345,/9uGHEgsiUXjCNq8wdq4r49YL8A1.jpg,/5oaMV2q0qzxkIW2ukU3lldLu5q2.jpg,en,movie,,
372058,Your Name.,"High schoolers Mitsuha and Taki are complete strangers living separate lives. But one night, they suddenly switch places. Mitsuha wakes up in Taki’s body, and he in hers. This bizarre occurrence continues to happen randomly, and the two must adjust their lives around each other.","['Animation', 'Romance', 'Drama']","['high school', 'race against time', 'dreams', 'afterlife', 'natural disaster', 'supernatural', 'time travel', 'comet', 'romance', 'tragedy', 'school', 'body-swap', 'high school student', 'nonlinear timeline', 'star crossed lovers', 'power of love', 'anime', 'japanese high school', 'urban fantasy']","['Ryunosuke Kamiki', 'Mone Kamishiraishi', 'Ryo Narita', 'Aoi Yuuki', 'Nobunaga Shimazaki', 'Kaito Ishikawa', 'Kanon Tani', 'Masaki Terasoma', 'Sayaka Ohara', 'Kazuhiko Inoue']",['Makoto Shinkai'],106.0,2016-07-01,8.483,12830,30.6717,/vfJFJPepRKapMd5G2ro7klIRysq.jpg,/8x9iKH8kWA0zdkgNdpAew7OstYe.jpg,ja,movie,,
283995,Guardians of the Galaxy Vol. 2,The Guardians must fight to keep their newfound family together as they unravel the mysteries of Peter Quill's true parentage.,"['Science Fiction', 'Adventure', 'Action']","['hero', 'superhero', 'based on comic', 'sequel', 'alien', 'space', 'aftercreditsstinger', 'duringcreditsstinger', 'marvel cinematic universe (mcu)', 'father son relationship']","['Chris Pratt', 'Zoe Saldaña', 'Dave Bautista', 'Vin Diesel', 'Bradley Cooper', 'Kurt Russell', 'Michael Rooker', 'Karen Gillan', 'Pom Klementieff', 'Sylvester Stallone']",['James Gunn'],137.0,2017-04-25,7.609,23223,32.0206,/y4MBh0EjBlMuOzv9axM4qJlmhzz.jpg,/bW93ycPSSi3Hxx1NvlMX5qm2mQu.jpg,en,movie,,
7518,Over the Hedge,"A scheming raccoon fools a mismatched family of forest creatures into helping him repay a debt of food, by invading the new suburban sprawl that popped up while they were hibernating – and learns a lesson about family himself.","['Adventure', 'Animation', 'Comedy', 'Family']","['suburbian idyll', 'garbage', 'entrapment', 'squirrel', 'garden', 'grizzly bear', 'villain', 'turtle', 'forest', 'suburb', 'animals', 'raccoon', 'porcupine', 'aftercreditsstinger', 'playful', '3d animation', 'opossum', 'cartoon turtle', 'skunk']","['Bruce Willis', 'Garry Shandling', 'Steve Carell', 'Wanda Sykes', 'William Shatner', 'Nick Nolte', 'Thomas Haden Church', 'Allison Janney', 'Eugene Levy', ""Catherine O'Hara""]","['Karey Kirkpatrick', 'Tim Johnson']",83.0,2006-05-17,6.601,4933,19.1041,/jtZnymorbnHY7mOiBXR14ZDJseM.jpg,/reK7SgAFlyxg3s9R7neh6M970kh.jpg,en,movie,,
466272,Once Upon a Time... in Hollywood,"Los Angeles, 1969. TV star Rick Dalton, a struggling actor specializing in westerns, and stuntman Cliff Booth, his best friend, try to survive in a constantly changing movie industry. Dalton is the neighbor of the young and promising actress and model Sharon Tate, who has just married the prestigious Polish director Roman Polanski…","['Comedy', 'Drama', 'Thriller']","['movie business', 'male friendship', 'cult', 'based on true story', 'celebrity', 'fame', 'hollywood', 'los angeles, california', 'historical fiction', 'period drama', 'buddy', 'filmmaking', 'struggling actor', 'satanic cult', 'revisionist history', 'nostalgic', 'duringcreditsstinger', 'western filmmaking', 'manson family murders', '1960s', 'stunt double', 'old hollywood', 'sharon tate', 'charles manson', 'subjective', 'hollywood, california']","['Leonardo DiCaprio', 'Brad Pitt', 'Margot Robbie', 'Emile Hirsch', 'Margaret Qualley', 'Timothy Olyphant', 'Julia Butters', 'Austin Butler', 'Dakota Fanning', 'Bruce Dern']",['Quentin Tarantino'],162.0,2019-07-24,7.42,15080,21.0916,/8j58iEBw9pOXFD2L0nt0ZXeHviB.jpg,/xwgBHC2FgoIrQitl8jZwXXdsR9u.jpg,en,movie,,
281957,The Revenant,"In the 1820s, a frontiersman, Hugh Glass, sets out on a path of vengeance against those who left him for dead after a bear mauling.","['Western', 'Drama', 'Adventure']","['rape', 'based on novel or book', 'parent child relationship', 'winter', 'child murder', 'mountain', 'grizzly bear', 'animal attack', 'wilderness', 'gore', 'native american', 'forest', 'based on true story', 'liar', 'fur trapping', 'frontier', 'remake', 'revenge', 'survival', 'murder', 'bear', 'snow', 'scalping', 'animals', 'nature', 'wild west', 'bear attack', 'indian attack', 'dead horse', 'starvation', 'shocking', '19th century', 'wolves', 'ice', 'tense', 'antagonistic', 'tragic']","['Leonardo DiCaprio', 'Tom Hardy', 'Domhnall Gleeson', 'Will Poulter', 'Forrest Goodluck', 'Duane Howard', 'Arthur Redcloud', ""Melaw Nakehk'o"", 'Grace Dove', 'Lukas Haas']",['Alejandro G. Iñárritu'],157.0,2015-12-25,7.541,19558,24.9094,/ji3ecJphATlVgWNY0B0RVXZizdf.jpg,/hEQYZq2CDB2LSJVxxlazdBOKeyW.jpg,en,movie,,
558449,Gladiator II,"Years after witnessing the death of the revered hero Maximus at the hands of his uncle, Lucius is forced to enter the Colosseum after his home is conquered by the tyrannical Emperors who now lead Rome with an iron fist. With rage in his heart and the future of the Empire at stake, Lucius must look to his past to find strength and honor to return the glory of Rome to its people.","['Action', 'Adventure', 'Drama']","['gladiator', 'roman empire', 'ancient rome', 'sequel', 'epic battle', 'family legacy', '3rd century', 'antiquity', 'fallen hero', 'political rival', 'evil tyrant', 'critical', 'sword and sandal', 'sword fighting', 'second part', 'compassionate', 'arena combat', 'emperor brothers', 'imperial corruption', 'roman senate']","['Paul Mescal', 'Denzel Washington', 'Pedro Pascal', 'Connie Nielsen', 'Joseph Quinn', 'Fred Hechinger', 'Lior Raz', 'Derek Jacobi', 'Peter Mensah', 'Matt Lucas']",['Ridley Scott'],148.0,2024-11-13,6.6,4647,32.9401,/2cxhvwyEwRlysAmRH4iodkvo0z5.jpg,/tOqIwliWMovSIZ9DyvHcHI7p2im.jpg,en,movie,,
572802,Aquaman and the Lost Kingdom,"Black Manta seeks revenge on Aquaman for his father's death. Wielding the Black Trident's power, he becomes a formidable foe. To defend Atlantis, Arthur (Aquaman) forges an alliance with his imprisoned brother. They must protect the kingdom.","['Action', 'Adventure', 'Fantasy']","['superhero', 'secret society', 'half-brother', 'sequel', 'revenge', 'dysfunctional relationship', 'dc extended universe (dceu)', 'ancient evil', 'underwater world', 'vengeance', 'brother brother relationship']","['Jason Momoa', 'Patrick Wilson', 'Yahya Abdul-Mateen II', 'Randall Park', 'Amber Heard', 'Nicole Kidman', 'Dolph Lundgren', 'Temuera Morrison', 'Indya Moore', 'Pilou Asbæk']",['James Wan'],124.0,2023-12-20,6.509,3606,27.0032,/7lTnXOy0iNtBAdRP3TZvaKJ77F6.jpg,/bckxSN9ueOgm0gJpVJmPQrecWul.jpg,en,movie,,
1273221,Scary Movie,"Twenty-six years after outrunning a suspiciously familiar masked killer, the Core Four are back in the killer's crosshairs and no horror movie IP is safe.",['Comedy'],"['parody', 'sequel', 'slapstick comedy', 'crude humor', 'spoof', 'animated scene', 'slasher', 'horror spoof', 'dildo', 'reboot', 'duringcreditsstinger', 'mother daughter estrangement', 'legacy', 'offensive', 'complex', 'cosmetic surgery', 'weed', 'horror parody', 'social media influencer', 'livestream', 'stoner comedy', 'hilarious', 'excited', 'mocking', 'meta humor', 'gross out', 'raunchy']","['Marlon Wayans', 'Shawn Wayans', 'Anna Faris', 'Regina Hall', 'Kenan Thompson', 'Teyana Taylor', 'Dave Sheridan', 'Lochlyn Munro', 'Carmen Electra', 'Kim Wayans']",['Michael Tiddes'],96.0,2026-06-03,6.463,1587,161.8298,/znHT8peERZRWG1ME3r0Db0EV8k8.jpg,/xWBiXclrRmTggQHMRsIn84YHavs.jpg,en,movie,,
933260,The Substance,"A fading celebrity decides to use a black market drug, a cell-replicating substance that temporarily creates a younger, better version of herself.","['Horror', 'Science Fiction']","[""new year's eve"", 'capitalism', 'birthday', 'black market', 'identity', 'dark comedy', 'beauty', 'satire', 'aging', 'celebrity', 'female protagonist', 'los angeles, california', 'has been', 'aerobics', 'disfigurement', 'woman in jeopardy', 'woman director', 'substance', 'beauty standards', 'insecure woman', 'self image', 'drug', 'body horror', 'female rage', 'youth', 'actress']","['Demi Moore', 'Margaret Qualley', 'Dennis Quaid', 'Edward Hamilton-Clark', 'Gore Abrams', 'Oscar Lesage', 'Christian Erickson', 'Robin Greer', 'Tom Morton', 'Hugo Diego Garcia']",['Coralie Fargeat'],141.0,2024-09-07,7.133,6299,42.423,/uYJvxMWMb9W4zIY3cbM50sj3dpC.jpg,/bVSOgrxasVJF6V71T7v2KfBRSzu.jpg,en,movie,,
1422,The Departed,"To take down South Boston's Irish Mafia, the police send in one of their own to infiltrate the underworld, not realizing the syndicate has done likewise. While an undercover cop curries favor with the mob kingpin, a career criminal rises through the police ranks. But both sides soon discover there's a mole among them.","['Drama', 'Thriller', 'Crime']","['police', 'undercover', 'boston, massachusetts', 'gangster', 'irish-american', 'crime boss', 'friends', 'remake', 'mobster', 'organized crime', 'mafia', 'undercover cop', 'mole', 'state police', 'police training', 'realtor', 'angry', 'complex', 'dreary', 'inspirational', 'intense', 'authoritarian', 'frightened']","['Leonardo DiCaprio', 'Matt Damon', 'Jack Nicholson', 'Mark Wahlberg', 'Martin Sheen', 'Ray Winstone', 'Vera Farmiga', 'Anthony Anderson', 'Alec Baldwin', 'Kevin Corrigan']",['Martin Scorsese'],151.0,2006-10-04,8.159,16470,32.6985,/nT97ifVT2J1yMQmeq20Qblg61T.jpg,/6WRrGYalXXveItfpnipYdayFkQB.jpg,en,movie,,
284053,Thor: Ragnarok,"Thor is imprisoned on the other side of the universe and finds himself in a race against time to get back to Asgard to stop Ragnarok, the destruction of his home-world and the end of Asgardian civilization, at the hands of a powerful new threat, the ruthless Hela.","['Action', 'Science Fiction', 'Comedy', 'Adventure']","['superhero', 'death of father', 'based on comic', 'sequel', 'alien planet', 'female villain', 'norse mythology', 'aftercreditsstinger', 'duringcreditsstinger', 'marvel cinematic universe (mcu)', 'mysterious', 'norse god', 'familiar', 'ominous']","['Chris Hemsworth', 'Mark Ruffalo', 'Tom Hiddleston', 'Cate Blanchett', 'Idris Elba', 'Jeff Goldblum', 'Tessa Thompson', 'Karl Urban', 'Anthony Hopkins', 'Benedict Cumberbatch']",['Taika Waititi'],131.0,2017-10-02,7.582,22291,42.993,/rzRwTcFvttcN1ZpX2xv4j3tSdJu.jpg,/vLmHH8jAy8Jq8uBsLucd3592WGh.jpg,en,movie,,
284054,Black Panther,"King T'Challa returns home to the reclusive, technologically advanced African nation of Wakanda to serve as his country's new leader. However, T'Challa soon finds that he is challenged for the throne by factions within his own country as well as without. Using powers reserved to Wakandan kings, T'Challa assumes the Black Panther mantle to join with ex-girlfriend Nakia, the queen-mother, his princess-kid sister, members of the Dora Milaje (the Wakandan 'special forces') and an American secret agent, to prevent Wakanda from being dragged into a world war.","['Action', 'Adventure', 'Science Fiction']","['africa', 'superhero', 'based on comic', 'aftercreditsstinger', 'duringcreditsstinger', 'marvel cinematic universe (mcu)']","['Chadwick Boseman', 'Michael B. Jordan', ""Lupita Nyong'o"", 'Danai Gurira', 'Martin Freeman', 'Daniel Kaluuya', 'Letitia Wright', 'Winston Duke', 'Sterling K. Brown', 'Angela Bassett']",['Ryan Coogler'],135.0,2018-02-13,7.365,23763,35.0538,/uxzzxijgPIY7slzFvMotPv8wjKA.jpg,/b6ZJZHUdMEFECvGiDpJjlfUWela.jpg,en,movie,,
1375646,Colony,"Professor Se-jeong is thrust into a bloody nightmare when a rapidly mutating virus is released during a biotech conference causing authorities to seal the facility. Trapped inside with no escape, Se-jeong along with a small group of survivors must fight to stay alive while the infected undergo horrific transformations.","['Action', 'Horror', 'Science Fiction']",['zombie'],"['Gianna Jun', 'Koo Kyo-hwan', 'Ji Chang-wook', 'Kim Shin-rock', 'Shin Hyun-been', 'Go Soo', 'Lee Joong-ok', 'Kim Jong-tae', 'Hwang Jae-yeol', 'Lee Dam-hee']",['Yeon Sang-ho'],123.0,2026-05-21,8.1,473,299.3411,/tN799oUR0f1gUKDYdMNrDaY7I51.jpg,/jDvxsBemt2Iyslg7qn2WMzgxz23.jpg,ko,movie,,
177572,Big Hero 6,"A special bond develops between plus-sized inflatable robot Baymax, and prodigy Hiro Hamada, who team up with a group of friends to form a band of high-tech heroes.","['Adventure', 'Family', 'Animation', 'Action', 'Comedy']","['friendship', 'martial arts', 'hero', 'sibling relationship', 'san francisco, california', 'superhero', 'talent', 'cartoon', 'villain', 'based on comic', 'coming of age', 'revenge', 'tokyo, japan', 'best friend', 'another dimension', 'robot', 'east asian lead', 'boy genius', 'super villain', 'aftercreditsstinger', 'villain arrested', 'supervillain', 'moral dilemma', 'teen superhero', 'dead brother', 'loving', '3d animation', 'depressing', 'hopeful']","['Scott Adsit', 'Ryan Potter', 'Daniel Henney', 'T.J. Miller', 'Jamie Chung', 'Damon Wayans Jr.', 'Genesis Rodriguez', 'James Cromwell', 'Alan Tudyk', 'Maya Rudolph']","['Chris Williams', 'Don Hall']",102.0,2014-10-24,7.726,16791,35.9619,/2mxS4wUimwlLmI1xp6QW6NSU361.jpg,/4s2d3xdyqotiVNHTlTlJjrr3q0H.jpg,en,movie,,
1297842,GOAT,"A small goat with big dreams gets a once-in-a-lifetime shot to join the pros and play roarball, a high-intensity, co-ed, full-contact sport dominated by the fastest, fiercest animals in the world.","['Animation', 'Comedy', 'Family']","['underdog', 'friendship', 'sports', 'allies', 'ambition', 'bullying', 'challenge', 'basketball', 'rivalry', 'coming of age', 'anthropomorphism', 'animals', 'intimidation', 'stereotype', 'basketball team', 'basketball player', 'big dreams', 'imaginary world', 'sneakers', 'vulture', 'playful', 'talking animal', 'anthropomorphic animal', 'athlete', 'feelgood', 'inspirational', 'enemy', 'courage', 'heartwarming', 'exciting', 'fantasy sports', 'admiring', 'amused', 'joyful', 'sports comedy']","['Caleb McLaughlin', 'Gabrielle Union', 'Stephen Curry', 'Aaron Pierre', 'Nicola Coughlan', 'David Harbour', 'Nick Kroll', 'Jenifer Lewis', 'Patton Oswalt', 'Jelly Roll']",['Tyree Dillihay'],100.0,2026-02-11,8.107,980,39.2501,/wfuqMlaExcoYiUEvKfVpUTt1v4u.jpg,/tq3h43fZy0H80vzf47MAY7R9Mxo.jpg,en,movie,,
1363387,Saccharine,"After succumbing to an obscure weight-loss craze involving the eating of human ashes, lovelorn medical student Hana finds herself haunted by the ghost of the person she's eating.",['Horror'],"['supernatural', 'evil spirit', 'mortician', 'eating disorder', 'supernatural horror', 'psychological', 'body horror', 'psychological horror', 'horror']","['Midori Francis', 'Danielle Macdonald', 'Madeleine Madden', 'Joseph Baldwin', 'Robert Taylor', 'Emily Milledge', 'Lisa Crittenden', 'Lucy Goleby', 'Showko Showfukutei', 'Anna Adams']",['Natalie Erika James'],113.0,2026-05-22,6.888,112,24.1074,/bCHPB5WZy4T0Rerh1GTuQLzU0rF.jpg,/7NUx7bQAD4lo9yMDbprvIblhWo2.jpg,en,movie,,
1523145,Your Heart Will Be Broken,"High school student Polina is saved from bullying at her new school and makes a deal with the main bully Bars: he must pretend to be her boyfriend and protect her, and she must do everything he says. During this game, the couple develops real feelings, but her family and classmates have reasons to separate the lovers.",['Romance'],['based on novel or book'],"['Daniel Vegas', 'Veronika Zhuravleva', 'Ivan Trushin', 'Maksim Saprykin', 'Alya Mayer', 'Evgeniya Loza', 'Pavel Kuzmin', 'Alexandra Tikhonova', 'Margarita Dyachenkova', 'Anton Solomatin']",['Mikhail Vaynberg'],134.0,2026-03-26,7.1,120,91.1852,/7wIBfBl2gejt6xHxNSK0reVIm7E.jpg,/1x9e0qWonw634NhIsRdvnneeqvN.jpg,ru,movie,,
980431,Avatar Aang: The Last Airbender,"Avatar Aang, the world's last Airbender, learns of an ancient power that could save his culture from extinction. With the help of his friends, he embarks on a global quest to find it before it falls into the wrong hands and threatens to upend the peace they sacrificed everything to achieve.","['Animation', 'Action', 'Adventure', 'Fantasy']","['martial arts', 'extinction', 'cultural identity', 'based on tv series', 'amused', 'comforting', 'hopeful', 'anime inspired']","['Eric Nam', 'Dave Bautista', 'Jessica Matten', 'Román Zaragoza', 'Steven Yeun', 'Dionne Quan', 'Dee Bradley Baker', 'Freida Pinto', 'Ke Huy Quan', 'Taika Waititi']",['Lauren Montgomery'],99.0,2026-07-24,9.279,828,143.3652,/3sgnSfNT27Bx5O5ukr7B26mhEQq.jpg,/ezbrL1dMymKQZw7mDEWa2ZTzN7d.jpg,en,movie,,
931285,Mortal Kombat II,"The fan favorite champions—now joined by Johnny Cage himself—are pitted against one another in the ultimate, no-holds barred, gory battle to defeat the dark rule of Shao Kahn that threatens the very existence of the Earthrealm and its defenders.","['Action', 'Fantasy', 'Adventure']","['martial arts', 'magic', 'ninja fighter', 'gore', 'sequel', 'god', 'alternate dimension', 'ninja', 'fighting', 'based on video game', 'martial arts tournament', 'struggling actor', 'hand to hand combat', 'aggressive', 'amused']","['Karl Urban', 'Adeline Rudolph', 'Ludi Lin', 'Jessica McNamee', 'Josh Lawson', 'Martyn Ford', 'Mehcad Brooks', 'Tati Gabrielle', 'Lewis Tan', 'Max Huang']",['Simon McQuoid'],116.0,2026-05-06,7.885,2344,82.418,/hwRdDFIhaEmpRgoki805YvyyjZf.jpg,/4EAAwpylq313qrDqpCxulUrXBNF.jpg,en,movie,,
1495,Kingdom of Heaven,"After his wife dies, a blacksmith named Balian is thrust into royalty, political intrigue and bloody holy wars during the Crusades.","['Drama', 'Action', 'Adventure', 'History', 'War']","['blacksmith', 'muslim', 'crusade', 'jerusalem', 'catapult', 'swordsman', 'battlefield', 'knight', 'religion', 'epic battle', 'desert battle', 'knight templars', '12th century', 'saladin', 'christian', 'ambiguous', 'awestruck', 'sword battle']","['Orlando Bloom', 'Eva Green', 'Jeremy Irons', 'David Thewlis', 'Ghassan Massoud', 'Liam Neeson', 'Brendan Gleeson', 'Marton Csokas', 'Alexander Siddig', 'Michael Sheen']",['Ridley Scott'],144.0,2005-05-03,7.077,5129,23.0088,/rNaBe4TwbMef71sgscqabpGKsxh.jpg,/8itHQecANtOevcCdr3AhVxFCYkw.jpg,en,movie,,
38365,Grown Ups,"After their high school basketball coach passes away, five good friends and former teammates reunite for a Fourth of July holiday weekend.",['Comedy'],"['friendship', 'overweight', 'affectation', 'convertible', 'swing', 'foot', 'friends', 'arrow', 'buddy comedy', 'buddies', 'playful', 'absurd', 'amused']","['Adam Sandler', 'Kevin James', 'Chris Rock', 'David Spade', 'Rob Schneider', 'Salma Hayek Pinault', 'Maria Bello', 'Maya Rudolph', 'Joyce Van Patten', 'Ebony Jo-Ann']",['Dennis Dugan'],102.0,2010-06-24,6.432,6813,29.0185,/cQGM5k1NtU85n4TUlrOrwijSCcm.jpg,/kARonxQpuSZdFraTKlCThWOBCtu.jpg,en,movie,,
398818,Call Me by Your Name,"In the summer of 1983, a 17-year-old Elio spends his days in his family's villa in Italy. One day Oliver, a graduate student, arrives to assist Elio's father, a professor of Greco-Roman culture. Soon, Elio and Oliver discover a summer that will alter their lives forever.","['Romance', 'Drama']","['based on novel or book', 'upper class', 'italy', 'swimming pool', 'coming of age', 'love', 'breaking the fourth wall', 'summer', 'teenage boy', 'masturbation', 'first love', 'lgbt', 'jewish family', '1980s', 'gay theme']","['Timothée Chalamet', 'Armie Hammer', 'Michael Stuhlbarg', 'Amira Casar', 'Esther Garrel', 'Victoire du Bois', 'Vanda Capriolo', 'Antonio Rimoldi', 'Elena Bucci', 'Marco Sgrosso']",['Luca Guadagnino'],132.0,2017-10-01,8.083,12881,20.2626,/mZ4gBdfkhP9tvLH1DO4m4HYtiyi.jpg,/4Xh2a1WeTp6b8Ksvug0pAMbX3dT.jpg,en,movie,,
1156593,Your Fault,The love between Noah and Nick seems unwavering despite their parents' attempts to separate them. But his job and her entry into college open up their lives to new relationships that will shake the foundations of both their relationship and the Leister family itself.,"['Drama', 'Romance']","['based on novel or book', 'suicide attempt', 'sequel', 'mental health', 'romantic drama']","['Nicole Wallace', 'Gabriel Guevara', 'Marta Hazas', 'Iván Sánchez', 'Eva Ruiz', 'Víctor Varona', 'Gabriela Andrada', 'Alex Bejar', 'Goya Toledo', 'Javier Morgade']",['Domingo González'],117.0,2024-12-26,7.09,1612,25.2405,/1sQA7lfcF9yUyoLYC0e6Zo3jmxE.jpg,/k24eZq5I3jyz4htPkZCRpnUmBzE.jpg,es,movie,,
1156594,Our Fault,"Jenna and Lion's wedding brings about the long-awaited reunion between Noah and Nick after their breakup. Nick's inability to forgive Noah stands as an insurmountable barrier. He, heir to his grandfather's businesses, and she, starting her professional life, resist fueling a flame that's still alive. But now that their paths have crossed again, will love be stronger than resentment?","['Romance', 'Drama']","['based on novel or book', 'sequel']","['Nicole Wallace', 'Gabriel Guevara', 'Gabriela Andrada', 'Marta Hazas', 'Goya Toledo', 'Iván Sánchez', 'Felipe Londoño', 'Fran Berenguer', 'Alex Bejar', 'Javier Morgade']",['Domingo González'],110.0,2025-10-15,7.379,731,30.0415,/yzqHt4m1SeY9FbPrfZ0C2Hi9x1s.jpg,/7QirCB1o80NEFpQGlQRZerZbQEp.jpg,es,movie,,
370172,No Time to Die,"Bond has left active service and is enjoying a tranquil life in Jamaica. His peace is short-lived when his old friend Felix Leiter from the CIA turns up asking for help. The mission to rescue a kidnapped scientist turns out to be far more treacherous than expected, leading Bond onto the trail of a mysterious villain armed with dangerous new technology.","['Action', 'Thriller', 'Adventure']","['biological weapon', 'based on novel or book', 'parent child relationship', 'forgiveness', 'poison', 'spy', 'mi6', 'family', 'british secret service', 'parents', 'global threat', 'somber', 'nanobots', 'james bond', 'bold']","['Daniel Craig', 'Léa Seydoux', 'Rami Malek', 'Lashana Lynch', 'Ralph Fiennes', 'Ben Whishaw', 'Naomie Harris', 'Rory Kinnear', 'Jeffrey Wright', 'Billy Magnussen']",['Cary Joji Fukunaga'],163.0,2021-09-29,7.339,7288,22.5409,/iUgygt3fscRoKWCV1d0C7FbM9TP.jpg,/bz7pwNGCbV576COsDcYN9MbEACC.jpg,en,movie,,
980477,Ne Zha 2,"After a catastrophic event leaves their bodies destroyed, Ne Zha and Ao Bing are granted a fragile second chance at life. As tensions rise between the dragon clans and celestial forces, the two must undergo a series of perilous trials that will test their bond, challenge their identities, and decide the fate of both mortals and immortals.","['Animation', 'Action', 'Fantasy', 'Adventure']","['fight', 'magic', 'sequel', 'dark fantasy', 'based on myths, legends or folklore', '3d animation', 'nezha', 'chinese mythology', 'donghua', 'shenmo']","['Lu Yanting', 'Joseph', 'Han Mo', 'Chen Hao', 'Lu Qi', 'Zhang Jiaming', 'Yang Wei', 'Wang Deshun', 'Yu Chen', 'Li Nan']",['Jiao Zi'],144.0,2025-01-29,8.159,786,22.6314,/293Mo4GWf7Tl0TfAr5NFghqeMy7.jpg,/c9xmB53umjnrCMS4pZz11clF3yJ.jpg,zh,movie,,
1279493,The Get Out,"A nightclub owner is on the verge of leaving his dangerous past behind for retirement with his girlfriend. When masked gunmen rob him and he finds himself squeezed by ruthless cartels, a mysterious newcomer arrives with an interest in buying the business. With danger closing in from all sides, he must navigate a deadly web of deception, power, and survival  -  where escape may no longer be an option.","['Action', 'Thriller']","['based on novel or book', 'drug cartel']","['Russell Crowe', 'Luke Evans', 'Aaron Paul', 'Teresa Palmer', 'Nina Dobrev', 'Daniel Zovatto', 'Kartiah Vergara', 'Sabelle Morrow-Woods', 'Sean Richard']",['Derrick Borte'],111.0,2026-06-18,6.3,53,20.876,/zlkeH0s7dDxcnuPcHBqAyXFUxqN.jpg,/mDVnHFcxxUJC9TQFVeKh1TJNBzh.jpg,en,movie,,
286217,The Martian,"During a manned mission to Mars, Astronaut Mark Watney is presumed dead after a fierce storm and left behind by his crew. But Watney has survived and finds himself stranded and alone on the hostile planet. With only meager supplies, he must draw upon his ingenuity, wit and spirit to subsist and find a way to signal to Earth that he is alive.","['Science Fiction', 'Drama', 'Adventure']","['spacecraft', 'planet mars', 'based on novel or book', 'nasa', 'isolation', 'botanist', 'survival', 'space', 'engineering', 'stranded', 'astronaut', 'struggle for survival', 'aftercreditsstinger', 'duringcreditsstinger', 'deep space', 'philosophical', '2030s', 'faithful adaptation', 'cheerful', 'optimistic']","['Matt Damon', 'Jessica Chastain', 'Kristen Wiig', 'Jeff Daniels', 'Michael Peña', 'Sean Bean', 'Kate Mara', 'Sebastian Stan', 'Aksel Hennie', 'Chiwetel Ejiofor']",['Ridley Scott'],141.0,2015-09-30,7.706,21614,28.9496,/fASz8A0yFE3QB6LgGoOfwvFSseV.jpg,/lzMS0CI3FLQYC5EgJoWeIaEt0lm.jpg,en,movie,,
99861,Avengers: Age of Ultron,"When Tony Stark tries to jumpstart a dormant peacekeeping program, things go awry and Earth’s Mightiest Heroes are put to the ultimate test as the fate of the planet hangs in the balance. As the villainous Ultron emerges, it is up to The Avengers to stop him from enacting his terrible plans, and soon uneasy alliances and unexpected action pave the way for an epic and unique global adventure.","['Action', 'Adventure', 'Science Fiction']","['artificial intelligence (a.i.)', 'saving the world', 'superhero', 'based on comic', 'sequel', 'vision', 'robot', 'superhero team', 'creator', 'super villain', 'duringcreditsstinger', 'marvel cinematic universe (mcu)', 'fictitious country', 'good versus evil', 'hilarious', 'comforting']","['Robert Downey Jr.', 'Chris Hemsworth', 'Mark Ruffalo', 'Chris Evans', 'Scarlett Johansson', 'Jeremy Renner', 'James Spader', 'Samuel L. Jackson', 'Don Cheadle', 'Aaron Taylor-Johnson']",['Joss Whedon'],141.0,2015-04-22,7.276,24781,49.7923,/4ssDuvEDkSArWEdyBl2X5EHvYKU.jpg,/kIBK5SKwgqIIuRKhhWrJn3XkbPq.jpg,en,movie,,
77338,The Intouchables,A true story of two men who should never have met – a quadriplegic aristocrat who was injured in a paragliding accident and a young man from the projects.,"['Drama', 'Comedy']","['friendship', 'male friendship', 'based on true story', 'inspiring story', 'aristocrat', 'paragliding', 'unlikely friendship', 'duringcreditsstinger', 'quadriplegic', 'quadriplegia', 'feelgood', 'cheerful', 'empathetic', 'emotional']","['François Cluzet', 'Omar Sy', 'Anne Le Ny', 'Audrey Fleurot', 'Joséphine de Meaux', 'Clotilde Mollet', 'Alba Gaïa Bellugi', 'Cyril Mendy', 'Salimata Kamate', 'Absa Diatou Toure']","['Éric Toledano', 'Olivier Nakache']",113.0,2011-11-02,8.272,18672,25.9945,/1QU7HKgsQbGpzsJbJK4pAVQV9F5.jpg,/q6OGlZ1KMEb14AC8KbPCxyNOal6.jpg,fr,movie,,
333339,Ready Player One,"When the creator of a popular video game system dies, a virtual contest is created to compete for his fortune.","['Adventure', 'Action', 'Science Fiction']","['future', 'based on novel or book', 'video game', 'virtual reality', 'dystopia', 'nostalgia', 'love', 'film in film', 'evil corporation', 'quest', '1980s', '2040s', 'based on young adult novel', 'virtual game', 'columbus, ohio', 'dreary', 'gloomy', 'vrmmo']","['Tye Sheridan', 'Olivia Cooke', 'Ben Mendelsohn', 'Lena Waithe', 'T.J. Miller', 'Simon Pegg', 'Mark Rylance', 'Philip Zhao', 'Win Morisaki', 'Hannah John-Kamen']",['Steven Spielberg'],140.0,2018-03-28,7.587,17211,25.0882,/pU1ULUq8D3iRxl1fdX2lZIzdHuI.jpg,/5a7lMDn3nAj2ByO0X1fg6BhUphR.jpg,en,movie,,
1193501,Whistle,"A misfit group of unwitting high school students stumble upon a cursed object, an ancient Aztec Death Whistle. They discover that blowing the whistle and the terrifying sound it emits will summon their future deaths to hunt them down.","['Horror', 'Mystery']","['high school', 'grave', 'evil spirit', 'school', 'death', 'whistle', 'based on short story', 'supernatural horror', 'cautionary', 'cursed object', 'teen horror', 'horror', 'straightforward']","['Dafne Keen', 'Sophie Nélisse', 'Sky Yang', 'Jhaleil Swaby', 'Alissa Skovbye', 'Percy Hynes White', 'Michelle Fairley', 'Nick Frost', 'Mika Amonsen', 'Stephen Kalyn']",['Corin Hardy'],100.0,2026-01-20,6.35,638,19.4823,/vgonf5kGsiijUBjzxKTvechhT28.jpg,/rfawRNnOrpqlvTi3Xn4XRjkxx66.jpg,en,movie,,
812583,Wake Up Dead Man: A Knives Out Mystery,"When young priest Jud Duplenticy is sent to assist charismatic firebrand Monsignor Jefferson Wicks, it’s clear that all is not well in the pews. After a sudden and seemingly impossible murder rocks the town, the lack of an obvious suspect prompts local police chief Geraldine Scott to join forces with renowned detective Benoit Blanc to unravel a mystery that defies all logic.","['Thriller', 'Mystery', 'Comedy']","['dark comedy', 'sequel', 'whodunit', 'murder investigation', 'murder mystery', 'upstate new york', 'web of lies', 'mystery thriller', 'hidden motives', 'clue‑based deduction', 'high‑society secrets', 'eccentric detective', 'manipulative personalities', 'hidden relationships', 'isolated mansion', 'character‑driven mystery']","['Daniel Craig', ""Josh O'Connor"", 'Glenn Close', 'Josh Brolin', 'Mila Kunis', 'Jeremy Renner', 'Kerry Washington', 'Andrew Scott', 'Cailee Spaeny', 'Daryl McCormack']",['Rian Johnson'],145.0,2025-11-26,7.206,2743,20.4415,/qCOGGi8JBVEZMc3DVby8rUivyXz.jpg,/fiRDzpcJe7qz3yIR43hdXIE3NHv.jpg,en,movie,,
603692,John Wick: Chapter 4,"With the price on his head ever increasing, John Wick uncovers a path to defeating The High Table. But before he can earn his freedom, Wick must face off against a new enemy with powerful alliances across the globe and forces that turn old friends into foes.","['Action', 'Thriller', 'Crime']","['new york city', 'martial arts', 'berlin, germany', 'paris, france', 'hitman', 'sequel', 'organized crime', 'osaka, japan', 'code of honor', 'blindness', 'aftercreditsstinger', 'hunted', 'hand to hand combat', 'consequences', 'professional assassin', 'neo-noir', 'japanese mafia', 'japan style', 'continental hotel']","['Keanu Reeves', 'Donnie Yen', 'Bill Skarsgård', 'Ian McShane', 'Laurence Fishburne', 'Lance Reddick', 'Clancy Brown', 'Hiroyuki Sanada', 'Rina Sawayama', 'Scott Adkins']",['Chad Stahelski'],170.0,2023-03-21,7.709,8158,21.0029,/vZloFAK7NmvMGKE7VkF5UHaz0I.jpg,/7I6VUdPj6tQECNHdviJkUHD2u89.jpg,en,movie,,
1318447,Apex,A grieving woman pushing her limits on a solo adventure in the Australian wild is ensnared in a twisted game with a cunning killer who thinks she's prey.,"['Action', 'Thriller']","['norway', 'canoe trip', 'rock climbing', 'intense', 'depressing', 'bewildered', 'cliché', 'pretentious', 'nutcase', 'survival instinct', 'australian wilderness', 'cat‑and‑mouse chase', 'dangerous threat', 'extreme challenges', 'grieving woman']","['Charlize Theron', 'Taron Egerton', 'Eric Bana', 'Caitlin Stasey', 'Bessie Holland', 'Zachary Garred', 'Matt Whelan', 'Rob Carlton', 'Aaron Pedersen', 'Duncan Fellows']",['Baltasar Kormákur'],96.0,2026-04-24,6.896,1790,42.6762,/eTp7gSPkSF3Aw79mNx1NkBP1PZT.jpg,/9nzfyiYbmTUXWC4B2kwjl4NAlqO.jpg,en,movie,,
181808,Star Wars: The Last Jedi,"Rey develops her newly discovered abilities with the guidance of Luke Skywalker, who is unsettled by the strength of her powers. Meanwhile, the Resistance prepares to do battle with the First Order.","['Adventure', 'Action', 'Science Fiction']","['bunker', 'space battle', 'defeat', 'failure', 'sequel', 'space opera', 'military operation', 'quest', 'tuwaderalit']","['Mark Hamill', 'Carrie Fisher', 'Adam Driver', 'Daisy Ridley', 'John Boyega', 'Oscar Isaac', 'Andy Serkis', ""Lupita Nyong'o"", 'Domhnall Gleeson', 'Anthony Daniels']",['Rian Johnson'],152.0,2017-12-13,6.743,16536,24.7958,/kOVEVeg59E0wsnXmF9nrh6OmWII.jpg,/bIUaCtWaRgd78SnoHJDI8TNf7Sd.jpg,en,movie,,
429617,Spider-Man: Far From Home,"Peter Parker and his friends go on a summer trip to Europe. However, they will hardly be able to rest - Peter will have to agree to help Nick Fury uncover the mystery of creatures that cause natural disasters and destruction throughout the continent.","['Action', 'Adventure', 'Science Fiction']","['venice, italy', 'secret identity', 'superhero', 'school trip', 'europe', 'based on comic', 'sequel', 'travel', 'aftercreditsstinger', 'duringcreditsstinger', 'marvel cinematic universe (mcu)', 'masked superhero', 'tower of london', 'teen superhero']","['Tom Holland', 'Jake Gyllenhaal', 'Samuel L. Jackson', 'Marisa Tomei', 'Jon Favreau', 'Zendaya', 'Jacob Batalon', 'Tony Revolori', 'Angourie Rice', 'Remy Hii']",['Jon Watts'],129.0,2019-06-28,7.394,17354,109.2243,/4q2NNj4S5dG2RLF9CpXsej7yXl.jpg,/vamhMTvh9m9zFHDoR0v1nRtf6T4.jpg,en,movie,,
181812,Star Wars: The Rise of Skywalker,"The surviving Resistance faces the First Order once again as the journey of Rey, Finn and Poe Dameron continues. With the power and knowledge of generations behind them, the final battle begins.","['Adventure', 'Action', 'Science Fiction']",['space opera'],"['Carrie Fisher', 'Mark Hamill', 'Daisy Ridley', 'Adam Driver', 'John Boyega', 'Oscar Isaac', 'Anthony Daniels', 'Naomi Ackie', 'Domhnall Gleeson', 'Richard E. Grant']",['J.J. Abrams'],142.0,2019-12-18,6.258,11009,22.2703,/db32LaOibwEliAmSL2jjDF6oDdj.jpg,/jOzrELAzFxtMx2I4uDGHOotdfsS.jpg,en,movie,,
118340,Guardians of the Galaxy,"Light years from Earth, 26 years after being abducted, Peter Quill finds himself the prime target of a manhunt after discovering an orb wanted by Ronan the Accuser.","['Action', 'Science Fiction', 'Adventure']","['spacecraft', 'based on comic', 'space', 'orphan', 'adventurer', 'aftercreditsstinger', 'duringcreditsstinger', 'marvel cinematic universe (mcu)']","['Chris Pratt', 'Zoe Saldaña', 'Dave Bautista', 'Vin Diesel', 'Bradley Cooper', 'Lee Pace', 'Michael Rooker', 'Karen Gillan', 'Djimon Hounsou', 'John C. Reilly']",['James Gunn'],121.0,2014-07-30,7.907,30071,19.385,/r7vmZjiyZw9rpJMQJdXpjgiCOk9.jpg,/uLtVbjvS1O7gXL8lUOwsFOH4man.jpg,en,movie,,
552524,Lilo & Stitch,The wildly funny and touching story of a lonely Hawaiian girl and the fugitive alien who helps to mend her broken family.,"['Family', 'Science Fiction', 'Comedy']","['hawaii', 'bullying', 'dysfunctional family', 'alien', 'loss of job', 'shape shifting alien', 'family', 'nostalgic', 'evil alien', 'orphan siblings', 'extraterrestrial animal', 'wonder', 'live action remake', 'alien spaceship', 'animal human friendship', 'advanced technology', 'hilarious', 'whimsical', 'admiring', 'enthusiastic']","['Maia Kealoha', 'Sydney Agudong', 'Chris Sanders', 'Zach Galifianakis', 'Billy Magnussen', 'Courtney B. Vance', 'Amy Hill', 'Tia Carrere', 'Kaipo Dudoit', 'Hannah Waddingham']",['Dean Fleischer Camp'],108.0,2025-05-17,7.189,2238,34.4864,/ckQzKpQJO4ZQDCN5evdpKcfm7Ys.jpg,/7Zx3wDG5bBtcfk8lcnCWDOLM4Y4.jpg,en,movie,,
83533,Avatar: Fire and Ash,"In the wake of the devastating war against the RDA and the loss of their eldest son, Jake Sully and Neytiri face a new threat on Pandora: the Ash People, a violent and power-hungry Na'vi tribe led by the ruthless Varang. Jake's family must fight for their survival and the future of Pandora in a conflict that pushes them to their emotional and physical limits.","['Science Fiction', 'Adventure', 'Fantasy']","['witch', 'clone', 'space war', 'tribe', 'sequel', 'alien', 'transhumanism', 'family', 'space adventure', 'motion capture', 'family dynamics', 'rival']","['Sam Worthington', 'Zoe Saldaña', 'Sigourney Weaver', 'Stephen Lang', 'Oona Chaplin', 'Jack Champion', 'Kate Winslet', 'Cliff Curtis', 'Joel David Moore', 'CCH Pounder']",['James Cameron'],198.0,2025-12-17,7.642,4106,80.8103,/bRBeSHfGHwkEpImlhxPmOcUsaeg.jpg,/sdZSjtGUTSN8B3al5o0f2WoQfQQ.jpg,en,movie,,
949838,72 HOURS,"To save his career, a 40-year-old ad exec joins a crew of twentysomethings for a wild Miami bachelor party after they mistakenly add him to a group chat.","['Comedy', 'Crime']","['bachelor party', 'depressing']","['Kevin Hart', 'Marcello Hernández', 'Mason Gooding', 'Kam Patterson', 'Ben Marshall', 'Zach Cherry', 'Michael Mando', 'Teyana Taylor', 'Kevin Dunn', 'Anna Garcia']",['Tim Story'],102.0,2026-07-20,6.844,327,57.5176,/9Bu1PW2R1XayqRqnl0aDOgMcrdS.jpg,/hL5EIk48251OXlbIbRJq3yaBHk8.jpg,en,movie,,
9806,The Incredibles,"Bob Parr has given up his superhero days to log in time as an insurance adjuster and raise his three children with his formerly heroic wife in suburbia. But when he receives a mysterious assignment, it's time to get back into costume.","['Action', 'Adventure', 'Animation', 'Family']","['hero', 'secret identity', 'superhero', 'villain', 'family relationships', 'super power', 'supervillain', '3d animation', 'suspenseful', 'enthusiastic', 'excited', 'hopeful', 'pixar']","['Craig T. Nelson', 'Holly Hunter', 'Sarah Vowell', 'Spencer Fox', 'Jason Lee', 'Samuel L. Jackson', 'Elizabeth Peña', 'Eli Fucile', 'Maeve Andrews', 'Brad Bird']",['Brad Bird'],115.0,2004-10-27,7.728,19133,28.2519,/2LqaLgk4Z226KkgPJuiOQ58wvrm.jpg,/lxwzY9vNwjDgxWKt3zZ6zcU6rEJ.jpg,en,movie,,
5721,Vixen!,"In a Canadian mountain resort, Vixen Palmer resides with her naive pilot husband Tom. While he's away flying in tourists, she sleeps with practically everybody including a husband and his wife, and even her biker brother. However, the only one she won't bed is her brother's friend... who is Black.",['Drama'],"['adultery', 'canada', 'jealousy', 'sibling relationship', 'hostage', 'fishing', 'eroticism', 'impotence', 'pilot', 'satire', 'sexploitation', 'racism', 'motorcycle', 'taboo', 'incest', 'softcore', 'cuckold', 'communism', 'neglected wife', 'draft dodger', 'canadian border', 'sexually aggressive woman', 'nymphomania', 'mountain resort', 'brother sister sex', 'low budget', 'cold war era', 'brother sister incest', 'sister seduces brother', 'erotic drama']","['Erica Gavin', 'Garth Pillsbury', 'Harrison Page', 'Jon Evans', 'Vincene Wallace', 'Robert Aiken', ""Michael Donovan O'Donnell"", 'Peter Carpenter', 'John Furlong', 'Jackie Illman']",['Russ Meyer'],72.0,1968-10-15,5.5,107,71.2693,/9KMZWDA3xTrlgrScqdMisINQmsh.jpg,/uLu8zcwmR7qjkkF3zkScm6Sjh2v.jpg,en,movie,,
138843,The Conjuring,"Paranormal investigators Ed and Lorraine Warren work to help a family terrorized by a dark presence in their farmhouse. Forced to confront a powerful entity, the Warrens find themselves caught in the most terrifying case of their lives.","['Horror', 'Thriller']","['sibling relationship', '1970s', 'cellar', 'exorcism', 'haunted house', 'possession', 'rhode island', 'based on true story', 'paranormal investigation', 'crucifix', 'ghost', 'demonic', 'demonic spirit', 'demonology', 'psychic vision', 'malevolent spirit', 'sinister']","['Vera Farmiga', 'Patrick Wilson', 'Lili Taylor', 'Ron Livingston', 'Hayley McFarland', 'Sterling Jerins', 'Shanley Caswell', 'Mackenzie Foy', 'Joey King', 'Kyla Deaver']",['James Wan'],112.0,2013-07-18,7.542,12938,32.9336,/wVYREutTvI2tmxr6ujrHT704wGF.jpg,/ecKQlAEG95k62SMGhvX83oEqANK.jpg,en,movie,,
616037,Thor: Love and Thunder,"After his retirement is interrupted by Gorr the God Butcher, a galactic killer who seeks the extinction of the gods, Thor Odinson enlists the help of King Valkyrie, Korg, and ex-girlfriend Jane Foster, who now wields Mjolnir as the Mighty Thor. Together they embark upon a harrowing cosmic adventure to uncover the mystery of the God Butcher’s vengeance and stop him before it’s too late.","['Fantasy', 'Action', 'Comedy']","['hero', 'ex-girlfriend', 'superhero', 'greek mythology', 'based on comic', 'sequel', 'shadow', 'norse mythology', 'aftercreditsstinger', 'duringcreditsstinger', 'marvel cinematic universe (mcu)', 'norse god', 'god of thunder', 'colorless', 'child abduction']","['Chris Hemsworth', 'Natalie Portman', 'Christian Bale', 'Tessa Thompson', 'Taika Waititi', 'Russell Crowe', 'Jaimie Alexander', 'Idris Elba', 'Chris Pratt', 'Dave Bautista']",['Taika Waititi'],119.0,2022-07-06,6.361,8777,27.6903,/pIkRyD18kl4FhoCNQuWxWu5cBLM.jpg,/jsoz1HlxczSuTx0mDl2h0lxy36l.jpg,en,movie,,
419430,Get Out,"Chris and his girlfriend Rose go upstate to visit her parents for the weekend. At first, Chris reads the family's overly accommodating behavior as nervous attempts to deal with their daughter's interracial relationship, but as the weekend progresses, a series of increasingly disturbing discoveries lead him to a truth that he never could have imagined.","['Mystery', 'Thriller', 'Horror']","['kidnapping', 'externally controlled action', 'manipulation', 'dark comedy', 'hypnosis', 'parents-in-law', 'satire', 'racist', 'revenge', 'interracial relationship', 'disappearance', 'racism', 'psychological thriller', 'neurosurgeon', 'missing person', 'stereotype', 'brain surgery', 'satirical', 'race-conscious', 'anxious', 'pathetic', 'authoritarian', 'awestruck']","['Daniel Kaluuya', 'Allison Williams', 'Catherine Keener', 'Bradley Whitford', 'Caleb Landry Jones', 'Marcus Henderson', 'Betty Gabriel', 'LaKeith Stanfield', 'Stephen Root', 'Lil Rel Howery']",['Jordan Peele'],104.0,2017-02-24,7.624,19161,21.0326,/tFXcEccSQMf3lfhfXKSU9iRBpa3.jpg,/o8dPH0ZSIyyViP6rjRX1djwCUwI.jpg,en,movie,,
259693,The Conjuring 2,Lorraine and Ed Warren travel to north London to help a single mother raising four children alone in a house plagued by malicious spirits.,['Horror'],"['london, england', 'england', '1970s', 'sequel', 'spirit', 'single mother', 'demon', 'paranormal investigation', 'demonic possession', 'ghost', 'christmas', 'grim', 'valak', 'horrified']","['Vera Farmiga', 'Patrick Wilson', 'Madison Wolfe', ""Frances O'Connor"", 'Lauren Esposito', 'Benjamin Haigh', 'Patrick McAuley', 'Sterling Jerins', 'Bonnie Aarons', 'Simon McBurney']",['James Wan'],134.0,2016-06-08,7.293,9325,25.9052,/zEqyD0SBt6HL7W9JQoWwtd5Do1T.jpg,/hD9zZYKYb1xBgcm8XIfyvclSkjs.jpg,en,movie,,
749170,Heads of State,"The UK Prime Minister and US President have a public rivalry that risks their countries' alliance. But when they become targets of a powerful enemy, they're forced to rely on each other as they go on a wild, multinational run. Allied with Noel, a brilliant MI6 agent, they must find a way to thwart a conspiracy that threatens the free world.","['Action', 'Thriller', 'Comedy']","['usa president', 'head of state', 'mi6', 'british prime minister', 'duringcreditsstinger', 'hilarious', 'amused']","['John Cena', 'Idris Elba', 'Priyanka Chopra Jonas', 'Paddy Considine', 'Carla Gugino', 'Stephen Root', 'Jack Quaid', 'Sarah Niles', 'Richard Coyle', 'Aleksandr Kuznetsov']",['Ilya Naishuller'],117.0,2025-06-24,6.8,1107,20.138,/lVgE5oLzf7ABmzyASEVcjYyHI41.jpg,/vJbEUMeI2AxBUZKjP6ZVeVNNTLh.jpg,en,movie,,
298618,The Flash,"When his attempt to save his family inadvertently alters the future, Barry Allen becomes trapped in a reality in which General Zod has returned and there are no Super Heroes to turn to. In order to save the world that he is in and return to the future that he knows, Barry's only hope is to race for his life. But will making the ultimate sacrifice be enough to reset the universe?","['Action', 'Science Fiction', 'Adventure']","['secret identity', 'superhero', 'time travel', 'based on comic', 'superhuman', 'super power', 'aftercreditsstinger', 'time paradox', 'butterfly effect', 'dc extended universe (dceu)', 'superhuman abilities', 'loss of mother', 'alternate universe', 'admiring', 'multiverse']","['Ezra Miller', 'Sasha Calle', 'Michael Keaton', 'Michael Shannon', 'Ron Livingston', 'Maribel Verdú', 'Kiersey Clemons', 'Antje Traue', 'Saoirse-Monica Jackson', 'Rudy Mancuso']",['Andy Muschietti'],144.0,2023-06-13,6.613,5156,26.014,/rktDFPbfHfUbArZ6OOOKsXcv0Bm.jpg,/yF1eOkaYvwiORauRCPWznV9xVvi.jpg,en,movie,,
269955,Obsessed,"A secret, passionate affair happens in the summer of 1969 between Colonel Jin Pyeong, trapped in a loveless marriage with Soo Jin, and Jong Ga Heun, the Chinese-Korean wife of Captain Kyung Woo Jin.","['Drama', 'Romance']","['vietnam war', 'military base', 'love affair', '1960s', 'korean army']","['Song Seung-heon', 'Im Ji-yeon', 'Cho Yeo-jeong', 'On Ju-wan', 'Yoo Hai-jin', 'Park Hyuk-kwon', 'Jeon Hye-jin', 'Um Tae-goo', 'Ye Su-jeong', 'Son Ji-na']",['Kim Dae-woo'],132.0,2014-05-14,6.6,82,22.9975,/XdVqGnvRqCQXalcJPDGIeDn7Kj.jpg,/aQzXICKh3oaJanWSsSRJ2epB9Z5.jpg,ko,movie,,
870028,The Accountant²,"When an old acquaintance is murdered, Wolff is compelled to solve the case. Realizing more extreme measures are necessary, Wolff recruits his estranged and highly lethal brother, Brax, to help. In partnership with Marybeth Medina, they uncover a deadly conspiracy, becoming targets of a ruthless network of killers who will stop at nothing to keep their secrets buried.","['Mystery', 'Crime', 'Thriller']","['hitman', 'autism', 'sequel', 'conspiracy', 'whodunit', 'insecure', 'accountant', 'mysterious death', 'brother brother relationship', 'grand', 'incredulous', 'excited', 'hum']","['Ben Affleck', 'Jon Bernthal', 'Cynthia Addai-Robinson', 'J.K. Simmons', 'Allison Robertson', 'Alison Wright', 'Daniella Pineda', 'Robert Morgan', 'Grant Harvey', 'Andrew Howard']","[""Gavin O'Connor""]",133.0,2025-04-23,7.078,1876,21.888,/lUvfTcOZiK0sdcX0WNLPbMyKjGm.jpg,/yBDvgpyynDsbMyK21FoQu1c2wYR.jpg,en,movie,,
1072790,Anyone but You,"After an amazing first date, Bea and Ben’s fiery attraction turns ice cold — until they find themselves unexpectedly reunited at a destination wedding in Australia. So they do what any two mature adults would do: pretend to be a couple.","['Romance', 'Comedy']","['australia', 'hiking', 'romcom', 'based on play or musical', 'law school', 'aftercreditsstinger', 'duringcreditsstinger', 'fake dating', 'destination wedding', 'comforting']","['Sydney Sweeney', 'Glen Powell', 'Mia Artemis', 'Nat Buchanan', 'GaTa', 'Alexandra Shipp', 'Hadley Robinson', 'Dermot Mulroney', 'Rachel Griffiths', 'Deborah Faye Lee']",['Will Gluck'],103.0,2023-12-21,6.755,3169,22.7314,/5qHoazZiaLe7oFBok7XlUhg96f2.jpg,/j9eOeLlTGoHoM8BNUJVNyWmIvCi.jpg,en,movie,,
157336,Interstellar,The adventures of a group of explorers who make use of a newly discovered wormhole to surpass the limitations on human space travel and conquer the vast distances involved in an interstellar voyage.,"['Adventure', 'Drama', 'Science Fiction']","['spacecraft', 'race against time', 'artificial intelligence (a.i.)', 'nasa', 'time warp', 'dystopia', 'expedition', 'time travel', 'space travel', 'wormhole', 'famine', 'hibernation', 'black hole', 'quantum mechanics', 'family relationships', 'space', 'planet', 'astronaut', 'scientist', 'single father', 'space station', 'gravity', 'space adventure', 'time-manipulation', 'cryonics', 'father daughter relationship', '2060s', 'audacious', 'enthusiastic']","['Matthew McConaughey', 'Anne Hathaway', 'Michael Caine', 'Jessica Chastain', 'Casey Affleck', 'Wes Bentley', 'Topher Grace', 'Mackenzie Foy', 'Ellen Burstyn', 'John Lithgow']",['Christopher Nolan'],169.0,2014-11-05,8.484,40717,70.6117,/yQvGrMoipbRoddT0ZR8tPoR7NfX.jpg,/5XNQBqnBwPA9yT0jZ0p3s8bbLh0.jpg,en,movie,,
1081003,Supergirl,"When an unexpected and ruthless adversary strikes too close to home, Kara Zor-El, aka Supergirl, reluctantly joins forces with an unlikely companion on an epic, interstellar journey of vengeance and justice.","['Action', 'Adventure', 'Science Fiction']","['galaxy', 'hero', 'superhero', 'villain', 'based on comic', 'space', 'female protagonist', 'dog', 'super power', 'heroine', 'reboot', 'solitude', 'supervillain', 'rescue dog', 'dc universe (dcu)']","['Milly Alcock', 'Eve Ridley', 'Matthias Schoenaerts', 'Jason Momoa', 'David Krumholtz', 'Emily Beecham', 'David Corenswet', 'Kadiff Kirwan', 'Thalissa Teixeira', 'Ferdinand Kingsley']",['Craig Gillespie'],108.0,2026-06-24,6.75,1798,248.9535,/1QCWdqzTfh2x9UylVpspIU6QTuM.jpg,/54KIfdTEzOliHDKx0OkzYGqAICx.jpg,en,movie,,
1314481,The Devil Wears Prada 2,"Andy Sachs returns to Runway as Miranda Priestly navigates a new media landscape and Runway's position within. The duo reconnect with former assistant Emily Charlton, now the head of a luxury brand that possesses funding which could ensure Runway's survival.","['Comedy', 'Drama']","['new york city', 'based on novel or book', 'sequel', 'fashion', 'fashion magazine', 'dramedy', 'magazine editor', 'fashion industry', 'fashionista']","['Anne Hathaway', 'Meryl Streep', 'Emily Blunt', 'Stanley Tucci', 'Kenneth Branagh', 'Justin Theroux', 'Lucy Liu', 'Tracie Thoms', 'Tibor Feldman', 'B.J. Novak']",['David Frankel'],119.0,2026-04-29,7.086,2036,99.7497,/xTI42pmsP5EDnvsNJPEDubwWBQO.jpg,/Af907x5h9W1wVis8XrSd7ynTWuy.jpg,en,movie,,
460465,Mortal Kombat,"Washed-up MMA fighter Cole Young, unaware of his heritage, and hunted by Emperor Shang Tsung's best warrior, Sub-Zero, seeks out and trains with Earth's greatest champions as he prepares to stand against the enemies of Outworld in a high stakes battle for the universe.","['Action', 'Fantasy', 'Adventure']","['martial arts', 'saving the world', 'magic', 'ninja fighter', 'gore', 'god', 'alternate dimension', 'shaolin monk', 'fighting', 'based on video game', 'martial arts tournament', 'reboot', 'hand to hand combat']","['Lewis Tan', 'Jessica McNamee', 'Mehcad Brooks', 'Josh Lawson', 'Ludi Lin', 'Max Huang', 'Tadanobu Asano', 'Chin Han', 'Hiroyuki Sanada', 'Joe Taslim']",['Simon McQuoid'],110.0,2021-04-07,7.043,6964,19.6022,/nkayOAUBUu4mMvyNf9iHSUiPjF1.jpg,/6ELCZlTA5lGUops70hKdB83WJxH.jpg,en,movie,,
1724,The Incredible Hulk,"Scientist Bruce Banner scours the planet for an antidote to the unbridled force of rage within him: the Hulk. But when the military masterminds who dream of exploiting his powers force him back to civilization, he finds himself coming face to face with a new, deadly foe.","['Science Fiction', 'Action', 'Adventure']","['new york city', 'rio de janeiro', 'superhero', 'based on comic', 'fugitive', 'on the run', 'super soldier', 'scientist', 'virginia', 'military', 'super villain', 'marvel cinematic universe (mcu)', 'radical transformation', 'good versus evil', 'intimate']","['Edward Norton', 'Liv Tyler', 'Tim Roth', 'William Hurt', 'Tim Blake Nelson', 'Ty Burrell', 'Christina Cabot', 'Peter Mensah', 'Lou Ferrigno', 'Paul Soles']",['Louis Leterrier'],114.0,2008-06-12,6.251,12954,38.433,/gKzYx79y0AQTL4UAk1cBQJ3nvrm.jpg,/jPu8yiadqgzwFPGKJmGo637ASVP.jpg,en,movie,,
976573,Elemental,"In a city where fire, water, land and air residents live together, a fiery young woman and a go-with-the-flow guy will discover something elemental: how much they have in common.","['Animation', 'Comedy', 'Family', 'Romance']","['fire', 'earth', 'computer animation', 'duringcreditsstinger', 'elements', 'water', '3d animation', 'city', 'lighthearted', 'romantic', 'whimsical', 'hopeful']","['Leah Lewis', 'Mamoudou Athie', 'Ronnie del Carmen', 'Shila Ommi', 'Wendi McLendon-Covey', ""Catherine O'Hara"", 'Mason Wertheimer', 'Ronobir Lahiri', 'Wilma Bonet', 'Joe Pera']",['Peter Sohn'],102.0,2023-06-14,7.594,5469,21.949,/4Y1WNkd88JXmGfhtWR7dmDAo1T2.jpg,/4fLZUr1e65hKPPVw0R3PmKFKxj1.jpg,en,movie,,
1726,Iron Man,"After being held captive in an Afghan cave, billionaire engineer Tony Stark creates a unique weaponized suit of armor to fight evil.","['Action', 'Science Fiction', 'Adventure']","['middle east', 'kidnapping', 'superhero', 'arms dealer', 'based on comic', 'aftercreditsstinger', 'marvel cinematic universe (mcu)', 'aggressive', 'counterterrorism', 'antagonistic', 'bold']","['Robert Downey Jr.', 'Terrence Howard', 'Jeff Bridges', 'Gwyneth Paltrow', 'Leslie Bibb', 'Shaun Toub', 'Faran Tahir', 'Clark Gregg', 'Bill Smitrovich', 'Sayed Badreya']",['Jon Favreau'],126.0,2008-04-30,7.663,28539,46.9936,/78lPtwv72eTNqFW9COBYI0dWDJa.jpg,/cKvDv2LpwVEqbdXWoQl4XgGN6le.jpg,en,movie,,
1734,The Mummy Returns,"Rick and Evelyn O’Connell, along with their 8-year-old son Alex, discover the key to the legendary Scorpion King’s might: the fabled Bracelet of Anubis. Unfortunately, a newly resurrected Imhotep has designs on the bracelet as well, and isn’t above kidnapping its new bearer, Alex, to gain control of Anubis’s otherworldly army.","['Adventure', 'Action', 'Fantasy']","['egypt', 'pyramid', 'son', 'mummy', 'nile', 'sequel', 'tomb', 'ancient egypt', '1930s', 'egyptian tomb', 'good versus evil', 'witty']","['Brendan Fraser', 'Rachel Weisz', 'John Hannah', 'Oded Fehr', 'Arnold Vosloo', 'Patricia Velásquez', 'Freddie Boath', 'Dwayne Johnson', 'Alun Armstrong', 'Adewale Akinnuoye-Agbaje']",['Stephen Sommers'],130.0,2001-05-04,6.413,7832,21.9203,/kdJsW7hcy1lrj7tdMPycTAQPAiR.jpg,/7s7WkAFPBsMTprYMbqbgKoppQsR.jpg,en,movie,,
1171145,Crime 101,"When an elusive thief whose high-stakes heists unfold along the iconic 101 freeway in Los Angeles eyes the score of a lifetime, with hopes of this being his final job, his path collides with a disillusioned insurance broker who is facing her own crossroads. Determined to crack the case, a relentless detective closes in on the operation, raising the stakes even higher.","['Crime', 'Thriller']","['robbery', 'based on novel or book', 'jewelry', 'heist', 'police chase', 'los angeles, california', 'police detective', 'diamond heist', 'insurance', 'lapd', 'motorcycle chase', 'jewel robbery', 'ford mustang', 'amused', 'antwerp diamonds']","['Chris Hemsworth', 'Mark Ruffalo', 'Halle Berry', 'Barry Keoghan', 'Monica Barbaro', 'Nick Nolte', 'Corey Hawkins', 'Jennifer Jason Leigh', 'Peter Banifaz', 'Babak Tafti']",['Bart Layton'],141.0,2026-02-11,7.012,1259,35.1755,/tVvpFIoteRHNnoZMhdnwIVwJpCA.jpg,/kKF4gEiBDArhONlCcunHVgBp3bA.jpg,en,movie,,
36557,Casino Royale,"Le Chiffre, a banker to the world's terrorists, is scheduled to participate in a high-stakes poker game in Montenegro, where he intends to use his winnings to establish his financial grip on the terrorist market. M sends Bond—on his maiden mission as a 00 Agent—to attend this game and prevent Le Chiffre from winning. With the help of Vesper Lynd and Felix Leiter, Bond enters the most important poker game in his already dangerous career.","['Adventure', 'Action', 'Thriller']","['banker', 'casino', 'based on novel or book', 'poker', 'italy', 'spy', 'money', 'torture', 'terrorism', 'mi6', 'british secret service', 'montenegro', 'james bond', 'dramatic', 'suspenseful', 'action', 'adventure', 'earnest']","['Daniel Craig', 'Eva Green', 'Mads Mikkelsen', 'Judi Dench', 'Jeffrey Wright', 'Giancarlo Giannini', 'Caterina Murino', 'Simon Abkarian', 'Isaach de Bankolé', 'Jesper Christensen']",['Martin Campbell'],144.0,2006-11-14,7.576,11883,20.2981,/lMrxYKKhd4lqRzwUHAy5gcx9PSO.jpg,/klJMCIblHLFwCuGjKz7tyOpekIC.jpg,en,movie,,
1087192,How to Train Your Dragon,"On the rugged isle of Berk, where Vikings and dragons have been bitter enemies for generations, Hiccup stands apart, defying centuries of tradition when he befriends Toothless, a feared Night Fury dragon. Their unlikely bond reveals the true nature of dragons, challenging the very foundations of Viking society.","['Fantasy', 'Family', 'Action', 'Adventure']","['flying', 'vikings (norsemen)', 'remake', 'dragon', 'battle', 'warrior', 'live action remake', 'reminiscent']","['Mason Thames', 'Nico Parker', 'Gerard Butler', 'Nick Frost', 'Gabriel Howell', 'Julian Dennison', 'Bronwyn James', 'Harry Trevaldwyn', 'Murray McArthur', 'Peter Serafinowicz']",['Dean DeBlois'],125.0,2025-06-06,7.928,3033,29.2802,/53dsJ3oEnBhTBVMigWJ9tkA5bzJ.jpg,/AeDzjt00Hfh9CuW7TIUdYBJmWYM.jpg,en,movie,,
1390300,Over Your Dead Body,"A dysfunctional couple head to a remote cabin to ""reconnect"", but each has secret intentions to kill the other.","['Action', 'Comedy', 'Thriller']","['remake', 'dysfunctional marriage', 'cabin', 'couple', 'hilarious', 'intense', 'mean spirited']","['Jason Segel', 'Samara Weaving', 'Timothy Olyphant', 'Juliette Lewis', 'Keith Jardine', 'Paul Guilfoyle', 'Jake Curran', 'Nikolai Kinski', 'Kayla Jenee Radomski', 'Danusia Samal']",['Jorma Taccone'],105.0,2026-03-14,6.444,520,24.6495,/kZCauMzAt9eMAhLMopCqnFw1Q5k.jpg,/sb76azrAXr9U13uEQxNP5e3fujY.jpg,en,movie,,
1318621,Descendants: Wicked Wonderland,"Now that the Queen of Hearts is nice and Cinderella is safe, things seem perfect for Red and Chloe… But little do they know that changing the past created a new villain — Maddox Hatter. When Maddox captures the Queen of Hearts, Red and Chloe must work alongside Red’s new sister Pink, Luisa Madrigal’s son Luis, and Maddox’s son Max to save her and Wonderland.","['TV Movie', 'Family', 'Fantasy', 'Adventure']","['musical', 'sequel', 'spin off', 'wonderland']","['Kylie Cantrall', 'Malia Baker', 'Liamani Segura', 'Rita Ora', 'Brandy Norwood', 'Leonardo Nam', 'Alexandro Byrd', 'Brendon Tremblay', 'Kiara Romero', 'Melanie Paxson']",['Kimmy Gatewood'],98.0,2026-07-16,7.517,147,42.017,/xdhLAADGSse8KCrsDLBuM5b68Cg.jpg,/qlfqDJ9Piv5ufzYA8j2319mwKZU.jpg,en,movie,,
1771,Captain America: The First Avenger,"During World War II, Steve Rogers is a sickly man from Brooklyn who's transformed into super-soldier Captain America to aid in the war effort. Rogers must stop the Red Skull – Adolf Hitler's ruthless head of weaponry, and the leader of an organization that intends to use a mysterious device of untold powers for world domination.","['Action', 'Adventure', 'Science Fiction']","['new york city', 'nazi', 'superhero', 'heroism', 'based on comic', 'super soldier', 'brooklyn, new york city', 'aftercreditsstinger', 'marvel cinematic universe (mcu)', 'origin story', 'soldiers', 'war', 'admiring', 'celebratory', 'earnest', 'aspirational']","['Chris Evans', 'Hayley Atwell', 'Sebastian Stan', 'Tommy Lee Jones', 'Hugo Weaving', 'Dominic Cooper', 'Richard Armitage', 'Stanley Tucci', 'Samuel L. Jackson', 'Toby Jones']",['Joe Johnston'],124.0,2011-07-22,7.009,23028,20.6232,/vSNxAJTlD0r02V9sPYpOjqDZXUK.jpg,/yFuKvT4Vm3sKHdFY4eG6I4ldAnn.jpg,en,movie,,
593643,The Menu,"A young couple travels to a remote island to eat at an exclusive restaurant where the chef has prepared a lavish menu, with some shocking surprises.","['Comedy', 'Horror']","['psychopath', 'obsession', 'mass murder', 'restaurant', 'dark comedy', 'revenge', 'food', 'mass suicide', 'dinner', 'chef', 'food critic', 'remote island', 'french cuisine', 'culinary arts', 'fine dining', 'haute cuisine', 'commanding', 'pessimistic', 'foodies', 'murder-suicide', 'exclusive']","['Anya Taylor-Joy', 'Ralph Fiennes', 'Nicholas Hoult', 'Janet McTeer', 'Paul Adelstein', 'Rob Yang', 'Aimee Carrero', 'John Leguizamo', 'Arturo Castro', 'Reed Birney']",['Mark Mylod'],107.0,2022-11-17,7.179,6478,19.5173,/fPtUgMcLIboqlTlPrq0bQpKK8eq.jpg,/4vSBj7BYsyuKCx96EJzGyp20WfY.jpg,en,movie,,
792307,Poor Things,"Brought back to life by an unorthodox scientist, a young woman runs off with a lawyer on a whirlwind adventure across the continents. Free from the prejudices of her times, she grows steadfast in her purpose to stand for equality and liberation.","['Science Fiction', 'Romance', 'Comedy']","['ship', 'london, england', 'experiment', 'paris, france', 'based on novel or book', 'obsession', 'lisbon, portugal', 'crooked lawyer', 'love', 'domestic abuse', 'female protagonist', 'doctor', 'prostitution', 'cruelty', 'scientist', 'masturbation', 'disfigured face', 'sexual awakening', 'exploring sexuality', 'sex worker', 'female empowerment', 'female sexuality', 'brain transplant', 'absurdism', 'spousal abuse', ""women's liberation"", 'alexandria egypt', 'victorian era', 'quest for identity', 'frankenstein', 'body horror', 'amused', 'melodramatic', 'wry']","['Emma Stone', 'Mark Ruffalo', 'Willem Dafoe', 'Ramy Youssef', 'Christopher Abbott', 'Suzy Bemba', 'Jerrod Carmichael', 'Kathryn Hunter', 'Vicki Pepperdine', 'Hanna Schygulla']",['Yorgos Lanthimos'],141.0,2023-12-07,7.634,5640,20.4711,/kCGlIMHnOm8JPXq3rXM6c5wMxcT.jpg,/zh6IdheEYinU4TPtorWsjx6qPQE.jpg,en,movie,,
1304313,Lee Cronin's The Mummy,"The young daughter of a journalist disappears into the desert without a trace—eight years later, the broken family is shocked when she is returned to them, as what should be a joyful reunion turns into a living nightmare.","['Horror', 'Mystery']","['journalist', 'egypt', 'monster', 'ritual', 'kidnapping', 'pyramid', 'investigation', 'supernatural', 'mummy', 'possession', 'disappearance', 'curse', 'demon', 'tomb', 'missing person', 'macabre', 'mysterious', 'monster movie', 'supernatural horror', 'body horror', 'bewildered', 'frightened']","['Jack Reynor', 'Laia Costa', 'May Calamawy', 'Natalie Grace', 'Shylo Molina', 'Billie Roy', 'Veronica Falcón', 'Hayat Kamille', 'May Elghety', 'Emily Mitchell']",['Lee Cronin'],133.0,2026-04-15,7.922,2487,56.3039,/1q308iixueCU4pFtSYugNOevtNx.jpg,/xugEpZk9YQ0DIz1aFvH5HGkqpZK.jpg,en,movie,,
546554,Knives Out,"When renowned crime novelist Harlan Thrombey is found dead at his estate just after his 85th birthday, the inquisitive and debonair Detective Benoit Blanc is mysteriously enlisted to investigate. From Harlan's dysfunctional family to his devoted staff, Blanc sifts through a web of red herrings and self-serving lies to uncover the truth behind Harlan's untimely death.","['Comedy', 'Crime', 'Mystery']","['immigrant', 'detective', 'massachusetts', 'investigation', 'big family', 'mansion', 'whodunit', 'family home', 'murder mystery', 'neo-noir', 'privilege', 'suspenseful', 'excited']","['Daniel Craig', 'Chris Evans', 'Ana de Armas', 'Jamie Lee Curtis', 'Michael Shannon', 'Don Johnson', 'Toni Collette', 'LaKeith Stanfield', 'Christopher Plummer', 'Katherine Langford']",['Rian Johnson'],131.0,2019-11-27,7.84,14298,22.4401,/pThyQovXQrw2m0s9x82twj48Jq4.jpg,/4HWAQu28e2yaWrtupFPGFkdNU7V.jpg,en,movie,,
141052,Justice League,"Fuelled by his restored faith in humanity and inspired by Superman's selfless act, Bruce Wayne and Diana Prince assemble a team of metahumans consisting of Barry Allen, Arthur Curry and Victor Stone to face the catastrophic threat of Steppenwolf and the Parademons who are on the hunt for three Mother Boxes on Earth.","['Action', 'Adventure', 'Science Fiction']","['superhero', 'based on comic', 'super power', 'superhero team', 'aftercreditsstinger', 'duringcreditsstinger', 'dc extended universe (dceu)']","['Ben Affleck', 'Henry Cavill', 'Amy Adams', 'Gal Gadot', 'Ezra Miller', 'Jason Momoa', 'Ray Fisher', 'Jeremy Irons', 'Diane Lane', 'Connie Nielsen']",['Zack Snyder'],120.0,2017-11-15,6.071,13821,21.2168,/eifGNCSDuxJeS1loAXil5bIGgvC.jpg,/2nyaeISu2xIxIgZYNpX4UayY8PN.jpg,en,movie,,
1306368,The Rip,"Trust frays when a team of Miami cops discovers millions in cash inside a run-down stash house, calling everyone — and everything — into question.","['Action', 'Thriller', 'Crime']","['drug crime', 'miami, florida', 'police', 'investigation', 'cover-up', 'betrayal', 'shootout', 'dirty cop', 'trust', 'double cross', 'attic', 'sting operation', 'cartel', 'hidden money', 'fbi agent', 'drug money', 'violence', 'loyalty conflict']","['Matt Damon', 'Ben Affleck', 'Teyana Taylor', 'Steven Yeun', 'Catalina Sandino Moreno', 'Sasha Calle', 'Kyle Chandler', 'Scott Adkins', 'Daisuke Tsuji', 'Nestor Carbonell']",['Joe Carnahan'],113.0,2026-01-13,7.091,1832,26.1096,/4wsYWH73Hb1B6noGIFaRQSAkuXj.jpg,/kwNIQW7egAmI66sb0zIugMbpCfU.jpg,en,movie,,
569094,Spider-Man: Across the Spider-Verse,"After reuniting with Gwen Stacy, Brooklyn’s full-time, friendly neighborhood Spider-Man is catapulted across the Multiverse, where he encounters the Spider Society, a team of Spider-People charged with protecting the Multiverse's very existence. But when the heroes clash on how to handle a new threat, Miles finds himself pitted against the other Spiders and must set out on his own to save those he loves most.","['Animation', 'Action', 'Adventure', 'Science Fiction']","['new york city', 'hero', 'double life', 'sacrifice', 'secret identity', 'superhero', 'villain', 'portal', 'based on comic', 'sequel', 'romance', 'alter ego', 'alternate dimension', 'parenting', 'family', 'alternate version', 'super power', 'brooklyn, new york city', 'superhero team', 'spider bite', 'super villain', 'cliffhanger', 'masked superhero', 'teenage romance', 'young heroes', 'teen superhero', 'teen social issues', 'chelsea', 'alternate universe', 'superhero teamup', 'female superhero', 'slow burn romance', 'interdimensional travel', 'ambiguous', 'cliché', 'enthusiastic', 'vibrant', 'multiverse']","['Shameik Moore', 'Hailee Steinfeld', 'Brian Tyree Henry', 'Luna Lauren Vélez', 'Jake Johnson', 'Oscar Isaac', 'Jason Schwartzman', 'Issa Rae', 'Daniel Kaluuya', 'Karan Soni']","['Kemp Powers', 'Justin K. Thompson', 'Joaquim Dos Santos']",140.0,2023-05-31,8.341,8986,68.9236,/8Vt6mWEReuy4Of61Lnj5Xj704m8.jpg,/kVd3a9YeLGkoeR50jGEXM6EqseS.jpg,en,movie,,
950028,The Invite,"Joe and Angela's marriage is on thin ice. When they invite their enigmatic upstairs neighbors for a dinner party, the night spirals into unexpected places. Have they reignited the spark or lit the match that burns it all down?","['Comedy', 'Drama', 'Romance']","['husband wife relationship', 'san francisco, california', 'remake', 'firefighter', 'sexologist', 'anxious', 'neighbors']","['Seth Rogen', 'Olivia Wilde', 'Penélope Cruz', 'Edward Norton', 'Skip Howland', 'Mel Powell', 'Rachel Thurow', 'Mario Valdez']",['Olivia Wilde'],107.0,2026-06-25,7.439,173,100.8765,/b7Dr8Chzse8VagexAporUu2RtLx.jpg,/lEwqBGNR65KZv6Ej5ufcmhZu2y2.jpg,en,movie,,
1242898,Predator: Badlands,"Cast out from his clan, a young Predator finds an unlikely ally in a damaged android and embarks on a treacherous journey in search of the ultimate adversary.","['Action', 'Science Fiction', 'Adventure']","['sequel', 'survival', 'outcast', 'alien planet', 'spin off', 'casual', 'team up', 'frustrated', 'vibrant', 'hostile alien wilderness', 'relentless hunt', 'intense creature combat', 'deadly pursuit', 'invisible predator', 'territorial threat', 'unexpected alliances', 'hostile terrain', 'unknown world', 'deadly environment', 'hunter vs hunted', 'stealth pursuit']","['Elle Fanning', 'Dimitrius Schuster-Koloamatangi', 'Ravi Narayan', 'Michael Homick', 'Stefan Grube', 'Reuben De Jong', 'Cameron Brown', 'Alison Wright', 'Matt Duffer', 'Ross Duffer']",['Dan Trachtenberg'],107.0,2025-11-05,7.827,3470,40.9078,/pHpq9yNUIo6aDoCXEBzjSolywgz.jpg,/82lM4GJ9uuNvNDOEpxFy77uv4Ak.jpg,en,movie,,
634649,Spider-Man: No Way Home,"Peter Parker is unmasked and no longer able to separate his normal life from the high-stakes of being a super-hero. When he asks for help from Doctor Strange the stakes become even more dangerous, forcing him to discover what it truly means to be Spider-Man.","['Action', 'Adventure', 'Science Fiction']","['new york city', 'hero', 'showdown', 'magic', 'loss of loved one', 'secret identity', 'superhero', 'villain', 'portal', 'based on comic', 'sequel', 'vigilante', 'superhero team', 'masked vigilante', 'alternative reality', 'aftercreditsstinger', 'duringcreditsstinger', 'marvel cinematic universe (mcu)', 'masked superhero', 'fight for justice', 'teen superhero', 'superhero teamup', 'returning hero', 'teamwork', 'multiverse']","['Tom Holland', 'Zendaya', 'Benedict Cumberbatch', 'Jacob Batalon', 'Jon Favreau', 'Jamie Foxx', 'Willem Dafoe', 'Alfred Molina', 'Benedict Wong', 'Tony Revolori']",['Jon Watts'],148.0,2021-12-15,7.938,22633,634.4715,/1g0dhYtq4irTY1GPXvft6k4YLjm.jpg,/14QbnygCuTO0vl7CAFmPf1fgZfV.jpg,en,movie,,
315162,Puss in Boots: The Last Wish,"Puss in Boots discovers that his passion for adventure has taken its toll: He has burned through eight of his nine lives, leaving him with only one life left. Puss sets out on an epic journey to find the mythical Last Wish and restore his nine lives.","['Animation', 'Adventure', 'Fantasy', 'Comedy', 'Family']","['fairy tale', 'sequel', 'talking dog', 'spin off', 'aftercreditsstinger', 'talking cat', 'fear of death', '3d animation', 'inspirational', 'hilarious', 'romantic', 'bold', 'cheerful', 'excited', 'exhilarated']","['Antonio Banderas', 'Salma Hayek Pinault', 'Harvey Guillén', 'Wagner Moura', 'Florence Pugh', 'Olivia Colman', 'Ray Winstone', 'Samson Kayo', 'John Mulaney', ""Da'Vine Joy Randolph""]",['Joel Crawford'],103.0,2022-12-07,8.214,9110,26.0831,/kuf6dutpsT0vSVehic3EZIqkOBt.jpg,/jr8tSoJGj33XLgFBy6lmZhpGQNu.jpg,en,movie,,
575265,Mission: Impossible - The Final Reckoning,"Ethan Hunt and team continue their search for the terrifying AI known as the Entity — which has infiltrated intelligence networks all over the globe — with the world's governments and a mysterious ghost from Hunt's past on their trail. Joined by new allies and armed with the means to shut the Entity down for good, Hunt is in a race against time to prevent the world as we know it from changing forever.","['Action', 'Thriller', 'Adventure']","['mask', 'artificial intelligence (a.i.)', 'diving', 'submarine', 'espionage', 'spy', 'nuclear missile', 'fake identity', 'secret agent', 'stunt', 'sequel', 'secret government organization', 'infiltration', 'terrorist plot', 'fictional government agency', 'misinformation', 'government agency', 'based on tv series']","['Tom Cruise', 'Hayley Atwell', 'Ving Rhames', 'Simon Pegg', 'Esai Morales', 'Pom Klementieff', 'Henry Czerny', 'Holt McCallany', 'Janet McTeer', 'Nick Offerman']",['Christopher McQuarrie'],170.0,2025-05-17,7.174,3029,30.9313,/iKPsC9EFUafRP9SrUznI61getVP.jpg,/538U9snNc2fpnOmYXAPUh3zn31H.jpg,en,movie,,
10020,Beauty and the Beast,"Follow the adventures of Belle, a bright young woman who finds herself in the castle of a prince who's been turned into a mysterious beast. With the help of the castle's enchanted staff, Belle soon learns the most important lesson of all -- that true beauty comes from within.","['Romance', 'Family', 'Animation', 'Fantasy']","['princess', 'france', 'prince', 'castle', 'villain', 'rose', 'musical', 'insane asylum', 'beast', 'based on fairy tale', 'eccentric man', 'wonder', 'dedication', 'romantic', 'earnest', 'enchant', 'hopeful', 'sincere']","[""Paige O'Hara"", 'Robby Benson', 'Richard White', 'Jerry Orbach', 'David Ogden Stiers', 'Angela Lansbury', 'Rex Everhart', 'Jesse Corti', 'Bradley Pierce', 'Hal Smith']","['Gary Trousdale', 'Kirk Wise']",84.0,1991-10-22,7.726,10807,19.4657,/hUJ0UvQ5tgE2Z9WpfuduVSdiCiU.jpg,/fW4ZCoEZRBqLAJGFQ2g5AdAfPQR.jpg,en,movie,,
36647,Blade,"The Daywalker known as ""Blade"" - a half-vampire, half-mortal man - becomes the protector of humanity against an underground army of vampires.","['Horror', 'Action']","['martial arts', 'hero', 'vampire', 'superhero', 'supernatural', 'based on comic', 'rivalry', 'vampire hunter (slayer)', 'sword fight', 'revenge', 'tragic hero', 'one man army', 'martial arts master', 'scientist', 'super power', 'blade', 'secret headquarters', 'escapade', 'deadly', 'master warrior', 'urban gothic', 'good versus evil']","['Wesley Snipes', 'Stephen Dorff', 'Kris Kristofferson', ""N'Bushe Wright"", 'Donal Logue', 'Udo Kier', 'Arly Jover', 'Traci Lords', 'Kevin Patrick Walls', 'Tim Guinee']",['Stephen Norrington'],121.0,1998-08-21,6.85,6869,20.3615,/oWT70TvbsmQaqyphCZpsnQR7R32.jpg,/7NKfxJrQn053UJeLftlx4m4NTzo.jpg,en,movie,,
36648,Blade: Trinity,"For years, Blade has fought against the vampires in the cover of the night. But now, after falling into the crosshairs of the FBI, he is forced out into the daylight, where he is driven to join forces with a clan of human vampire hunters he never knew existed—The Nightstalkers. Together with Abigail and Hannibal, two deftly trained Nightstalkers, Blade follows a trail of blood to the ancient creature that is also hunting him—the original vampire, Dracula.","['Action', 'Horror', 'Science Fiction']","['martial arts', 'loss of loved one', 'vampire', 'fbi', 'superhero', 'katana', 'supernatural', 'fistfight', 'based on comic', 'sequel', 'vampire hunter (slayer)', 'martial arts master', 'motorcycle', 'blade', 'super villain', 'urban gothic', 'good versus evil', 'sarcastic']","['Wesley Snipes', 'Jessica Biel', 'Ryan Reynolds', 'Kris Kristofferson', 'Dominic Purcell', 'Parker Posey', 'Natasha Lyonne', 'James Remar', 'John Michael Higgins', 'Patton Oswalt']",['David S. Goyer'],113.0,2004-12-08,5.861,4403,26.333,/6f7iXvPOnf83MaLB1JmPzUor1rr.jpg,/63eAFgJtN6ZTyFFzlAOoZLhlYqc.jpg,en,movie,,
945961,Alien: Romulus,"While scavenging the deep ends of a derelict space station, a group of young space colonizers come face to face with the most terrifying life form in the universe.","['Horror', 'Science Fiction']","['alien life-form', 'spin off', 'alien contact', 'alien monster', 'space exploration', 'alien encounter', 'space capsule', 'spaceship', 'sci-fi horror', 'xenomorph threat', 'cryonics chamber', 'abandoned station', 'biological contamination', 'hostile organism', 'interstellar isolation']","['Cailee Spaeny', 'David Jonsson', 'Archie Renaux', 'Isabela Merced', 'Spike Fearn', 'Aileen Wu', 'Rosie Ede', 'Soma Simon', 'Bence Okeke', 'Viktor Orizu']",['Fede Álvarez'],119.0,2024-08-13,7.162,4766,29.5238,/2uSWRTtCG336nuBiG8jOTEUKSy8.jpg,/iYqSQaWDttQIQzsxg9xHyg0bttG.jpg,en,movie,,
505642,Black Panther: Wakanda Forever,"Queen Ramonda, Shuri, M’Baku, Okoye and the Dora Milaje fight to protect their nation from intervening world powers in the wake of King T’Challa’s death.  As the Wakandans strive to embrace their next chapter, the heroes must band together with the help of War Dog Nakia and Everett Ross and forge a new path for the kingdom of Wakanda.","['Action', 'Adventure', 'Science Fiction']","['hero', 'loss of loved one', 'superhero', 'royal family', 'based on comic', 'sequel', 'royalty', 'underwater', 'political intrigue\xa0', 'death in family', 'death of brother', 'duringcreditsstinger', 'death of king', 'marvel cinematic universe (mcu)', 'hidden civilization', 'yucatan', 'mayans']","['Letitia Wright', 'Tenoch Huerta Mejía', ""Lupita Nyong'o"", 'Danai Gurira', 'Winston Duke', 'Angela Bassett', 'Martin Freeman', 'Julia Louis-Dreyfus', 'Dominique Thorne', 'Florence Kasumba']",['Ryan Coogler'],162.0,2022-11-09,7.0,7651,30.6995,/sv1xJUazXeYqALzczSZ3O6nkH75.jpg,/83H0C66AcvkwpG2738VCTHMY9uv.jpg,en,movie,,
1234731,Anaconda,"A group of friends facing mid-life crises head to the rainforest with the intention of remaking their favorite movie from their youth, only to find themselves in a fight for their lives against natural disasters, giant snakes and violent criminals.","['Adventure', 'Comedy']","['snake', 'animal attack', 'amazon rainforest', 'film in film', 'jungle', 'reptile', 'anaconda', 'reboot', 'animal horror', 'meta', 'bold', 'cliché', 'demeaning']","['Jack Black', 'Paul Rudd', 'Steve Zahn', 'Thandiwe Newton', 'Daniela Melchior', 'Selton Mello', 'Ice Cube', 'Ione Skye', 'Rui Ricardo Diaz', 'John Billingsley']",['Tom Gormican'],100.0,2025-12-24,5.823,1370,25.1013,/hBxN6dwrANN1ic3a4G9x6JZcR3C.jpg,/swxhEJsAWms6X1fDZ4HdbvYBSf9.jpg,en,movie,,
18239,The Twilight Saga: New Moon,"Forks, Washington resident Bella Swan is reeling from the departure of her vampire love, Edward Cullen, and finds comfort in her friendship with Jacob Black, a werewolf. But before she knows it, she's thrust into a centuries-old conflict, and her desire to be with Edward at any cost leads her to take greater and greater risks.","['Adventure', 'Fantasy', 'Drama', 'Romance']","['moon', 'based on novel or book', 'vampire', 'sequel', 'teen movie', 'werewolf', 'interspecies romance', 'based on young adult novel', 'supernatural power', 'good versus evil', 'vampire human love']","['Kristen Stewart', 'Robert Pattinson', 'Taylor Lautner', 'Dakota Fanning', 'Michael Sheen', 'Ashley Greene', 'Rachelle Lefevre', 'Billy Burke', 'Peter Facinelli', 'Elizabeth Reaser']",['Chris Weitz'],131.0,2009-11-18,5.988,9848,19.0858,/k2qTooPlHffgNABNWxeJdGMglPK.jpg,/dF2c20sRDgySZLaLS2OUerL07sz.jpg,en,movie,,
1062722,Frankenstein,"Dr. Victor Frankenstein, a brilliant but egotistical scientist, brings a creature to life in a monstrous experiment that ultimately leads to the undoing of both the creator and his tragic creation.","['Drama', 'Fantasy', 'Horror']","['monster', 'based on novel or book', 'supernatural', 'identity crisis', 'surgeon', 'mad scientist', 'reanimation', 'gothic horror', 'father son relationship', 'mother son relationship', 'frankenstein', 'excited', 'tragic creature', 'moral transgression', 'forbidden science', 'unnatural life']","['Oscar Isaac', 'Jacob Elordi', 'Christoph Waltz', 'Mia Goth', 'Felix Kammerer', 'Charles Dance', 'David Bradley', 'Lars Mikkelsen', 'Christian Convery', 'Nikolaj Lie Kaas']",['Guillermo del Toro'],150.0,2025-10-17,7.617,3697,27.4739,/g4JtvGlQO7DByTI6frUobqvSL3R.jpg,/hpXBJxLD2SEf8l2CspmSeiHrBKX.jpg,en,movie,,
1865,Pirates of the Caribbean: On Stranger Tides,"When Jack crosses paths with a woman from his past, he's not sure if it's love...or if she's a ruthless con artist using him to find the fabled Fountain of Youth.","['Adventure', 'Action', 'Fantasy']","['sea', 'ship', 'mutiny', 'spain', 'england', 'sword', 'prime minister', 'sailing', 'mermaid', 'duke', 'sequel', 'silver', 'pirate', 'soldier', 'battle', 'swashbuckler', '18th century', 'aftercreditsstinger', 'blackbeard', 'based on theme park ride', 'whimsical', 'excited']","['Johnny Depp', 'Penélope Cruz', 'Geoffrey Rush', 'Ian McShane', 'Kevin McNally', 'Sam Claflin', 'Àstrid Bergès-Frisbey', 'Stephen Graham', 'Keith Richards', 'Richard Griffiths']",['Rob Marshall'],136.0,2011-05-15,6.573,15137,19.0448,/keGfSvCmYj7CvdRx36OdVrAEibE.jpg,/uzIGtyS6bbnJzGsPL93WCF1FWm8.jpg,en,movie,,
1097549,Babygirl,A high-powered CEO puts her career and family on the line when she begins a torrid affair with her much younger intern.,"['Romance', 'Thriller']","['infidelity', 'new york city', 'husband wife relationship', 'sexual frustration', 'sexuality', 'eroticism', 'seduction', 'workplace', 'female protagonist', 'married woman', 'ceo', 'intern', 'woman director', 'submission', 'taboo sex', 'masculinity', 'female sexuality', 'innuendo', 'erotic thriller', 'workplace romance', 'unfaithful wife', 'sex', 'young man seduces old lady', 'age-gap relationship', 'kink', 'power dynamics', 'employee boss relationship', 'workplace drama']","['Nicole Kidman', 'Harris Dickinson', 'Antonio Banderas', 'Esther-Rose McGregor', 'Sophie Wilde', 'Vaughan Reilly', 'Victor Slezak', 'Leslie Silva', 'Gaite Jansen', 'Robert Farrior']",['Halina Reijn'],115.0,2024-12-25,5.715,1260,23.6026,/ilwO6elz3mLV9CToT7C8pjVeKX0.jpg,/s7vWRjcfRVMW8tBIxhC3UhKxRoo.jpg,en,movie,,
14160,Up,"Carl Fredricksen spent his entire life dreaming of exploring the globe and experiencing life to its fullest. But at age 78, life seems to have passed him by, until a twist of fate (and a persistent 8-year old Wilderness Explorer named Russell) gives him a new lease on life.","['Animation', 'Comedy', 'Family', 'Adventure']","['central and south america', 'age difference', 'villain', 'balloon', 'travel', 'dog', 'duringcreditsstinger', 'pets', 'death of wife', 'exploring', 'wonder', 'senior', '3d animation', 'inspirational', 'cheerful', 'disheartening', 'enthusiastic']","['Ed Asner', 'Christopher Plummer', 'Jordan Nagai', 'Bob Peterson', 'Delroy Lindo', 'Jerome Ranft', 'John Ratzenberger', 'David Kaye', 'Elie Docter', 'Jeremy Leary']",['Pete Docter'],96.0,2009-05-28,7.961,21932,26.5609,/mFvoEwSfLqbcWwFsDjQebn9bzFe.jpg,/hGGC9gKo7CFE3fW07RA587e5kol.jpg,en,movie,,
24405,Chasers,"Military men Rock Reilly and Eddie Devane are tasked with taking a prisoner, blonde bombshell Toni Johnson, on what becomes an unforgettable road trip. Toni, an enlistee who's in trouble for deserting her unit, soon proves that she's craftier than most inmates.","['Comedy', 'Romance']","['prison', 'navy', 'waitress', 'escape', 'fight', 'handcuffs', 'fireworks', 'volcano', 'convertible', 'road trip', 'money', 'scam', 'inmate', 'escort', 'military', 'embezzlement', 'nervous']","['Tom Berenger', 'William McNamara', 'Erika Eleniak', 'Crispin Glover', 'Matthew Glave', 'Grand L. Bush', 'Dean Stockwell', 'Bitty Schram', 'Gary Busey', 'Seymour Cassel']",['Dennis Hopper'],102.0,1994-04-22,5.39,181,21.015,/mEG6fTyTjsA1vzTTqCXsiJzjdQ5.jpg,/g6jT5XdfDN72THwXI01WtCSTA35.jpg,en,movie,,
216919,Deseo,"Eight short stories of seduction and illicit encounters between lovers, filled with humor and eroticism, which use a circular structure located in the cosmopolitan atmosphere of a colonial city of Mexico.",['Drama'],"['eroticism', 'erotic movie']","['Edith González', 'Christian Bach', 'Paola Nuñez', 'Paulina Gaitán', 'Leonor Varela', 'Lila Downs', 'Pedro Damián', 'Gerardo Taracena', 'Ari Borovoy', 'Geraldine Zinat']",['Antonio Zavala Kugler'],97.0,2013-09-13,6.546,271,26.1962,/df6rkcD37S1RN34vHuA3dSs0uJp.jpg,/a9JUSUszMgdxHxmbtd6xqRr4CV8.jpg,es,movie,,
38757,Tangled,"Feisty teenager Rapunzel, who has long and magical hair, wants to go and see sky lanterns on her eighteenth birthday, but she's bound to a tower by her overprotective mother. She strikes a deal with Flynn Rider, a charming wanted thief, and the duo set off on an action-packed escapade.","['Animation', 'Family', 'Adventure']","['princess', 'magic', 'hostage', 'fairy tale', 'horse', 'villain', 'musical', 'blonde', 'coming of age', 'tower', 'selfishness', 'healing power', 'female villain', 'adventurer', 'based on fairy tale', 'duringcreditsstinger', 'healing gift', 'animal sidekick', 'magic land', '3d animation', 'amused', 'hopeful']","['Mandy Moore', 'Zachary Levi', 'Donna Murphy', 'Ron Perlman', 'M.C. Gainey', 'Jeffrey Tambor', 'Brad Garrett', 'Paul F. Tompkins', 'Richard Kiel', 'Delaney Rose Stein']","['Nathan Greno', 'Byron Howard']",100.0,2010-11-24,7.615,12583,27.2048,/ym7Kst6a4uodryxqbGOxmewF235.jpg,/cWczNud8Y8i8ab0Z4bxos4myWYO.jpg,en,movie,,
1893,Star Wars: Episode I - The Phantom Menace,"Anakin Skywalker, a young slave strong with the Force, is discovered on Tatooine. Meanwhile, the evil Sith have returned, enacting their plot for revenge against the Jedi.","['Adventure', 'Action', 'Science Fiction']","['galaxy', 'senate', 'taskmaster', 'prophecy', 'queen', 'apprentice', 'taxes', 'prequel', 'space opera', 'admiring', 'tuwaderalit']","['Liam Neeson', 'Ewan McGregor', 'Natalie Portman', 'Jake Lloyd', 'Ian McDiarmid', 'Pernilla August', 'Oliver Ford Davies', 'Hugh Quarshie', 'Ahmed Best', 'Anthony Daniels']",['George Lucas'],136.0,1999-05-19,6.583,16066,19.543,/6wkfovpn7Eq8dYNKaG5PY3q2oq6.jpg,/3TeGmKJfkik1D1rIoqGb1aR4k9c.jpg,en,movie,,
24428,The Avengers,"When an unexpected enemy emerges and threatens global safety and security, Nick Fury, director of the international peacekeeping agency known as S.H.I.E.L.D., finds himself in need of a team to pull the world back from the brink of disaster. Spanning the globe, a daring recruitment effort begins!","['Science Fiction', 'Action', 'Adventure']","['new york city', 'superhero', 'shield', 'based on comic', 'alien invasion', 'superhero team', 'aftercreditsstinger', 'duringcreditsstinger', 'marvel cinematic universe (mcu)']","['Robert Downey Jr.', 'Chris Evans', 'Mark Ruffalo', 'Chris Hemsworth', 'Scarlett Johansson', 'Jeremy Renner', 'Tom Hiddleston', 'Clark Gregg', 'Cobie Smulders', 'Stellan Skarsgård']",['Joss Whedon'],143.0,2012-04-25,8.065,39185,82.2066,/RYMX2wcKCBAr24UyPD7xwmjaTn.jpg,/9BBTo63ANSmhC4e6r62OJFuK2GL.jpg,en,movie,,
1361774,The Dink,"Desperate to save a struggling country club and earn his father's respect, a washed-up tennis pro is compelled to break a sacred vow and do the unthinkable: play pickleball.",['Comedy'],"['sports', 'tennis', 'rehabilitation', 'prodigy', 'washed up', 'sports comedy', 'pickleball']","['Jake Johnson', 'Mary Steenburgen', 'Chloe Fineman', 'Aaron Chen', 'Patton Oswalt', 'Andy Roddick', 'John McEnroe', 'Ben Stiller', 'Ed Harris', 'Cleo King']",['Josh Greenbaum'],103.0,2026-07-23,6.152,92,18.5136,/8dq7vaUkXPqwqKxBFW4qJNBWeop.jpg,/tJQhL95q63ITeBy5OTGPx51sFks.jpg,en,movie,,
49013,Cars 2,Star race car Lightning McQueen and his pal Mater head overseas to compete in the World Grand Prix race. But the road to the championship becomes rocky as Mater gets caught up in an intriguing adventure of his own: international espionage.,"['Animation', 'Family', 'Adventure', 'Comedy']","['car race', 'sports', 'spy', 'villain', 'sequel', 'anthropomorphism', 'best friend', 'british spy', 'duringcreditsstinger', 'grand prix', 'loving', '3d animation', 'cars', 'ambivalent']","['Larry the Cable Guy', 'Owen Wilson', 'Michael Caine', 'Emily Mortimer', 'Suzy Eddie Izzard', 'John Turturro', 'Brent Musburger', 'Joe Mantegna', 'Thomas Kretschmann', 'Peter Jacobson']",['John Lasseter'],106.0,2011-06-11,6.188,8610,25.5448,/okIz1HyxeVOMzYwwHUjH2pHi74I.jpg,/robYRZk9LxJTwD7GlZCginji5k.jpg,en,movie,,
12153,White Chicks,"Two FBI agent brothers, Marcus and Kevin Copeland, accidentally foil a drug bust. To avoid being fired they accept a mission escorting a pair of socialites to the Hamptons--but when the girls are disfigured in a car accident, they refuse to go. Left without options, Marcus and Kevin decide to pose as the sisters, transforming themselves from black men into rich European-American women.","['Comedy', 'Crime']","['undercover', 'kidnapping', 'fbi', 'auction', 'nightclub', 'sleepover', 'cross dressing', 'car accident', 'shopping', 'news reporter', 'impersonation', 'high society', 'fashion show', 'buddy cop', 'basketball player', 'socialite party', 'dance-off', 'hamptons', 'jealous wife', 'dumb blonde', 'brothers', 'runway', 'fbi operation', 'drug bust']","['Shawn Wayans', 'Marlon Wayans', 'Frankie Faison', 'Terry Crews', 'Faune Chambers Watkins', 'Rochelle Aytes', 'John Heard', 'Lochlyn Munro', 'Busy Philipps', 'Jennifer Carpenter']",['Keenen Ivory Wayans'],109.0,2004-06-23,6.957,4675,29.2065,/aHTUpo45qy9QYIOnVITGGqLoVcA.jpg,/85k0kaoRgGmF6ACq0M61AFxhjLN.jpg,en,movie,,
20352,Despicable Me,"Determined to prove he's the world's greatest supervillain, Gru hatches an audacious plan to steal the Moon. To pull it off, he adopts three orphaned girls—Margo, Edith, and Agnes—intending to use them as pawns in his scheme. But the unexpected bond they form forces him to question the criminal life he's always known.","['Animation', 'Comedy', 'Crime', 'Science Fiction', 'Family']","['moon', 'parent child relationship', 'orphanage', 'villain', 'adoptive father', 'satire', ""life's dream"", 'rivalry', 'ballet', 'stealing', 'little girl', 'orphan', 'tomboy', 'intelligent', 'evil doctor', 'duringcreditsstinger', 'supervillain', '3d animation', 'joyful']","['Steve Carell', 'Jason Segel', 'Russell Brand', 'Julie Andrews', 'Will Arnett', 'Kristen Wiig', 'Miranda Cosgrove', 'Dana Gaier Ellis', 'Elsie Fisher', 'Pierre Coffin']","['Chris Renaud', 'Pierre Coffin']",95.0,2010-07-08,7.26,16261,31.697,/b1BT309QWjtFUlJPLmXmrcHOWEL.jpg,/2XSeKDmIa2KxaiJy4J9e8FrIZhk.jpg,en,movie,,
49026,The Dark Knight Rises,"Following the death of District Attorney Harvey Dent, Batman assumes responsibility for Dent's crimes to protect the late attorney's reputation and is subsequently hunted by the Gotham City Police Department. Eight years later, Batman encounters the mysterious Selina Kyle and the villainous Bane, a new terrorist leader who overwhelms Gotham's finest. The Dark Knight resurfaces to protect a city that has branded him an enemy.","['Action', 'Crime', 'Drama', 'Thriller']","['airplane', 'fight', 'burglar', 'hostage', 'secret identity', 'crime fighter', 'superhero', 'villainess', 'time bomb', 'based on comic', 'cover-up', 'vigilante', 'tragic hero', 'mobile', 'terrorism', 'destruction', 'fighting', 'criminal underworld', 'cat burglar', 'flood']","['Christian Bale', 'Gary Oldman', 'Tom Hardy', 'Joseph Gordon-Levitt', 'Anne Hathaway', 'Marion Cotillard', 'Morgan Freeman', 'Michael Caine', 'Matthew Modine', 'Alon Aboutboul']",['Christopher Nolan'],165.0,2012-07-17,7.796,24712,31.2881,/hr0L2aueqlP2BYUblTTjmtn0hw4.jpg,/y2DB71C4nyIdMrANijz8mzvQtk6.jpg,en,movie,,
1275779,Disclosure Day,"A cybersecurity expert becomes a whistleblower after uncovering secrets about aliens, putting him on the run from a corporation. Meanwhile, a meteorologist experiencing strange phenomena joins forces with him to prove there's life beyond our understanding.","['Science Fiction', 'Thriller']","['new york city', 'childhood trauma', 'alien', 'on the run', 'kansas city', 'mind reading', 'alien invasion', 'meteorologist', 'mysterious', 'whistleblower', 'conspiracy thriller']","['Emily Blunt', ""Josh O'Connor"", 'Colin Firth', 'Eve Hewson', 'Colman Domingo', 'Wyatt Russell', 'Henry Lloyd-Hughes', 'Elizabeth Marvel', 'Hettienne Park', 'Tommy Martinez']",['Steven Spielberg'],146.0,2026-06-10,7.457,2709,227.7825,/AnJ8IQJI23hNpYXVNaythu061Ru.jpg,/flxau5Iu7bChQHsESqvGZ3FQRaI.jpg,en,movie,,
438148,Minions: The Rise of Gru,"A fanboy of a supervillain supergroup known as the Vicious 6, Gru hatches a plan to become evil enough to join them, with the backup of his followers, the Minions.","['Animation', 'Comedy', 'Science Fiction', 'Crime', 'Family']","['1970s', 'villain', 'sequel', 'prequel', 'spin off', 'duringcreditsstinger', 'supervillain', '3d animation', 'admiring', 'enthusiastic', 'joyful']","['Steve Carell', 'Pierre Coffin', 'Alan Arkin', 'Taraji P. Henson', 'Michelle Yeoh', 'Julie Andrews', 'Russell Brand', 'Jean-Claude Van Damme', 'Dolph Lundgren', 'Danny Trejo']",['Kyle Balda'],87.0,2022-06-29,7.255,4095,21.2131,/wKiOkZTN9lUUUNZLmtnwubZYONg.jpg,/wZS4xSfPtk1NPQnx9zsT5R2WhCu.jpg,en,movie,,
1234821,Jurassic World Rebirth,"Five years after the events of Jurassic World Dominion, covert operations expert Zora Bennett is contracted to lead a skilled team on a top-secret mission to secure genetic material from the world's three most massive dinosaurs. When Zora's operation intersects with a civilian family whose boating expedition was capsized, they all find themselves stranded on an island where they come face-to-face with a sinister, shocking discovery that's been hidden from the world for decades.","['Science Fiction', 'Adventure', 'Action']","['island', 'secret mission', 'tyrannosaurus rex', 'spinosaurus', 'sequel', 'stranded', 'dinosaur', 'family', 'genetic experiment', 'mosasaurus', 'indifferent']","['Scarlett Johansson', 'Mahershala Ali', 'Jonathan Bailey', 'Rupert Friend', 'Manuel Garcia-Rulfo', 'Luna Blaise', 'David Iacono', 'Audrina Miranda', 'Philippine Velge', 'Bechir Sylvain']",['Gareth Edwards'],134.0,2025-06-23,6.264,3639,52.8488,/1RICxzeoNCAO5NpcRMIgg1XT6fm.jpg,/zNriRTr0kWwyaXPzdg1EIxf0BWk.jpg,en,movie,,
75656,Now You See Me,An FBI agent and an Interpol detective track a team of illusionists who pull off bank heists during their performances and reward their audiences with the money.,"['Thriller', 'Crime']","['new york city', 'paris, france', 'escape', 'magic', 'bank', 'fbi', 'vault', 'new orleans, louisiana', 'investigation', 'heist', 'money', 'conspiracy', 'las vegas', 'shocking', 'magician', 'mischievous', 'suspenseful', 'awestruck', 'excited', 'elaborate deception']","['Jesse Eisenberg', 'Woody Harrelson', 'Isla Fisher', 'Dave Franco', 'Mark Ruffalo', 'Mélanie Laurent', 'Morgan Freeman', 'Michael Caine', 'Michael Kelly', 'Common']",['Louis Leterrier'],116.0,2013-05-29,7.326,16996,17.5327,/tWsNYbrqy1p1w6K9zRk0mSchztT.jpg,/xEY0MV2jSQBz9iOJfCFvLTiPGMA.jpg,en,movie,,
1930,The Amazing Spider-Man,A teenage Peter Parker grapples with both high school and amazing super-human crises as his alter-ego Spider-Man.,"['Action', 'Adventure', 'Science Fiction']","['new york city', 'experiment', 'loss of loved one', 'superhero', 'based on comic', 'vigilante', 'teenage girl', 'teenage boy', 'super power', 'spider bite', 'masked vigilante', 'reboot', 'genetic engineering', 'social outcast', 'death of husband', 'duringcreditsstinger', 'virus', 'teen superhero', 'teenage angst', 'vigilante justice']","['Andrew Garfield', 'Emma Stone', 'Rhys Ifans', 'Denis Leary', 'Martin Sheen', 'Sally Field', 'Irrfan Khan', 'Campbell Scott', 'Embeth Davidtz', 'Chris Zylka']",['Marc Webb'],136.0,2012-06-23,6.749,18858,99.0154,/jexoNYnPd6vVrmygwF6QZmWPFdu.jpg,/HVcza6tJtWFrLriuh3Ano4Vt46.jpg,en,movie,,
667538,Transformers: Rise of the Beasts,"When a new threat capable of destroying the entire planet emerges, Optimus Prime and the Autobots must team up with a powerful faction known as the Maximals. With the fate of humanity hanging in the balance, humans Noah and Elena will do whatever it takes to help the Transformers as they engage in the ultimate battle to save Earth.","['Science Fiction', 'Adventure', 'Action']","['peru', 'alien', 'end of the world', 'based on toy', 'giant robot', 'robot', 'duringcreditsstinger', '1990s', 'brother brother relationship']","['Anthony Ramos', 'Dominique Fishback', 'Peter Cullen', 'Ron Perlman', 'Peter Dinklage', 'Michelle Yeoh', 'Pete Davidson', 'Liza Koshy', 'Cristo Fernández', 'Luna Lauren Vélez']",['Steven Caple Jr.'],127.0,2023-06-06,7.167,5371,22.909,/gPbM0MK8CP8A174rmUwGsADNYKD.jpg,/2vFuG6bWGyQUzYS9d69E5l85nIz.jpg,en,movie,,
10138,Iron Man 2,"With the world now aware of his dual life as the armored superhero Iron Man, billionaire inventor Tony Stark faces pressure from the government, the press and the public to share his technology with the military. Unwilling to let go of his invention, Stark, with Pepper Potts and James 'Rhodey' Rhodes at his side, must forge new alliances – and confront powerful enemies.","['Adventure', 'Action', 'Science Fiction']","['technology', 'superhero', 'malibu', 'based on comic', 'sequel', 'revenge', 'aftercreditsstinger', 'marvel cinematic universe (mcu)', 'break out']","['Robert Downey Jr.', 'Gwyneth Paltrow', 'Don Cheadle', 'Scarlett Johansson', 'Sam Rockwell', 'Mickey Rourke', 'Samuel L. Jackson', 'Clark Gregg', 'John Slattery', 'Garry Shandling']",['Jon Favreau'],124.0,2010-04-28,6.855,22694,35.0401,/6WBeq4fCfn7AN0o21W9qNcRF2l9.jpg,/7lmBufEG7P7Y1HClYK3gCxYrkgS.jpg,en,movie,,
49051,The Hobbit: An Unexpected Journey,"Bilbo Baggins, a hobbit enjoying his quiet life, is swept into an epic quest by Gandalf the Grey and thirteen dwarves who seek to reclaim their mountain home from Smaug, the dragon.","['Adventure', 'Fantasy', 'Action']","['based on novel or book', 'elves', 'dwarf', 'magic', 'horseback riding', 'sword', 'burglar', 'legend', 'riddle', 'mountain', 'contract', 'travel', 'troll', 'creature', 'thunderstorm', 'fantasy world', 'wizard', 'epic battle', 'lost ring', 'journey', 'ring', 'tunnel', 'underground lake', 'buried treasure', 'invisibility', 'quest', 'live action and animation', 'high fantasy', 'sword and sorcery', 'trekking', 'goblins', 'good versus evil', 'fantasy creature']","['Martin Freeman', 'Ian McKellen', 'Richard Armitage', 'James Nesbitt', 'Ken Stott', 'Sylvester McCoy', 'Barry Humphries', ""Dean O'Gorman"", 'Aidan Turner', 'Graham McTavish']",['Peter Jackson'],169.0,2012-12-12,7.381,19896,21.0333,/yHA9Fc37VmpUA5UncTxxo3rTGVA.jpg,/xyXmtuvsoM5J3yNad0nvcetpBdY.jpg,en,movie,,
1228710,The Mandalorian and Grogu,"The evil Empire has fallen, and Imperial warlords remain scattered throughout the galaxy. As the fledgling New Republic works to protect everything the Rebellion fought for, they have enlisted the help of legendary Mandalorian bounty hunter Din Djarin and his young apprentice Grogu.","['Action', 'Adventure', 'Science Fiction']","['galaxy', 'bounty hunter', 'spin off', 'space opera', 'nostalgic', 'space adventure', 'based on tv series', 'master apprentice relationship', 'bold']","['Pedro Pascal', 'Jeremy Allen White', 'Sigourney Weaver', 'Brendan Wayne', 'Lateef Crowder', 'Steve Blum', 'Jonny Coyne', 'Matthew Willig', 'Martin Scorsese', 'Hemky Madera']",['Jon Favreau'],132.0,2026-05-20,7.489,1228,77.6933,/7GV5rrUJf0BRUhoh2cyFoeNthlQ.jpg,/MJcERawyqGqJdPsOBc0C449hQ9.jpg,en,movie,,
858024,Hamnet,"The powerful story of love and loss that inspired the creation of Shakespeare's timeless masterpiece, Hamlet.","['Drama', 'Romance']","['based on novel or book', 'grief', 'historical fiction', 'death in family', 'motherhood', 'woman director', '16th century', 'somber', 'period film', 'based on real person']","['Jessie Buckley', 'Paul Mescal', 'Emily Watson', 'Joe Alwyn', 'Jacobi Jupe', 'Noah Jupe', 'Olivia Lynes', 'Justine Mitchell', 'David Wilmot', 'Louisa Harland']",['Chloé Zhao'],125.0,2025-11-26,7.701,1514,21.0553,/vbeyOZm2bvBXcbgPD3v6o94epPX.jpg,/73BClq9FOcrWrutnpiqhCNEWEwJ.jpg,en,movie,,
1263532,Beast Race,"In future Rio de Janeiro, a young leader of the resistance must enter a deadly parkour-inspired competition in order to save his sister's life.","['Action', 'Science Fiction', 'Thriller']","['bet', 'dystopia', 'post-apocalyptic future', 'parkour', 'game', 'dark future', 'running race', 'social inequality', 'futuro distópico', 'dying race']","['Matheus Abreu', 'Rodrigo Santoro', 'Isis Valverde', 'Thainá Duarte', 'Bruno Gagliasso', 'Seu Jorge', 'Silvero Pereira', 'João Guilherme Ávila', 'Jade Sassará', 'Leandro Firmino']","['Fernando Meirelles', 'Rodrigo Pesavento', 'Ernesto Solis']",124.0,2026-03-17,6.283,60,72.6204,/mwmfEqWXZG6HmAUuN5SjO8s7UNV.jpg,/1WWukZCoavYEofNVRHJqE4t1urW.jpg,pt,movie,,
604079,The Long Walk,"In a dystopian 1970s America, fifty teenage boys take part in a deadly annual walking contest, forced to maintain a minimum pace or be executed, until only one survivor remains.","['Science Fiction', 'Thriller', 'Horror']","['suicide', 'based on novel or book', 'male friendship', 'bullying', 'coming of age', 'survival', 'teenage boy', 'survival horror', 'hard', 'authoritarian regime', 'psychological horror', 'suspenseful', 'sympathetic', 'psychological breakdown', 'life‑or‑death stakes', 'forced march', 'moral despair', 'fatal competition', 'youth dystopia', 'oppressive system', 'stephen king']","['Cooper Hoffman', 'David Jonsson', 'Ben Wang', 'Tut Nyuot', 'Charlie Plummer', 'Garrett Wareing', 'Jordan Gonzalez', 'Joshua Odjick', 'Mark Hamill', 'Roman Griffin Davis']",['Francis Lawrence'],108.0,2025-09-10,6.862,1797,28.0028,/wobVTa99eW0ht6c1rNNzLkazPtR.jpg,/2dlt9I2ga6hweywz9zsFUz1PVii.jpg,en,movie,,
798645,The Running Man,"Desperate to save his sick daughter, working-class Ben Richards is convinced by The Running Man's charming but ruthless producer to enter the deadly competition game as a last resort. But Ben's defiance, instincts, and grit turn him into an unexpected fan favorite — and a threat to the entire system. As ratings skyrocket, so does the danger, and Ben must outwit not just the Hunters, but a nation addicted to watching him fall.","['Action', 'Thriller', 'Science Fiction']","['based on novel or book', 'dystopia', 'game show', 'survival', 'on the run', 'media manipulation', 'near future', 'baffled', 'authoritarian control', 'public spectacle', 'rigged competition', 'broadcast violence', 'elite hunters', 'corrupt producers', 'state propaganda', 'mass entertainment']","['Glen Powell', 'Colman Domingo', 'Lee Pace', 'Josh Brolin', 'William H. Macy', 'Michael Cera', 'Emilia Jones', 'Daniel Ezra', 'Jayme Lawson', 'Sean Hayes']",['Edgar Wright'],133.0,2025-11-11,6.748,1845,34.6092,/dKL78O9zxczVgjtNcQ9UkbYLzqX.jpg,/aHj7d7wSLqrg5cjAcgHhiGr97Ih.jpg,en,movie,,
1632181,Accidental Partners,Two women discover they were both scammed by the same man (who also got them pregnant). They form an alliance to take revenge.,"['Comedy', 'Romance']",[],"['Angelique Boyer', 'Bárbara de Regil', 'Diego Klein', 'Lucía Uribe', 'Isabella Camil', 'Gabriela Platas', 'Laura Flores', 'Elena Pérez', 'César Rodríguez', 'Rolando Breme']",['Ihtzi Hurtado'],110.0,2026-03-12,8.9,347,25.0413,/j0CIVzeR7hRAPBPGR54qDZoOQpp.jpg,/iCML6fBe3X0y06P33bM7dyYXPKZ.jpg,es,movie,,
1380291,Tom Clancy's Jack Ryan: Ghost War,"Jack Ryan is reluctantly pulled back into espionage when an international covert mission unravels a deadly conspiracy. Racing against time, he joins CIA allies Mike November & James Greer and sharp MI6 officer Emma Marlowe to battle a rogue black-ops unit in a high-stakes, deeply personal fight.","['Action', 'Thriller']","['based on novel or book', 'sequel', 'jack ryan', 'based on tv series', 'suspense', 'absurd']","['John Krasinski', 'Wendell Pierce', 'Sienna Miller', 'Michael Kelly', 'Max Beesley', 'Betty Gabriel', 'JJ Feild', 'Douglas Hodge', 'Dominic Mafham', 'Alex Brockdorff']",['Andrew Bernstein'],107.0,2026-05-20,6.955,729,33.9659,/8ehYxUh5MWE41AeE9gkHE8DKzvB.jpg,/dd31qJxOarrHyGZwYsCzOjobQzP.jpg,en,movie,,
1564614,Leviticus,Two teenage boys must escape a violent entity that takes the form of the person they desire most:  each other.,"['Horror', 'Romance']","['supernatural', 'priest', 'teenage boy', 'lgbt', 'lgbt teen', 'shocking', 'candid', 'conversion therapy', 'queer', 'supernatural horror', 'gay theme', 'queer horror', 'psychological', 'independent film', 'psychological horror', 'teen horror', 'informative']","['Joe Bird', 'Stacy Clausen', 'Mia Wasikowska', 'Nicholas Hope', 'Tyallah Bullock', 'Ewen Leslie', 'Jeremy Blewitt', 'Davida McKenzie', 'Shannon Berry', 'Julia Grace']",['Adrian Chiarella'],88.0,2026-06-17,6.726,286,126.6507,/gnAsZvBygplNpp8PtjoTEYv3VPB.jpg,/7y8zWGEjs7tresw4Hzkkf4TdkcL.jpg,en,movie,,
1284041,The Last House,A family suddenly sealed inside their home must work together to survive against dwindling resources and the ominous threat keeping them trapped.,"['Horror', 'Science Fiction', 'Thriller']","['monster', 'water monster', 'sea creature', 'cautionary', 'baffled', 'excited', 'dangerous rain']","['Greta Lee', 'Wagner Moura', 'Riley Chung', 'Noah Alexander Sosnowski', 'Emma Ho', 'Gabriel Barbosa', 'Arden Cho', 'Audrey Anderson', 'Sid Edwards', 'Eveline Reynolds-Boison']",['Louis Leterrier'],110.0,2026-08-06,6.871,520,388.6318,/6JU7E8Vv2M11egkctWVOScxWR75.jpg,/2mPmccLg8QCD4ZF6v8kSsUijPPW.jpg,en,movie,,
1265609,War Machine,"On one last grueling mission during Army Ranger training, a combat engineer must lead his unit in a fight against a giant otherworldly killing machine.","['Action', 'Science Fiction', 'Thriller']","['struggle for survival', 'military training', 'afghanistan veteran', 'grim', 'alien hunters', 'alien arrival', 'military sci-fi', 'u.s. army ranger', 'extraterrestrial threat', 'special forces training', 'firefights', 'hostile encounter', 'high‑intensity conflict', 'gore elements', 'veteran soldier', 'remote outpost']","['Alan Ritchson', 'Dennis Quaid', 'Stephan James', 'Jai Courtney', 'Esai Morales', 'Blake Richardson', 'Keiynan Lonsdale', 'Jack Patten', 'Joshua Diaz', 'Heather Burridge']",['Patrick Hughes'],110.0,2026-02-12,7.441,2271,40.3497,/rFhKkXhk7ClU03jQ5rHIApJDwev.jpg,/6yeVcxFR0j08vlv2OlL6zbewm4D.jpg,en,movie,,
530385,Midsommar,"Several friends travel to Sweden to study as anthropologists a summer festival that is held every ninety years in the remote hometown of one of them. What begins as a dream vacation in a place where the sun never sets, gradually turns into a dark nightmare as the mysterious inhabitants invite them to participate in their disturbing festive activities.","['Horror', 'Drama', 'Mystery']","['loss of loved one', 'ritual', 'paranoia', 'sweden', 'cult', 'hallucinogenic drug', 'magic mushroom', 'anthropology', 'human sacrifice', 'paganism', 'death of family', 'boyfriend girlfriend relationship', 'grieving', 'midsummer', 'cultural conflict', 'bad trip', 'folk horror', 'psychological disorders', 'toxic relationship', 'midnight sun', 'isolated community', 'summer festival', 'traumatized woman', 'violence']","['Florence Pugh', 'Jack Reynor', 'William Jackson Harper', 'Will Poulter', 'Vilhelm Blomgren', 'Isabelle Grill', 'Gunnel Fred', 'Ellora Torchia', 'Archie Madekwe', 'Henrik Norlén']",['Ari Aster'],147.0,2019-07-03,7.145,8291,22.3238,/7LEI8ulZzO5gy9Ww2NVCrKmHeDZ.jpg,/pYgj8e2Y6RufnSyOA6OnzmxFXxZ.jpg,en,movie,,
10195,Thor,"Against his father Odin's will, The Mighty Thor - a powerful but arrogant warrior god - recklessly reignites an ancient war. Thor is cast down to Earth and forced to live among humans as punishment. Once here, Thor learns what it takes to be a true hero when the most dangerous villain of his world sends the darkest forces of Asgard to invade Earth.","['Adventure', 'Fantasy', 'Action']","['new mexico', 'superhero', 'redemption', 'banishment', 'based on comic', 'brother against brother', 'norse mythology', 'aftercreditsstinger', 'marvel cinematic universe (mcu)', 'worlds collide', 'god of thunder', 'fantasy']","['Chris Hemsworth', 'Natalie Portman', 'Tom Hiddleston', 'Anthony Hopkins', 'Stellan Skarsgård', 'Kat Dennings', 'Clark Gregg', 'Colm Feore', 'Idris Elba', 'Ray Stevenson']",['Kenneth Branagh'],115.0,2011-04-21,6.771,22615,35.4335,/prSfAi1xGrhLQNxVSUFh61xQ4Qy.jpg,/cDJ61O1STtbWNBwefuqVrRe3d7l.jpg,en,movie,,
270303,It Follows,A young woman is followed by an unknown supernatural force after a sexual encounter.,"['Horror', 'Mystery']","['beach', 'chase', 'supernatural', 'friends', 'vision', 'teenage girl', 'school', 'detroit, michigan', 'entity', 'evil', 'voyeurism', 'sexually transmitted disease', 'young adult', 'followed', 'nudity', 'ambiguity', 'psychological horror', 'pastiche', 'suspenseful', 'horrified']","['Maika Monroe', 'Keir Gilchrist', 'Daniel Zovatto', 'Jake Weary', 'Olivia Luccardi', 'Lili Sepe', 'Bailey Spry', 'Carollette Phillips', 'Loren Bass', 'Charles Gertner']",['David Robert Mitchell'],101.0,2015-02-04,6.579,7059,19.6257,/iwnQ1JH1wdWrGYkgWySptJ5284A.jpg,/ikaRI4yMxKOje5SmOlAhOBUnicL.jpg,en,movie,,
1613798,Vengeance,"The brutal murder of the wife of “Toro,” a military hero in the special forces, turns him into a man with a single purpose: revenge. After a stroke of fate makes him a millionaire, Carlos transforms his fortune into an arsenal and, together with his closest soldiers, sets out to hunt down those responsible.","['Action', 'Thriller']","['revenge', 'betrayal', 'manhunt', 'vengeance', 'action thriller', 'revenge mission', 'relentless pursuit', 'corrupt officials', 'deadly confrontation', 'dark secrets', 'redemption quest', 'ruthless enemies', 'personal justice', 'violent retaliation', 'innocent victim']","['Omar Chaparro', 'Alejandro Speitzer', 'Paola Nuñez', 'Natalia Solián', 'Luis Alberti', 'Iazua Larios', 'Lizeth Selene', 'Gustavo Sánchez Parra', 'Vasil Simeonov', 'Manuel Cruz Vivas']",['Rodrigo Valdes'],103.0,2026-02-26,7.483,292,29.1989,/ygWXPL0RS91JyJPNOfK34eV3bRE.jpg,/xyW8rJO3rwG2EGcTO6eaUEa8b9d.jpg,es,movie,,
102382,The Amazing Spider-Man 2,"For Peter Parker, life is busy. Between taking out the bad guys as Spider-Man and spending time with the person he loves, Gwen Stacy, high school graduation cannot come quickly enough. Peter has not forgotten about the promise he made to Gwen’s father to protect her by staying away, but that is a promise he cannot keep. Things will change for Peter when a new villain, Electro, emerges, an old friend, Harry Osborn, returns, and Peter uncovers new clues about his past.","['Action', 'Adventure', 'Science Fiction']","['new york city', 'experiment', 'obsession', 'secret identity', 'superhero', 'based on comic', 'sequel', 'electrocution', 'super power', 'masked superhero', 'teen superhero', 'disapproving']","['Andrew Garfield', 'Emma Stone', 'Jamie Foxx', 'Dane DeHaan', 'Colm Feore', 'Felicity Jones', 'Paul Giamatti', 'Sally Field', 'Embeth Davidtz', 'Campbell Scott']",['Marc Webb'],141.0,2014-04-16,6.553,14542,83.2844,/dGjoPttcbKR5VWg1jQuNFB247KL.jpg,/k0hlAzTryCYX1O1LyC6P8tAa8s0.jpg,en,movie,,
454639,Masters of the Universe,"After being separated for 15 years, the Sword of Power leads Prince Adam back to Eternia, where he discovers his home shattered under the fiendish rule of Skeletor. To save his family and his world, Adam must join forces with his closest allies, Teela and Duncan/Man-At-Arms, and embrace his true destiny as He-Man — the most powerful man in the universe.","['Action', 'Fantasy', 'Science Fiction']","['skeleton', 'superhero', 'nostalgia', 'alien planet', 'based on toy', 'super power', 'reboot', 'aftercreditsstinger', 'duringcreditsstinger', 'warrior', 'sword and planet', 'father son conflict', 'sword and sorcery', 'father daughter relationship', 'loving', 'based on tv series', 'inspirational', 'instructive']","['Nicholas Galitzine', 'Camila Mendes', 'Idris Elba', 'Jared Leto', 'Alison Brie', 'Jóhannes Haukur Jóhannesson', 'Jon Xue Zhang', 'Sam C. Wilson', 'James Purefoy', 'Charlotte Riley']",['Travis Knight'],141.0,2026-06-03,7.2,1760,132.2667,/oRuyGUHdoaQxWP3SDfafGkStxTC.jpg,/yQIdU11DYQQp0neGtGtGxbGfRer.jpg,en,movie,,
1083381,Backrooms,A strange doorway appears in the basement of a furniture showroom.,"['Horror', 'Mystery', 'Science Fiction']","['california', 'monster', 'therapist', 'surrealism', 'childhood trauma', 'alcoholism', 'found footage', '1990s', 'other dimension', 'based on web series', 'psychological', 'liminal', 'body horror', 'psychological horror', 'liminal space', 'analog horror', 'sci-fi horror', 'bewildered', 'foreboding', 'liminal horror']","['Chiwetel Ejiofor', 'Renate Reinsve', 'Finn Bennett', 'Lukita Maxwell', 'Mark Duplass', 'Avan Jogia', 'Robert Bobroczkyi', 'Ember Ambrose', 'Krista Kosonen', 'Philip Granger']",['Kane Parsons'],111.0,2026-05-27,7.1,2710,162.347,/rhGx6E3qRNMgj3i5su2oukNHwIQ.jpg,/dqmMWNWfLnExDRpMtIMqI97GQFR.jpg,en,movie,,
200709,Weak Hero,"With the aid of unexpected friends, a gifted but introverted student confronts bullies and violent foes — unaware of how dangerous his world will become.","['Action & Adventure', 'Drama']","['male friendship', 'friendship', 'bullying', 'gang', 'bromance', 'high school student', 'skilled fighter', 'based on webcomic or webtoon', 'youth', 'school bullying', 'violence', 'enthusiastic']","['Park Ji-hoon', 'Choi Hyun-wook', 'Hong Kyung', 'Ryeoun', 'Choi Min-yeong', 'Yoo Su-bin', 'Cha Woo-min', 'Bae Na-ra', 'Lee Min-jae', 'Lee Jun-young']","['Yoo Soo-min', 'Han Jun-hee']",84.0,2022-11-18,8.699,502,51.1978,/5Sd01WeraL2oA3Vv6O4rcRxockn.jpg,/q5mJ4oKfGc6Cr9reIHFzD0pQzre.jpg,ko,tv,2.0,16.0
194583,The Walking Dead: Dead City,"Maggie and Negan travel to post-apocalyptic Manhattan - long ago cut off from the mainland. The crumbling city is filled with the dead and denizens who have made it a world full of anarchy, danger, beauty, and terror.","['Action & Adventure', 'Drama', 'Sci-Fi & Fantasy']","['post-apocalyptic future', 'survival', 'zombie', 'spin off', 'based on graphic novel', 'manhattan, new york city', 'depressing', 'cliché']","['Lauren Cohan', 'Jeffrey Dean Morgan', 'Željko Ivanek', 'Lisa Emery', 'Raúl Castillo', 'Logan Kim', 'Aimee Garcia', 'Jimmi Simpson']",['Eli Jorné'],,2023-06-18,7.903,771,73.8098,/wq3vuQzQgbS83zX3malAFWMsSwX.jpg,/vV5LKWmuysEe5wsuZJGbdiL5XJ2.jpg,en,tv,3.0,22.0
32798,Hawaii Five-0,"Steve McGarrett returns home to Oahu, in order to find his father's killer. The governor offers him the chance to run his own task force (Five-0). Steve's team is joined by Chin Ho Kelly, Danny ""Danno"" Williams, and Kono Kalakaua.","['Crime', 'Drama', 'Action & Adventure']","['hawaii', 'remake', 'task force', 'criminal investigation']","[""Alex O'Loughlin"", 'Scott Caan', 'Ian Anthony Dale', 'Meaghan Rath', 'Beulah Koale', 'Dennis Chun', 'Kimee Balmilero', 'Chi McBride', 'Taylor Wily', 'Katrina Law']","['Roberto Orci', 'Alex Kurtzman', 'Peter M. Lenkov']",42.0,2010-09-20,7.727,1888,107.9382,/sIdCKlmM2nU4akIvFQaAIiU8YES.jpg,/tLccUh3uazZ9TkLhe53UwprJhI4.jpg,en,tv,10.0,240.0
71712,The Good Doctor,"Shaun Murphy, a young surgeon with autism and savant syndrome, relocates from a quiet country life to join a prestigious hospital's surgical unit. Unable to personally connect with those around him, Shaun uses his extraordinary medical gifts to save lives and challenge the skepticism of his colleagues.",['Drama'],"['nurse', 'san francisco, california', 'medicine', 'autism', 'remake', 'hospital', ""asperger's syndrome"", 'medical drama', 'medical', 'based on tv series', 'cliché']","['Freddie Highmore', 'Fiona Gubelmann', 'Will Yun Lee', 'Christina Chang', 'Paige Spara', 'Bria Samoné Henderson', 'Noah Galvin', 'Chuku Modu', 'Richard Schiff']",['David Shore'],,2017-09-25,8.454,12901,88.7826,/luhKkdD80qe62fwop6sdrXK9jUT.jpg,/f3cin9kOz4nOrlYEMxGFQhv4bdN.jpg,en,tv,7.0,126.0
36,Medium,Allison Dubois works in the District Attorney’s office using her natural intuition about people and her ability to communicate with the dead to help to solve crimes. Her dreams often give her clues to the whereabouts of missing people.,"['Crime', 'Drama', 'Mystery', 'Sci-Fi & Fantasy']","['medium', 'psychic power', 'paranormal', 'criminal consultant', 'phoenix, arizona']","['Patricia Arquette', 'Jake Weber', 'Miguel Sandoval', 'David Cubitt', 'Sofia Vassilieva', 'Feodor Lark']",['Glenn Gordon Caron'],,2005-01-03,7.472,579,39.0959,/6tOxspW2MbbAQ0s3jtfs8QATcx.jpg,/dVpAGo3TT2IjDyRuKwhNfe9E1A5.jpg,en,tv,7.0,128.0
290856,Marshals,"With the Yellowstone Ranch behind him, Kayce Dutton joins an elite unit of U.S. Marshals, combining his skills as a cowboy and Navy SEAL to bring range justice to Montana, where he and his teammates must balance family, duty and the high psychological cost that comes with serving as the last line of defense in the region's war on violence.","['Drama', 'Crime', 'Action & Adventure']","['montana', 'u.s. marshal', 'spin off', 'cowboy', 'police procedural', 'based on tv series']","['Luke Grimes', 'Logan Marshall-Green', 'Arielle Kebbel', 'Ash Santos', 'Tatanka Means', 'Brecken Merrill', 'Mo Brings Plenty', 'Gil Birmingham']",['Spencer Hudnut'],,2026-03-01,7.936,346,43.7111,/nInfaveN1iFpRIcMGNKENoVVUT2.jpg,/ihT4s15wPjqXLblKlE6cwBhJVz4.jpg,en,tv,2.0,14.0
10283,Archer,Smart-mouthed superspy Sterling Archer and his dysfunctional team of secret agents turn dangerous missions into messy misadventures around the globe.,"['Comedy', 'Action & Adventure', 'Animation']","['spy', 'central intelligence agency (cia)', 'secret agent', 'workplace', 'dark comedy', 'drugs', 'adult animation', 'sitcom', 'workplace comedy', 'deadpan', 'spies', 'witty', 'action', 'assertive', 'melodramatic']","['H. Jon Benjamin', 'Judy Greer', 'Amber Nash', 'Chris Parnell', 'Aisha Tyler', 'Lucky Yates']",['Adam Reed'],22.0,2009-09-17,7.94,1460,40.6269,/vhnrkTGYPqcB63ALcSJm0WoaKHT.jpg,/c4dymvMQT45P1j9RnscRyeyyqSg.jpg,en,tv,14.0,140.0
157741,Landman,"Set in the proverbial boomtowns of West-Texas and a modern-day tale of fortune-seeking in the world of oil rigs, the series is an upstairs/downstairs story of roughnecks and wildcat billionaires that are fueling a boom so big it’s reshaping our climate, our economy and our geopolitics.",['Drama'],"['texas', 'oil industry', 'upstairs downstairs', 'oil boom', 'based on podcast', 'inspirational', 'western', 'dramatic', 'hilarious']","['Billy Bob Thornton', 'Demi Moore', 'Andy Garcia', 'Ali Larter', 'Jacob Lofland', 'Michelle Randolph', 'Paulina Chávez', 'Kayla Wallace', 'Mark Collie', 'James Jordan']","['Taylor Sheridan', 'Christian Wallace']",,2024-11-17,8.164,603,54.2227,/hYthRgS1nvQkGILn9YmqsF8kSk6.jpg,/mh2UczqEXJJVgqohbyZbHTuxwhL.jpg,en,tv,3.0,20.0
45,Top Gear,"This fast-paced and stunt-filled motor show tests whether cars, both mundane and extraordinary, live up to their manufacturers' claims. The long-running show travels to locations around the world, performing extreme stunts and challenges to see what the featured cars are capable of doing. The current hosts are Paddy Mcguinness, Chris Harris and Andrew ""Freddie"" Flintoff.","['Reality', 'Talk']","['friendship', 'travel', 'racing', 'race', 'supercar', 'magazine show', 'inspirational']","['Chris Harris', 'Paddy McGuinness', 'Andrew Flintoff']","['Andy Wilman', 'Jeremy Clarkson']",60.0,2002-10-20,7.584,889,52.6345,/aqM6QnuhSXzjHlKbXyKUqxaGiWu.jpg,/bJROfBstoARn6vOqqPylYLpGYDH.jpg,en,tv,33.0,218.0
71728,Young Sheldon,"The early life of child genius Sheldon Cooper, later seen in The Big Bang Theory.","['Comedy', 'Family', 'Drama']","['prequel', 'family relationships', 'coming of age', 'school', 'sibling', 'family', 'nostalgic', 'sitcom', '1980s', 'knowledge', 'kid genius', 'lighthearted', 'dramatic', 'admiring', 'amused', 'empathetic']","['Iain Armitage', 'Zoe Perry', 'Lance Barber', 'Montana Jordan', 'Raegan Revord', 'Annie Potts', 'Emily Osment', 'Jim Parsons']","['Steven Molaro', 'Chuck Lorre']",,2017-09-25,8.026,3057,81.0953,/kidkbZRBGbsEIrX7pODRSKi9ipl.jpg,/nlDBlCtorM7nx130wYnfR5ZmyLX.jpg,en,tv,7.0,141.0
157744,1923,"Follow a new generation of the Dutton family during the early twentieth century when pandemics, historic drought, the end of Prohibition and the Great Depression all plague the mountain west, and the Duttons who call it home.","['Drama', 'Western']","['africa', 'montana', 'sequel', 'prequel', 'range war', 'cattle ranch', 'yellowstone', '1920s', 'big game hunter', '20th century', 'gritty', 'western', 'indian residential school system']","['Helen Mirren', 'Harrison Ford', 'Brandon Sklenar', 'Julia Schlaepfer', 'Jerome Flynn', 'Darren Mann', 'Isabel May', 'Brian Geraghty', 'Aminah Nieves', 'Michelle Randolph']",['Taylor Sheridan'],,2022-12-18,8.259,816,38.7863,/zgZRJZvZn5cpsWAB0zMUdad3iZd.jpg,/vIioWssbxRtEkIzgj8r0pCWYkYM.jpg,en,tv,2.0,15.0
2098,Batman: The Animated Series,"Vowing to avenge the murder of his parents, Bruce Wayne devotes his life to wiping out crime in Gotham City as the masked vigilante ""Batman"".","['Action & Adventure', 'Animation', 'Drama', 'Mystery']","['detective', 'asylum', 'race against time', 'cartoon', 'superhero', 'based on comic', 'organized crime', 'super power', 'super villain', 'death of parent', 'dc animated universe (dcau)']",['Kevin Conroy'],"['Bruce Timm', 'Eric Radomski']",,1992-09-05,8.583,1873,47.1956,/lBomQFW1vlm1yUYMNSbFZ45R4Ox.jpg,/4QnFxk03yAn7U2ZTL5oMCCqxlPc.jpg,en,tv,4.0,85.0
52,That '70s Show,"Crank up the 8-track and flash back to a time when platform shoes and puka shells were all the rage in this hilarious retro-sitcom. For Eric, Kelso, Jackie, Hyde, Donna and Fez, a group of high school teens who spend most of their time hanging out in Eric’s basement, life in the ‘70s isn’t always so groovy. But between trying to figure out the meaning of life, avoiding their parents, and dealing with out-of-control hormones, they’ve learned one thing for sure: they’ll always get by with a little help from their friends.","['Comedy', 'Family', 'Drama']","['1970s', 'small town', 'self-discovery', 'friendship', 'family relationships', 'group of friends', 'teenage romance', 'sitcom', 'period sitcom']","['Mila Kunis', 'Danny Masterson', 'Laura Prepon', 'Wilmer Valderrama', 'Debra Jo Rupp', 'Kurtwood Smith', 'Don Stark', 'Tommy Chong', 'Josh Meyers']","['Mark Brazill', 'Bonnie Turner', 'Terry Turner']",25.0,1998-08-23,7.927,1633,40.6421,/laEZvTqM80UaplUaDSCCbWhlyEV.jpg,/rf2uHKzPniVL5LvSVxg5ACxv4cS.jpg,en,tv,8.0,200.0
116799,The Lincoln Lawyer,Hotshot LA defense attorney Mickey Haller will do whatever it takes to win as he navigates the criminal justice system from his trademark Lincoln.,"['Drama', 'Crime']","['based on novel or book', 'workplace', 'lawyer', 'criminal', 'courtroom', 'courtroom drama', 'suspenseful', 'thriller', 'witty']","['Manuel Garcia-Rulfo', 'Neve Campbell', 'Becki Newton', 'Angus Sampson', 'Jazz Raycole']",['David E. Kelley'],,2022-05-13,7.719,542,50.4335,/4jSaIqEU8CPBBNn4iVCK6wzPjSx.jpg,/jBFOVEE5sMIyT141YIqIwyU8Y1D.jpg,en,tv,4.0,40.0
61511,Father Brown,Father Brown is based on G. K. Chesterton's detective stories about a Catholic priest who doubles as an amateur detective in order to try and solve mysteries.,"['Drama', 'Crime', 'Mystery']","['detective', 'based on novel or book', 'amateur detective', 'priest', 'costume drama', 'murder mystery']","['Mark Williams', 'John Burton', 'Tom Chambers', 'Claudie Blakley', 'Ruby-May Martinwood']","['Tahsin Guner', 'Rachel Flowerday']",45.0,2013-01-14,7.601,139,47.9454,/u8LUC3O1hiEDKP2SFZK68iYqMzl.jpg,/96v57BttdxvquxnVozkQUsGvawQ.jpg,en,tv,13.0,140.0
2122,King of the Hill,"Set in Texas, this animated series follows the life of propane salesman Hank Hill, who lives with his overly confident substitute Spanish teacher wife Peggy, wannabe comedian son Bobby, and naive niece Luanne. Hank has conservative views about God, family, and country, but his values and ethics are often challenged by the situations he, his family, and his beer-drinking neighbors/buddies find themselves in.","['Animation', 'Comedy', 'Family']","['texas', 'family', 'propane', 'adult animation']","['Mike Judge', 'Kathy Najimy', 'Pamela Adlon', 'Stephen Root', 'Lauren Tom']","['Greg Daniels', 'Mike Judge']",22.0,1997-01-12,7.414,685,100.158,/e2xyMapmYgv4AuSoSDv9Y4pQlD6.jpg,/4CSdS9p0AhLhxCo1hGuQINiE2Sa.jpg,en,tv,15.0,275.0
34891,Jake and the Never Land Pirates,"A crew of kid pirates - leader Jake and pals Izzy and Cubby - and their Never Land adventures as they work to outwit two infamous characters, the one and only Captain Hook and Smee.","['Family', 'Animation', 'Action & Adventure']",['pirate'],"['David Arquette', 'Jeff Bennett', 'Corey Burton', 'Gabe Eggerling', 'Megan Richie', 'Jadon Sand']",[],22.0,2011-02-14,6.143,63,47.2359,/uet64gptwR7iDGc0laIRmYNtNH0.jpg,/vV1EQ1zLuZ5yPL7LaBqPayVsggC.jpg,en,tv,4.0,214.0
78,Dateline,"Dateline NBC, or simply Dateline, is a weekly American television newsmagazine series. It was previously the network's flagship newsmagazine, but now focuses mainly on true crime stories with only occasional editions that focus on other topics.","['Crime', 'Documentary']","['homicide', 'interview', 'murder', 'true crime', 'missing person', 'investigative journalism', 'news magazine', 'homicide investigation', 'serious', 'mysterious disappearance', 'mystery', 'correspondent']",[],[],43.0,1992-03-31,6.51,51,43.0832,/xj9zonhdomfBpEhZQmAON5u3CiB.jpg,/4m8QH2C6hBQQ08EgwaOtOv7ATFh.jpg,en,tv,34.0,933.0
4177,Perry Mason,The cases of master criminal defense attorney Perry Mason and his staff who handled the most difficult of cases in the aid of the innocent.,"['Mystery', 'Drama', 'Crime']","['detective', 'based on novel or book', 'lawyer', 'los angeles, california', 'criminal lawyer']","['Raymond Burr', 'Barbara Hale', 'William Hopper', 'William Talman', 'Ray Collins']",['Erle Stanley Gardner'],52.0,1957-09-21,7.71,138,83.942,/sK6JvgNFP1ClT4aF4nPAZiDpAdk.jpg,/iq4BjyVsDxzg24XnjoGP0Xi2Tz5.jpg,en,tv,9.0,271.0
2129,The Adventures of Jimmy Neutron: Boy Genius,"Jimmy Neutron is the smartest kid in town. As a genius, Jimmy thinks most things can be solved with the invention of a new gizmo. But Jimmy usually takes the easy way out, and his backfiring gadgets result in comedic adventures.","['Animation', 'Comedy', 'Sci-Fi & Fantasy', 'Action & Adventure', 'Kids']",['3d animation'],"['Debi Derryberry', 'Jeffrey Garcia', 'Rob Paulsen']","['John A. Davis', 'Steve Oedekerk']",24.0,2002-07-20,7.386,866,39.4524,/dxUNSVBU03LuVSZ3rriui6a7Xvk.jpg,/1BQqYdAAwTo1HBnXJrCNj6DQ9B3.jpg,en,tv,3.0,76.0
45140,Teen Titans Go!,"Robin, Starfire, Raven, Beast Boy and Cyborg return in all-new, comedic adventures. They may be super heroes who save the world every day ... but somebody still has to do the laundry!","['Animation', 'Action & Adventure', 'Comedy', 'Family', 'Sci-Fi & Fantasy']","['slapstick comedy', 'superhero', 'based on comic', 'parody', 'based on cartoon', 'madcap comedy', 'superhero team', 'pathetic', 'absurdist humor', 'disgusted']","['Scott Menville', 'Greg Cipes', 'Khary Payton', 'Tara Strong', 'Hynden Walch']",[],11.0,2013-04-23,6.437,718,95.7022,/kPKAigYUlWRpnfo4Ptiwlz4FWXU.jpg,/bIHCUqaapZdRjd2kzSDiwzYyrpC.jpg,en,tv,9.0,454.0
90,Mayday,"Major real-life air disasters are depicted in this series. Each episode features a detailed dramatized reconstruction of the incident based on cockpit voice recorders and air traffic control transcripts, as well as eyewitnesses recounts and interviews with aviation experts.","['Documentary', 'Drama', 'Crime']","['disaster', 'airplane accident', 'airplane wreck', 'airplane crash', 'crash landing', 'exploding airplane', 'mayday', 'plane crash', 'approving', 'plane crashes', 'plane accidents']",['Stephen Bogaert'],"['Bernard Vaillot', 'André Barro']",46.0,2003-09-03,8.197,292,65.6151,/2uuVIAb4MtPmMNTpOyID5V8DzrU.jpg,/vqm22ecqtzy5Olr74mkUV5lWa9g.jpg,en,tv,26.0,240.0
95,Buffy the Vampire Slayer,"Into every generation a slayer is born: one girl in all the world, a chosen one. She alone will wield the strength and skill to fight the vampires, demons, and the forces of darkness; to stop the spread of their evil and the swell of their number. She is the Slayer.","['Comedy', 'Drama', 'Sci-Fi & Fantasy']","['monster', 'anti hero', 'magic', 'vampire', 'chosen one', 'supernatural', 'high school', 'female protagonist', 'apocalypse', 'fighting supernatural']","['Sarah Michelle Gellar', 'Nicholas Brendon', 'Alyson Hannigan', 'Emma Caulfield', 'Michelle Trachtenberg', 'James Marsters']",['Joss Whedon'],,1997-03-10,8.096,2034,63.5863,/y7fVZkyheCEQHDUEHwNmYENGfT2.jpg,/lBmlLro9ZfY815ZXE5NKhYNxPRQ.jpg,en,tv,7.0,144.0
278624,Lucky,"When a multi-million-dollar heist goes sideways, con artist Lucky is forced to go on the run. Pursued by both the FBI and a ruthless crime boss, Lucky must fight for her life—and a way out.","['Drama', 'Crime']","['based on novel or book', 'fbi', 'crime boss', 'heist', 'con artist', 'on the run', 'miniseries', 'heist gone wrong', 'con woman', 'absurd', 'cliché']","['Anya Taylor-Joy', 'Annette Bening', 'Clifton Collins Jr.', 'Aunjanue Ellis-Taylor', 'Timothy Olyphant']",['Jonathan Tropper'],,2026-07-14,7.3,133,81.6113,/xsrkiXg8EuNNtbPtbmvCxg95gK7.jpg,/hKXMOOvQwXiL01hfYG5nrkH0tEP.jpg,en,tv,1.0,7.0
4194,Star Wars: The Clone Wars,"Yoda, Obi-Wan Kenobi, Anakin Skywalker, Mace Windu and other Jedi Knights lead the Grand Army of the Republic against the droid army of the Separatists.","['Action & Adventure', 'Sci-Fi & Fantasy', 'Animation']","['space opera', '3d animation', 'excited']","['Ashley Eckstein', 'Matt Lanter', 'James Arnold Taylor', 'Dee Bradley Baker', 'Tom Kane']",['George Lucas'],,2008-10-03,8.469,2399,53.9156,/e1nWfnnCVqxS2LeTO3dwGyAsG2V.jpg,/m6eRgkR1KC6Mr6gKx6gKCzSn6vD.jpg,en,tv,7.0,133.0
69740,Ozark,"A financial adviser drags his family from Chicago to the Missouri Ozarks, where he must launder $500 million in five years to appease a drug boss.","['Crime', 'Drama']","['money laundering', 'investigation', 'missouri', 'drug cartel', 'biting', 'kingpin', 'ozarks', 'bearer bonds', 'financial advisor', 'fbi agent', 'financial investor', 'bold']","['Jason Bateman', 'Laura Linney', 'Sofia Hublitz', 'Skylar Gaertner', 'Julia Garner', 'Charlie Tahan', 'Jessica Frances Dukes', 'Felix Solis', 'Damian Young', 'Adam Rothenberg']","['Bill Dubuque', 'Mark Williams']",,2017-07-21,8.195,2866,39.6793,/pCGyPVrI9Fzw6rE1Pvi4BIXF6ET.jpg,/aatG9iVAUL7U7OyFEmupESpOrD2.jpg,en,tv,4.0,44.0
71789,SEAL Team,"Military drama following the professional and personal lives of the most elite unit of Navy SEALs as they train, plan and execute the most dangerous, high stakes missions our country can ask of them.","['Action & Adventure', 'Drama', 'War & Politics']","['u.s. navy seal', 'soldier', 'special forces', 'military', 'warfield']","['David Boreanaz', 'Neil Brown Jr.', 'A.J. Buckley', 'Toni Trucks', 'Beau Knapp', 'Tyler Grey', 'Justin Melnick', 'Raffi Barsoumian']",['Benjamin Cavell'],,2017-09-27,8.034,1647,52.1774,/6iSnec83UEMgLOXAtGYwaVNHLjR.jpg,/ojyo33io8HGxNCRg21Z1o87YEZX.jpg,en,tv,7.0,112.0
71790,S.W.A.T.,"A Los Angeles S.W.A.T. sergeant is assigned to lead a highly skilled unit in the community where he grew up. Torn between loyalty to the streets, where the cops are sometimes the enemy, and allegiance to his brothers in blue, he strategically straddles the two worlds.","['Crime', 'Action & Adventure', 'Drama']","['s.w.a.t.', 'elite unit', 'los angeles, california', 'reboot', 'lapd', 'police training', 'police sergeant', 'first responders', 'special response teams', 'tactical command unit', 'police procedural', 'based on tv series', 'dramatic']","['Shemar Moore', 'Jay Harrington', 'David Lim', 'Patrick St. Esprit', 'Anna Enger Ritch', 'Niko Pepaj', 'Annie Ilonzeh']","['Aaron Rahsaan Thomas', 'Shawn Ryan']",,2017-11-02,8.041,1590,95.598,/1l7vsAIkqOzrqiPwjO27Cb5QdfJ.jpg,/7j4ug9B6JXVeh5HhQjjPScrdj4Z.jpg,en,tv,8.0,163.0
2171,Cold Case,The Philadelphia homicide squad's lone female detective finds her calling when she is assigned cases that have never been solved. Detective Lilly Rush combines her natural instincts with the updated technology available today to bring about justice for all the victims she can.,"['Crime', 'Drama', 'Mystery']","['philadelphia, pennsylvania', 'detective', 'victim', 'investigation', 'police', 'police detective', 'female detective', 'murder investigation', 'homicide detective', 'cold case', 'police procedural']","['Kathryn Morris', 'Danny Pino', 'Jeremy Ratchford', 'Thom Barry', 'Tracie Thoms', 'John Finn']",['Meredith Stiehm'],44.0,2003-09-28,7.738,452,46.4498,/5dmiNE8UdAqIyjjwZZWsjMhhV0b.jpg,/oMeCp8jXpSyI41vHsjMkFfIJReh.jpg,en,tv,7.0,156.0
4229,Dexter's Laboratory,"Dexter, a boy-genius with a secret laboratory, constantly battles his sister Dee Dee, who always gains access despite his best efforts to keep her out, as well as his arch-rival and neighbor, Mandark.","['Animation', 'Comedy', 'Sci-Fi & Fantasy']","['villain', 'house', 'robot', 'scientist', 'family', 'boy genius', 'brother sister\xa0']","['Candi Milo', 'Kat Cressida', 'Jeff Bennett', 'Kath Soucie']",['Genndy Tartakovsky'],7.0,1996-04-28,7.653,906,42.3392,/inJJn8lUPWdvdy2h259UnoHWVqC.jpg,/ec04M36HKCokAsdJWqx18uKRzoP.jpg,en,tv,4.0,220.0
141,Cheers,The story about a blue-collar Boston bar run by former sports star Sam Malone and the quirky and wonderful people who worked and drank there.,['Comedy'],"['boston, massachusetts', 'bartender', 'postal worker', 'sitcom', 'workplace comedy', 'bar', 'celebratory']","['Ted Danson', 'Kirstie Alley', 'Rhea Perlman', 'George Wendt', 'John Ratzenberger', 'Woody Harrelson', 'Kelsey Grammer']","['Les Charles', 'James Burrows', 'Glen Charles']",,1982-09-30,7.572,700,53.9268,/nD1ZQBKbgKSmKcrAkWTofohsScj.jpg,/5U7NIuRK836GutAlo7TLPfmVtGW.jpg,en,tv,11.0,269.0
2190,South Park,"Follow the misadventures of four irreverent grade-schoolers in the quiet, dysfunctional town of South Park, Colorado.","['Animation', 'Comedy']","['colorado', 'elementary school', 'satire', 'parody', 'adult humor', 'social satire', 'best friend', 'group of friends', 'adult animation', 'censorship', 'sitcom', 'offensive', 'amused']","['Trey Parker', 'Matt Stone', 'Mona Marshall', 'Jennifer Howell']","['Trey Parker', 'Matt Stone']",,1997-08-13,8.338,5089,100.761,/1CGwZCFX2qerXaXQJJUB3qUvxq7.jpg,/3UviYOlhn8EgXMBuiT6MnUuo1w9.jpg,en,tv,29.0,337.0
4239,Married... with Children,"Al Bundy is an unsuccessful middle aged shoe salesman with a miserable life and an equally dysfunctional family. He hates his job, his wife is lazy, his son is dysfunctional (especially with women), and his daughter is dim-witted and promiscuous.",['Comedy'],"['chicago, illinois', 'slapstick comedy', 'dysfunctional family', 'family relationships', 'social satire', 'family', 'shoe salesman', 'sitcom', 'family life', 'amused']","[""Ed O'Neill"", 'Katey Sagal', 'Amanda Bearse', 'Christina Applegate', 'David Faustino', 'Ted McGinley']","['Michael G. Moye', 'Ron Leavitt']",22.0,1987-04-05,7.739,1242,80.6579,/qxdOgESOkBMmfcWUizL01mbdqzl.jpg,/y6nEgbjMUpYLnVUwZDzX95wH5Vj.jpg,en,tv,11.0,258.0
4238,The King of Queens,"Life’s good for deliveryman Doug Heffernan, until his newly widowed father-in-law, Arthur, moves in with him and his wife Carrie. Doug is no longer the king of his domain, and instead of having a big screen television in his recently renovated basement, he now has a crazy old man.",['Comedy'],"['new york city', 'marriage', 'working class', 'in-laws', 'sitcom']","['Kevin James', 'Leah Remini', 'Jerry Stiller', 'Victor Williams', 'Patton Oswalt', 'Gary Valentine']","['Michael J. Weithorn', 'David Litt']",25.0,1998-09-21,7.14,749,61.8432,/vXs300Yvjy4Kr0iHgBtajHkYbAt.jpg,/xF4zSVyrOBO60Lwu2wDN0dBjEgk.jpg,en,tv,9.0,207.0
63639,The Expanse,A thriller set two hundred years in the future following the case of a missing young woman who brings a hardened detective and a rogue ship's captain together in a race across the solar system to expose the greatest conspiracy in human history.,"['Drama', 'Mystery', 'Sci-Fi & Fantasy']","['based on novel or book', 'planet mars', 'spacecraft', 'space battle', 'future', 'space colony', 'space travel', 'space', 'conspiracy', 'space station', 'space opera', 'wonder', 'hard sci-fi']","['Steven Strait', 'Dominique Tipper', 'Wes Chatham', 'Shohreh Aghdashloo', 'Frankie Adams', 'Cara Gee', 'Nadine Nicole', 'Keon Alexander', 'Jasai Chase-Owens']","['Mark Fergus', 'Hawk Ostby']",,2015-12-14,8.067,2882,46.2615,/5vQlVWkIMPhZ88OWchJsgwGEK9.jpg,/uUwnClwdMA12bpHgeKgkQrbu5Oe.jpg,en,tv,6.0,62.0
299167,Dutton Ranch,"Rip Wheeler and Beth Dutton gamble everything on a new life in South Texas, but the promise of building a future far from the ghosts of Yellowstone quickly collides with brutal new realities and a rival ranch that will stop at nothing to protect its empire.","['Western', 'Drama']","['texas', 'sequel', 'spin off', 'cattle ranch', 'loving', 'inspirational', 'empathetic', 'hopeful']","['Kelly Reilly', 'Cole Hauser', 'Finn Little', 'Juan Pablo Raba', 'Jai Courtney', 'J.R. Villarreal', 'Marc Menchaca', 'Natalie Alyn Lind', 'Ed Harris', 'Annette Bening']",['Chad Feehan'],,2026-05-15,9.2,522,76.0188,/xsiecCxd8lkcAluw0wWwbW5CwSv.jpg,/wh5agdl3b7fqC7mSjsCkHx4fMAs.jpg,en,tv,1.0,9.0
160,Teenage Mutant Ninja Turtles,"Four turtles fall into the sewers and are befriended by Hamato Yoshi a Japanese man sent to New York who was forced to live in the sewers. One day he sees a strange green glow which transforms the four turtles into human-like creatures. Hamato (now Master Splinter) changes into a giant rat from the green glow and teaches the turtles the skills of the ninja as they team up with news reporter April O'Neil to battle against Yoshi's arch enemy Shredder and Krang, an alien warlord from Dimension X.","['Action & Adventure', 'Animation', 'Comedy', 'Kids']","['martial arts', 'mutant', 'pizza', 'supernatural', 'turtle', 'cartoon', 'superhero', 'based on comic', 'ninja', 'mutant animal', 'nostalgic', 'rat', 'boys', 'reptiles', 'western animation', 'sewers', 'turtles']","['Cam Clarke', 'Barry Gordon', 'Townsend Coleman', 'Michael Gough', 'Peter Renaday', 'Renae Jacobs', 'Tony Jay', 'Bumper Robinson']",[],22.0,1987-12-14,7.757,855,39.0848,/AaihPizftZo5YCqzEgHMwkceaEo.jpg,/s1Kr1RntP2b8MdUKTYJxNmcVEBP.jpg,en,tv,10.0,193.0
243875,Georgie & Mandy's First Marriage,"Georgie and Mandy raise their young family in Texas while navigating the challenges of adulthood, parenting, and marriage.",['Comedy'],"['texas', 'spin off', 'sitcom', '1990s', 'amused']","['Montana Jordan', 'Emily Osment']","['Chuck Lorre', 'Steve Holland', 'Steven Molaro']",,2024-10-17,7.964,234,40.3798,/3z2mYFxUkzanb2eeIcVyfJq0G3q.jpg,/mftiCiSsw4DFdlbfjN3cpkmMe0c.jpg,en,tv,3.0,45.0
245927,Paradise,"The tranquility in a serene, wealthy community inhabited by some of the world's most prominent individuals explodes when a shocking murder occurs and a high stakes investigation unfolds.","['Crime', 'Drama']","['usa president', 'post-apocalyptic future', 'murder', 'flashback', 'u.s. secret service agent', 'isolated community', 'science fiction', 'thriller', 'intense']","['Sterling K. Brown', 'Julianne Nicholson', 'Sarah Shahi', 'Nicole Brydon Bloom', 'Krys Marshall', 'Enuka Okuma', 'Aliyah Mastin', 'Percy Daggs IV', 'Charlie Evans']",['Dan Fogelman'],,2025-01-26,7.507,508,43.8455,/l8RqfhqEk04W5sSOjQ9zeWU1DyM.jpg,/5QsLvWh8J1mXl1W05wNJknMmhzR.jpg,en,tv,2.0,16.0
200875,IT: Welcome to Derry,"In 1962, amid a spate of unexplained disappearances of local children, a group of misfit friends begin to suspect a long-buried ancient evil lurking. As the kids set out to determine what's really going on, a rising unease prompts several townspeople to work together to restore peace – all while a U.S. military operation seeks to exploit Derry for its own objectives.","['Drama', 'Mystery']","['based on novel or book', 'small town', 'clown', 'haunted house', 'prequel', 'disappearance', 'psychotic', 'dead children', 'questioning', '1960s', 'grim', '1930s', '1900s', 'creepy house', 'supernatural horror', 'children in danger', 'psychological horror', 'joyous', 'dramatic', 'suspenseful', 'horror', 'amused']","['Taylour Paige', 'Jovan Adepo', 'James Remar', 'Stephen Rider', 'Matilda Lawler', 'Amanda Christine', 'Clara Stack', 'Blake Cameron James', 'Arian S. Cartaya', 'Chris Chalk']","['Andy Muschietti', 'Barbara Muschietti', 'Jason Fuchs']",,2025-10-26,8.217,1587,40.495,/nyy3BITeIjviv6PFIXtqvc8i6xi.jpg,/2fOKVDoc2O3eZmBZesWPuE5kgPN.jpg,en,tv,1.0,8.0
2221,The View,"ABC Daytime's morning chatfest, currently featuring Whoopi Goldberg, Joy Behar, Sunny Hostin, Sara Haines, Alyssa Farah Griffin, and Ana Navarro discussing the most exciting events of the day. Hot topics in the news, the best experts in their field, celebrity interviews and general entertainment are all part of The View.",['Talk'],"['talk show', 'morning', 'talk', 'celebrity interview']","['Joy Behar', 'Sunny Hostin', 'Sara Haines', 'Whoopi Goldberg', 'Alyssa Farah Griffin', 'Ana Navarro']","['Barbara Walters', 'Bill Geddie']",,1997-08-11,4.3,112,52.3959,/pEUNIxCMh2jFjUj7u09f4O5CcR4.jpg,/tHZsAFdtNsKNxE58jopl9Eh4f7a.jpg,en,tv,30.0,5137.0
2224,The Daily Show,"The World's Fakest News Team tackle the biggest stories in news, politics and pop culture.","['News', 'Comedy']","['sarcasm', 'interview', 'politics', 'political satire', 'late-night show', 'irreverent', 'informative']",[],"['Madeleine Smithberg', 'Lizz Winstead']",,1996-07-22,6.387,650,167.7861,/ixcfyK7it6FjRM36Te4OdblAq4X.jpg,/qLMfcvdCcCGD2BNLH8b6ZCBuO7D.jpg,en,tv,32.0,4270.0
4274,Tom & Jerry Kids Show,"Tom and Jerry in their childhood days, playing cat-and-mouse games even then.","['Kids', 'Animation', 'Comedy']","['cartoon cat', 'cartoon mouse', 'lighthearted']","['Frank Welker', 'Don Messick', 'Charlie Adler', 'Richard Gautier', 'Patric Zimmerman', 'Phil Hartman', 'Teresa Ganzel']","['Carl Urbano', 'Don Lusk', 'Paul Sommer']",7.0,1990-09-08,6.417,133,39.8769,/pApniCXhegDnhxQda7RcpG8gFP0.jpg,/vLCIWnDNPC9bWDN7cAEMvTdqe1j.jpg,en,tv,4.0,195.0
186,Weeds,"After the unexpected death of her husband, a suburban mom resorts to selling weed to support her family.","['Comedy', 'Crime', 'Drama']","['drug dealer', 'outlaw', 'dysfunctional family', 'dark comedy', 'marijuana', 'single mother', 'drugs', 'family conflict', 'fast food', 'simulated sex', 'daily drama']","['Mary-Louise Parker', 'Justin Kirk', 'Hunter Parrish', 'Alexander Gould', 'Kevin Nealon', 'Jennifer Jason Leigh', 'Ethan Kent', 'Gavin Kent']",['Jenji Kohan'],,2005-08-07,7.475,1020,42.6176,/gKUsBTa5b0GY7U4iWBseeBalfjO.jpg,/6k6vAUa0Fm73HB0QBOJbFGTgPq5.jpg,en,tv,8.0,102.0
57532,PAW Patrol,"Marshall, Rocky, Rubble, Zuma and Skye are doing their best to protect the people of their town. Led by Ryder, a tech-savvy 10-year-old boy, each of them is equipped with special equipment and together they help anyone who finds themselves in trouble. No task is too big for them and no puppy is too small.","['Animation', 'Kids']","['rescue mission', 'dog', 'rescue team', 'cartoon dog', 'cachorros', '3d animation', 'patrulla', 'paw']",['Majestie lewton ll'],['Keith Chapman'],,2013-08-12,6.988,816,101.3169,/8HXkgUBO5OF8ZK9XbY69RM4S5rv.jpg,/7OrV2aAH5Yp7hA9zCCvUloLvZtl.jpg,en,tv,14.0,561.0
194,NYPD Blue,"Police drama set in New York City, exploring the internal and external struggles of the fictional 15th precinct of Manhattan. Each episode typically intertwined several plots involving an ensemble cast.",['Drama'],"['new york city', 'corruption', 'blackmail', 'police', 'police detective', 'nypd', 'police procedural']","['Dennis Franz', 'Mark-Paul Gosselaar', 'Henry Simmons', 'Bill Brochtrup', 'Jacqueline Obradors', 'Currie Graham', 'Bonnie Somerville', 'Gordon Clapp']","['David Milch', 'Steven Bochco']",60.0,1993-09-21,7.045,178,62.7927,/hrdusQVSArJPRGnB5bHzd2ISP4V.jpg,/uGGmIOPc2QLNF4t3Ro46wRcYr3t.jpg,en,tv,12.0,261.0
65733,Doraemon,"Robotic cat Doraemon is sent back in time from the 22nd century to protect 10-year-old Noby, a lazy and uncoordinated boy who is destined to have a tragic future. Doraemon can create secret gadgets from a pocket on his stomach, but they usually cause more bad than good because of Noby's propensity to misuse them.","['Action & Adventure', 'Animation', 'Comedy', 'Sci-Fi & Fantasy', 'Kids', 'Family']","['gadget', 'time travel', 'remake', 'based on manga', 'anime', 'animal robot']","['Megumi Oohara', 'Wasabi Mizuta', 'Yumi Kakazu', 'Tomokazu Seki', 'Subaru Kimura', 'Chiaki', 'Kotono Mitsuishi', 'Yasunori Matsumoto', 'Shihoko Hagino', 'Wataru Takagi']",[],,2005-04-22,8.1,239,117.685,/9ZN1P32SHviL3SV51qLivxycvcx.jpg,/c2oiRa7V3bQzof4wVGzLXtWJ5QU.jpg,ja,tv,1.0,1464.0
2261,The Tonight Show Starring Johnny Carson,"The Tonight Show Starring Johnny Carson is a talk show hosted by Johnny Carson under The Tonight Show franchise from 1962 to 1992. It originally aired during late-night. For its first ten years, Carson's Tonight Show was based in New York City with occasional trips to Burbank, California; in May 1972, the show moved permanently to Burbank, California. In 2002, The Tonight Show Starring Johnny Carson was ranked #12 on TV Guide's 50 Greatest TV Shows of All Time.",['Talk'],"['talk show', 'late-night show']",['Johnny Carson'],"['Steve Allen', 'Sylvester Weaver']",60.0,1962-10-01,7.538,93,136.5129,/uSvET5YUvHNDIeoCpErrbSmasFb.jpg,/qFfWFwfaEHzDLWLuttWiYq7Poy2.jpg,en,tv,31.0,3756.0
6357,The Twilight Zone,"An anthology series containing drama, psychological thriller, fantasy, science fiction, suspense, and/or horror, often concluding with a macabre or unexpected twist.","['Sci-Fi & Fantasy', 'Mystery', 'Drama']","['time travel', 'computer', 'anthology', 'misfit', 'space', 'surrealism', 'alien', 'escape', 'social commentary', 'paranormal phenomena', 'robot', 'second chance', 'psychotronic', 'wishes come true', 'morality tale', 'humanoid alien', 'horror', 'narrator']",['Rod Serling'],['Rod Serling'],25.0,1959-10-02,8.502,1053,42.3242,/7uY4pCOxbEdv4M8jTE4uMPVoSIW.jpg,/zAgcM7zwWAVOIT9dMMzQx7e4vdX.jpg,en,tv,5.0,156.0
4313,Full House,"After the death of his wife, Danny enlists his best friend and his brother-in-law to help raise his three daughters, D.J., Stephanie, and Michelle.","['Comedy', 'Family']","['baby', 'friendship', 'friends', 'family', 'single father', 'sitcom', 'father daughter relationship']","['John Stamos', 'Bob Saget', 'Dave Coulier', 'Candace Cameron Bure', 'Jodie Sweetin', 'Lori Loughlin', 'Blake Tuomy-Wilhoit', 'Dylan Tuomy-Wilhoit', 'Andrea Barber', 'Mary-Kate Olsen']",['Jeff Franklin'],25.0,1987-09-22,7.539,1159,40.5372,/7g0EyKsIaYjYw3gCIBKMHHE0Kcu.jpg,/btUwsz9ttVBVyqtEyZvFBQFyJgv.jpg,en,tv,8.0,192.0
61662,Schitt's Creek,"Formerly filthy rich video store magnate Johnny Rose, his soap star wife Moira, and their two kids, über-hipster son David and socialite daughter Alexis, suddenly find themselves broke and forced to live in Schitt's Creek, a small depressing town they once bought as a joke.",['Comedy'],"['small town', 'motel', 'spoiled child', 'riches to rags', 'spoiled', 'loving', 'hometown friends', 'comforting']","['Eugene Levy', ""Catherine O'Hara"", 'Dan Levy', 'Annie Murphy', 'Emily Hampshire', 'Chris Elliott', 'Jennifer Robertson', 'Noah Reid']","['Eugene Levy', 'Dan Levy']",22.0,2015-01-13,7.781,729,44.1665,/iRfSzrPS5VYWQv7KVSEg2BZZL6C.jpg,/ftNmVV8LuNVmtB8mzoUTucozVKE.jpg,en,tv,6.0,79.0
71912,The Witcher,"Geralt of Rivia, a mutated monster-hunter for hire, journeys toward his destiny in a turbulent world where people often prove more wicked than beasts.","['Sci-Fi & Fantasy', 'Drama', 'Action & Adventure']","['based on novel or book', 'monster', 'mutant', 'magic', 'mutation', 'fantasy world', 'dark fantasy']","['Liam Hemsworth', 'Anya Chalotra', 'Freya Allan', 'Joey Batey', 'Eamon Farren', 'Mimî M. Khayisa', 'Anna Shaffer', 'Mahesh Jadu', ""Zhang Meng'er"", 'Danny Woodburn']",['Lauren Schmidt Hissrich'],,2019-12-20,7.899,6832,55.0703,/AoGsDM02UVt0npBA8OvpDcZbaMi.jpg,/foGkPxpw9h8zln81j63mix5B7m8.jpg,en,tv,4.0,32.0
71914,The Wheel of Time,"The lives of five young villagers change forever when a strange and powerful woman arrives, claiming one of them is the child of an ancient prophecy with the power to tip the balance between Light and Dark forever. They must choose whether to trust this stranger – and each other – with the fate of the world before the Dark One breaks out of His prison, and the Last Battle begins.","['Sci-Fi & Fantasy', 'Drama']","['based on novel or book', 'magic', 'reincarnation', 'quest', 'high fantasy', 'good versus evil', 'power']","['Rosamund Pike', 'Daniel Henney', 'Josha Stradowski', 'Zoë Robins', 'Madeleine Madden', 'Marcus Rutherford', 'Dónal Finn', 'Ceara Coveney', ""Natasha O'Keeffe"", 'Ayoola Smart']",['Rafe Judkins'],,2021-11-18,7.6,2466,38.9695,/ihBi24EIr5kwAeY2PqmsgAcCj4n.jpg,/1P3QtW1IkivqDrKbbwuR0zCYIf8.jpg,en,tv,3.0,24.0
2287,Batman,"Wealthy entrepreneur Bruce Wayne and his ward Dick Grayson lead a double life: they are actually crime fighting duo Batman and Robin. A secret Batpole in the Wayne mansion leads to the Batcave, where Police Commissioner Gordon often calls with the latest emergency threatening Gotham City. Racing to the scene of the crime in the Batmobile, Batman and Robin must (with the help of their trusty Bat-utility-belt) thwart the efforts of a variety of master criminals, including The Riddler, The Joker, Catwoman, and The Penguin.","['Sci-Fi & Fantasy', 'Comedy', 'Action & Adventure']","['superhero', 'based on comic', 'super power', 'campy', 'sidekick', 'eccentric millionaire', 'supervillain', 'dramatic', 'hilarious', 'cheerful', 'gadgets']","['Adam West', 'Burt Ward', 'Yvonne Craig', 'Neil Hamilton', 'Stafford Repp', 'Alan Napier', 'William Dozier']","['William Dozier', 'Lorenzo Semple Jr.']",25.0,1966-01-12,7.31,612,38.7931,/1ZEJuuDh0Zpi5ELM3Zev0GBhQ3R.jpg,/c4zV2ysi5Qlns4CPjRJj3hBGMSx.jpg,en,tv,3.0,120.0
2290,Stargate Atlantis,"With the Ancients' city of Atlantis discovered in the Pegasus Galaxy by Stargate Command, Dr. Elizabeth Weir and Major Sheppard lead a scientific expedition to the ancient abandoned city. Once there, the team not only find themselves unable to contact Earth, but their explorations unexpectedly reawaken the Ancients' deadly enemies, The Wraith, who hunger for this new prey. Now with the help of newfound local allies like Teyla Emmagan, the Atlantis Team sets about to uncover their new home's secrets even as their war of survival against the Wraith begins.","['Sci-Fi & Fantasy', 'Action & Adventure', 'Drama']","['technology', 'spacecraft', 'atlantis', 'future', 'space travel', 'galaxy', 'alien', 'alien planet', 'lost city', 'alien race', 'lost civilization', 'warrior race', 'distant  planet', 'commanding']","['Joe Flanigan', 'David Hewlett', 'Rachel Luttrell', 'Jewel Staite', 'Robert Picardo', 'Jason Momoa']","['Robert C. Cooper', 'Brad Wright']",45.0,2004-07-15,8.036,1206,45.5265,/l0JYr2iqwId6VOmCV8dHzlIM6Wd.jpg,/SLAPI1h9SWBMLTCO8ULvTGiP9G.jpg,en,tv,5.0,100.0
253,Star Trek,"Space. The Final Frontier. The U.S.S. Enterprise embarks on a five year mission to explore the galaxy. The Enterprise is under the command of Captain James T. Kirk with First Officer Mr. Spock, from the planet Vulcan. With a determined crew, the Enterprise encounters Klingons, Romulans, time paradoxes, tribbles and genetic supermen led by Khan Noonian Singh. Their mission is to explore strange new worlds, to seek new life and new civilizations, and to boldly go where no man has gone before.","['Sci-Fi & Fantasy', 'Drama']","['space travel', 'exploration', 'friendship', 'space', 'alien', 'romulans', 'trek', 'space opera', 'space adventure', 'distant  planet', 'imaginative', '23rd century', 'explore', 'suspenseful', 'exciting', 'adventure']","['William Shatner', 'Leonard Nimoy', 'DeForest Kelley', 'James Doohan', 'Walter Koenig', 'George Takei', 'Nichelle Nichols']",['Gene Roddenberry'],50.0,1966-09-08,8.0,1531,57.5515,/f2wbC7fxiOJqzTb6HPr4N6bsjLF.jpg,/ywK4VrR7vL56mDGXDLMtFypwqA8.jpg,en,tv,3.0,79.0
4349,Melrose Place,"Follow the lives of a group of young adults living in a brownstone apartment complex on Melrose Place, in Los Angeles, California.","['Drama', 'Soap']","['california', 'romance', 'neighbor', 'apartment complex', 'beverly hills']","['Thomas Calabro', 'Heather Locklear', 'Josie Bissett', 'Rob Estes', 'Kelly Rutherford', 'Jack Wagner', 'Jamie Luner']",['Darren Star'],,1992-07-08,5.829,184,47.8455,/kIc03DwT3DPd48lKlbpyPxx3O1S.jpg,/1SUer2UeRe4LFxil6LJo60KoQrX.jpg,en,tv,7.0,226.0
2304,Thomas & Friends,"Thomas & Friends is a British children's television series, which had its first broadcast on the ITV network on 4 September 1984. It is based on The Railway Series of books by the Reverend Wilbert Awdry and his son, Christopher Awdry. These books deal with the adventures of a group of anthropomorphised locomotives and road vehicles who live on the fictional Island of Sodor. The books were based on stories Wilbert told to entertain his son, Christopher during his recovery from measles. From Series one to four, many of the stories are based on events from Awdry's personal experience.","['Animation', 'Kids']","['locomotive', 'island', 'narration', 'anthropomorphism', 'train', 'railroad', 'steam locomotive', 'coal', 'amused', 'joyful']","['Keith Wickham', 'Teresa Gallagher', 'John Hasler', 'Nigel Pilkington', 'Yvonne Grundy', 'Rachael Louise Miller', 'Rob Rackstraw']","['Britt Allcroft', 'Rev. W. Awdry', 'Christopher Awdry']",5.0,1984-10-09,6.8,154,46.3462,/wrFb5dE2yxUjz3a5V7PEXPPzsFU.jpg,/wIe1HL7oMNwyltsqqx2sCPwNl4w.jpg,en,tv,24.0,584.0
4357,Mission: Impossible,"Mission: Impossible is an American television series that was created and initially produced by Bruce Geller. It chronicles the missions of a team of secret government agents known as the Impossible Missions Force. In the first season, the team is led by Dan Briggs, played by Steven Hill; Jim Phelps, played by Peter Graves, takes charge for the remaining seasons. A hallmark of the series shows Briggs or Phelps receiving his instructions on a recording that then self-destructs, followed by the theme music composed by Lalo Schifrin.

The series aired on the CBS network from September 1966 to March 1973, then returned to television for two seasons on ABC, from 1988 to 1990, retaining only Graves in the cast. It later inspired a popular series of theatrical motion pictures starring Tom Cruise, beginning in 1996.","['Action & Adventure', 'Crime', 'Drama']","['secret agent', 'disguises', 'foreign intrigue', 'teamwork', 'elaborate deception']","['Peter Graves', 'Greg Morris', 'Peter Lupus', 'Lynda Day George', 'Bob Johnson']",['Bruce Geller'],,1966-09-17,7.6,316,48.3347,/1PnUBKbDR1F2w5qicblLg1QGTif.jpg,/com4DoP6rNkf1fs5KiuLPCRVK6V.jpg,en,tv,7.0,171.0
30981,Monster,"Kenzou Tenma, a Japanese brain surgeon in Germany, finds his life in utter turmoil after getting involved with a psychopath that was once a former patient.","['Animation', 'Drama', 'Mystery', 'Crime']","['monster', 'orphanage', 'dilemma', 'hospital', 'doctor', 'orphan', 'based on manga', 'police detective', 'ethical dilemma', 'seinen', 'mysterious', 'anime', 'philosophical', 'picture book', 'complex', 'serious', 'suspense', 'witty', 'intense', 'ominous', 'optimistic']","['Hidenobu Kiuchi', 'Nozomu Sasaki', 'Mamiko Noto', 'Tsutomu Isobe']",[],24.0,2004-04-07,8.515,818,41.2672,/n5XNKXnoXpoXyfiCtXHOf8q8PFM.jpg,/6T19aRp9zLMghZo1dTEwoNyreNZ.jpg,ja,tv,1.0,74.0
30984,Bleach,"For as long as he can remember, Ichigo Kurosaki has been able to see ghosts. But when he meets Rukia, a Soul Reaper who battles evil spirits known as Hollows, he finds his life is changed forever. Now, with a newfound wealth of spiritual energy, Ichigo discovers his true calling: to protect the living and the dead from evil.","['Action & Adventure', 'Animation', 'Sci-Fi & Fantasy']","['martial arts', 'swordplay', 'katana', 'sword', 'training', 'friendship', 'supernatural', 'high school', 'based on manga', 'high school student', 'death', 'blade', 'fantasy world', 'shounen', 'anime', 'japanese high school', 'shinigami', 'parallel universe', 'supernatural ability', 'multiple realms', 'urban fantasy', 'exciting', 'adventure', 'adoring', 'hopeful', 'ghosts', 'teen fantasy']","['Masakazu Morita', 'Fumiko Orikasa', 'Hiroki Yasumoto', 'Yuki Matsuoka', 'Noriaki Sugiyama']",[],24.0,2004-10-05,8.4,2213,100.9905,/2EewmxXe72ogD0EaWM8gqa0ccIw.jpg,/o0NsbcIvsllg6CJX0FBFY8wWbsn.jpg,ja,tv,2.0,416.0
119051,Wednesday,"Smart, sarcastic and a little dead inside, Wednesday Addams investigates twisted mysteries while making new friends — and foes — at Nevermore Academy.","['Sci-Fi & Fantasy', 'Mystery', 'Comedy']","['witch', 'friendship', 'teenage girl', 'gothic', 'dark fantasy', 'goth girls', 'academy', 'intimate', 'adoring', 'gloomy', 'based on comic strip']","['Jenna Ortega', 'Steve Buscemi', 'Emma Myers', 'Hunter Doohan', 'Joy Sunday', 'Moosa Mostafa', 'Georgie Farmer', 'Isaac Ordonez', 'Owen Painter', 'Billie Piper']","['Miles Millar', 'Alfred Gough']",,2022-11-23,8.337,10728,60.8956,/9PFonBhy4cQy7Jz20NpMygczOkv.jpg,/iHSwvRVsRyxpX7FE7GbviaDvgGZ.jpg,en,tv,3.0,16.0
2316,The Office,"The everyday lives of office employees in the Scranton, Pennsylvania branch of the fictional Dunder Mifflin Paper Company.",['Comedy'],"['office', 'work', 'boss', 'remake', 'mockumentary', 'employer employee relationship', 'sitcom', 'employment', 'workplace comedy']","['Rainn Wilson', 'John Krasinski', 'Jenna Fischer', 'Ed Helms']",['Greg Daniels'],,2005-03-24,8.6,5373,121.2968,/7DJKHzAi83BmQrWLrYYOqcoKfhR.jpg,/mLyW3UTgi2lsMdtueYODcfAB9Ku.jpg,en,tv,9.0,186.0
269,One Tree Hill,"In Tree Hill, North Carolina two half brothers share a last name and nothing else. Brooding, blue-collar Lucas is a talented street-side basketball player, but his skills are appreciated only by his friends at the river court. Popular, affluent Nathan basks in the hero-worship of the town, as the star of his high school team. And both boys are the son of former college ball player Dan Scott whose long ago choice to abandon Lucas and his mother Karen, will haunt him long into his life with wife Deb and their son Nathan.",['Drama'],"['sibling relationship', 'high school', 'basketball', 'teenage romance', 'teen drama']","['James Lafferty', 'Bethany Joy Lenz', 'Sophia Bush', 'Austin Nichols', 'Robert Buckley', 'Shantel VanSanten', 'Jackson Brundage', 'Lee Norris', 'Lisa Goldstein Kirsch', 'Stephen Colletti']",['Mark Schwahn'],42.0,2003-09-23,7.818,614,89.4317,/sOrelBaAhp7DZbPTivDwKEyPslC.jpg,/gJOpHgHa37qnglH3dL9g63iztky.jpg,en,tv,9.0,186.0
39185,Vera,"A sharp detective with a messy life, DCI Vera Stanhope patrols her “patch” of northeast England, pursuing the truth in cases of murder, kidnapping, and blackmail. Vera is obsessive about her work and faces the world with caustic wit, guile and courage.","['Crime', 'Drama', 'Mystery']","['england', 'detective', 'kidnapping', 'northern england', 'police', 'murder', 'criminal', 'police detective', 'criminal investigation', 'forensic science', 'female detective', 'crime investigation', 'northumberland', 'hardboiled detective', 'police procedural', 'cosy crime']","['Brenda Blethyn', 'Jon Morrison', 'Riley Jones', 'Sarah Kameela Impey', 'Rhiannon Clements']",['Ann Cleeves'],,2011-05-01,7.394,174,39.0114,/yeYImRVVEX6LM2151oEkmNUKLVR.jpg,/6LQdA5QPX7tjxPxD3l6hufGA2Ko.jpg,en,tv,14.0,56.0
63764,Senora Acero,"The adventures of Vicenta Acero, the feared coyote who now leads the dynasty of illicit dealings once under the control of her father.","['Drama', 'Crime', 'Soap']","['telenovela', 'serie mexicana']","['Carolina Miranda', 'Oscar Priego', 'Michel Duval', 'Alberto Agnesi', 'Blanca Soto', 'Diego Soldano', 'Rodrigo Guirao Díaz', 'Ana Lucía Domínguez', 'Valentina Acosta', 'Jorge Zárate']",['Roberto Stopello'],43.0,2014-09-23,7.875,672,48.2171,/vXhBxsvpW2mGuXRbIK5Yazdp8Zg.jpg,/aZFIRQR0QxIjRMHy7lxSKiug9Z2.jpg,es,tv,5.0,395.0
4376,JAG,"Harmon ""Harm"" Rabb Jr. is a former pilot turned lawyer working for the military's JAG (Judge Advocate General) division, the elite legal wing of officers that prosecutes and defends those accused of military-related crimes. He works closely with Lt. Col. Sarah Mackenzie, and together they do what needs to be done to find the truth.","['Drama', 'Action & Adventure', 'Crime']","['navy', 'military court', 'u.s. navy', 'lawyer', 'military', 'court martial', 'criminal justice', 'legal drama', 'military law', 'casual', 'dramatic']","['David James Elliott', 'Catherine Bell', 'Patrick Labyorteaux']",['Donald P. Bellisario'],,1995-09-23,7.26,400,66.9256,/zPyHpkJZ5O08lbgrQQIROXtb3xz.jpg,/rxnschfLZf3ZPRiIa6oBBMtY7hF.jpg,en,tv,10.0,227.0
63770,The Late Show with Stephen Colbert,"Stephen Colbert brings his signature satire and comedy to The Late Show with Stephen Colbert, the #1 show in late night, where he talks with an eclectic mix of guests about what is new and relevant in the worlds of politics, entertainment, business, music, technology, and more. Featuring bandleader Jon Batiste with his band Stay Human, the Emmy Award-nominated show is broadcast from the historic Ed Sullivan Theater.","['Comedy', 'Talk']","['politcs', 'late-night show']",['Stephen Colbert'],[],,2015-09-08,6.084,359,149.9207,/9jkThAGYj2yp8jsS6Nriy5mzKFT.jpg,/gMMnf8VRg3Z98WaFmOLr9Jk8pIs.jpg,en,tv,11.0,1816.0
4384,Frontline,"Since it began in 1983, Frontline has been airing public-affairs documentaries that explore a wide scope of the complex human experience. Frontline's goal is to extend the impact of the documentary beyond its initial broadcast by serving as a catalyst for change.","['Documentary', 'News']",['investigative journalism'],['Will Lyman'],['David Fanning'],55.0,1983-01-17,6.6,57,50.913,/88Rqa5oOrlEI8z0ALmDgeNWthBm.jpg,/hhlsFMM62Tb6vhjctmEBeZMqViX.jpg,en,tv,45.0,854.0
4385,The Colbert Report,"The Colbert Report is an American satirical late night television program. It stars political humorist Stephen Colbert, a former correspondent for The Daily Show with Jon Stewart. The Colbert Report is a spin-off from and counterpart to The Daily Show that comments on politics and the media in a similar way. The show focuses on a fictional anchorman character named Stephen Colbert, played by his real-life namesake. The character, described by Colbert as a ""well-intentioned, poorly informed, high-status idiot"", is a caricature of televised political pundits.","['News', 'Comedy']","['talk show', 'political satire', 'celebrity interview']",['Stephen Colbert'],"['Stephen Colbert', 'Jon Stewart', 'Ben Karlin']",24.0,2005-10-17,6.931,303,64.6551,/pn2CVXjOlR8kY5MgOTJjZ71IM0Q.jpg,/Ajku4m7jbMpCTEPr794Imv19mCA.jpg,en,tv,11.0,1447.0
74016,The Resident,"A tough, brilliant senior resident guides an idealistic young doctor through his first day, pulling back the curtain on what really happens, both good and bad, in modern-day medicine.",['Drama'],"['hospital', 'doctor', 'medical drama', 'medical resident']","['Matt Czuchry', 'Manish Dayal', 'Malcolm-Jamal Warner', 'Jessica Lucas', 'Bruce Greenwood', 'Anuja Joshi', 'Jane Leeves', 'Andrew McCarthy', 'Kaley Ronayne']","['Roshan Sethi', 'Amy Holden Jones', 'Hayley Schore']",42.0,2018-01-21,8.372,1327,44.3462,/2IkYQJlT26yXef2iot7dhRtavSC.jpg,/9oVp0xfKW2igxDEo5wr3JTMQBub.jpg,en,tv,6.0,107.0
291,Coronation Street,"The residents of Coronation Street are ordinary, working-class people, and the show follows them through regular social and family interactions at home, in the workplace, and in their local pub, the Rovers Return Inn. Britain's longest-running soap.",['Soap'],"['northern england', 'community', 'british pub', 'manchester', 'soap opera']",[],['Tony Warren'],22.0,1960-12-09,5.3,117,97.4197,/5x1HXqYqPyYw7oc7Isu1lvVmwRP.jpg,/5APjn4LnV5wWk5DXq7ZewT6zzP1.jpg,en,tv,67.0,4735.0
4386,Baywatch,Join the Baywatch lifeguards on their thrilling adventures filled with beautiful beaches and those iconic red swimsuits.,"['Action & Adventure', 'Drama', 'Crime']","['sea', 'beach', 'los angeles, california', 'swimming', 'lifeguard', 'southern california', 'soap opera']","['Jason Momoa', 'Brande Roderick', 'Michael Bergin', 'Stacy Kamano', 'Jason Brooks', 'Krista Allen', 'Charlie Brumbly']","['Michael Berk', 'Douglas Schwartz', 'Gregory J. Bonann']",42.0,1989-04-23,5.965,554,39.7924,/34t8WxHn1OcIVpcTxmjYmjX9tE4.jpg,/yXuZVMnOEsIhx1vtu9kJGpzmjGN.jpg,en,tv,11.0,242.0
2345,Kim Possible,"If there's danger or trouble, Kim Possible is there on the double to save the world from villains... and still make it home in time for cheerleading practice! Luckily, Kim has her sidekick Ron Stoppable and his pet naked mole-rat Rufus by her side.","['Animation', 'Action & Adventure', 'Comedy', 'Kids']","['spy', 'crime fighter', 'cheerleader', 'villain', 'best friend', 'family', 'female spy', 'boy genius', 'super power', 'sidekick', 'school life', 'inspirational']","['Christy Carlson Romano', 'Will Friedle', 'Nancy Cartwright', 'Tahj Mowry']","['Mark McCorkle', 'Bob Schooley']",22.0,2002-06-07,7.5,574,41.482,/qsDNX8DPwWydDn9oUIhe1WcTuUH.jpg,/olYeeEi5aa197P0s8ETXyriP9Ih.jpg,en,tv,4.0,86.0
2352,The Nanny,"That flashy girl from Flushing with the heart of an angel (and the voice of a slighty more nasal angel). The comic misadventures of the sweet and sassy Fran Fine, her sophisticated employer, Broadway producer Mr. Sheffield, his boisterous brood and his wisecracking staff.","['Comedy', 'Family']","['new york city', 'babysitter', 'family relationships', 'female protagonist', 'employer employee relationship', 'sitcom', 'domestic worker']","['Fran Drescher', 'Charles Shaughnessy', 'Daniel Davis', 'Lauren Lane', 'Nicholle Tom', 'Benjamin Salisbury', 'Madeline Zima', 'Renée Taylor']","['Fran Drescher', 'Peter Marc Jacobson']",24.0,1993-11-03,8.065,1320,54.1245,/4syShXMjaPAP3mG81ekhruv94sd.jpg,/hCUOckGQ4WnYRoCPFSTdxxErnr7.jpg,en,tv,6.0,144.0
10545,True Blood,"Thanks to a Japanese scientist's invention of synthetic blood, vampires have progressed overnight from legendary monsters to fellow citizens. And while humans have been safely removed from the menu, many remain apprehensive about these creatures ""coming out of the coffin."" Religious leaders, government officials, and vampire fundamentalists around the world have chosen their sides.  But in the small Louisiana town of Bon Temps, the jury is still out.","['Sci-Fi & Fantasy', 'Drama', 'Mystery']","['based on novel or book', 'small town', 'fairy', 'vampire', 'louisiana', 'romance', 'dark comedy', 'undead', 'werewolf', 'ghost', 'dark fantasy', 'erotic thriller', 'interspecies romance', 'steamy']","['Anna Paquin', 'Stephen Moyer', 'Alexander Skarsgård', 'Sam Trammell', 'Ryan Kwanten', 'Nelsan Ellis', 'Carrie Preston', 'Rutina Wesley', 'Adina Porter', 'Chris Bauer']",['Alan Ball'],60.0,2008-09-07,7.617,2109,46.4542,/ktEp6fzL4xzCWsSVtrcH8JaQNQy.jpg,/nGhC6P0lgcrY57NRB9nweu4nWaK.jpg,en,tv,7.0,80.0
2354,Home and Away,"Home and Away is set in the fictional town of Summer Bay, a coastal town in New South Wales, and follows the personal and professional lives of the people living in the area. The show initially focused on the Fletcher family, Pippa and Tom Fletcher and their five foster children Frank Morgan, Carly Morris, Steven Matheson, Lynn Davenport and Sally Keating, who would go on to become one of the show's longest-running characters. The show also originally and currently focuses on the Stewart family. Home and Away had proved popular when it premiered in 1988 and had risen to become a hit in Australia, and after only a few weeks, the show tackled its first major and disturbing storyline, the rape of Carly Morris; it was one of the first shows to feature such storylines during the early timeslot. H&A has tackled many adult-themed and controversial storylines; something rarely found in its restricted timeslot.","['Drama', 'Soap']","['beach', 'seaside town', 'new south wales', 'soap', 'drama']","['Ray Meagher', 'Ada Nicodemou', 'Emily Symons', 'Shane Withington', 'James Stewart', 'Ethan Browne', 'Nicholas Cartwright', 'Adam Rowland', 'Stephanie Panozzo', 'Emily Weir']",['Alan Bateman'],22.0,1988-01-18,6.4,78,70.7427,/vn0eKMiG69bhQtxb7qLRo8SSqu5.jpg,/AoKpDxiDcJxcchgSaUvOBpVJHVQ.jpg,en,tv,39.0,8772.0
14658,Survivor,"A reality show contest where sixteen or more castaways split between two or more “Tribes” are taken to a remote isolated location and are forced to live off the land with meager supplies for roughly 39 days. Frequent physical challenges are used to pit the tribes against each other for rewards, such as food or luxuries, or for “Immunity”, forcing the other tribe to attend “Tribal Council”, where they must vote off one of their players.",['Reality'],"['competition', 'fire', 'island', 'puzzle', 'tribe', 'survival', 'marooned', 'voting', 'strategy', 'torch', 'sole survivor', 'somber', 'social awareness', 'survival competition', 'lone survivor', 'reality competition', 'survival skills', 'alliance', 'depressing', 'disgusted', 'social dynamics', 'physical competition']",['Jeff Probst'],"['Charlie Parsons', 'Mark Burnett']",,2000-05-31,7.3,439,65.9853,/1usR1nanbDvnc0LJlWd5TOylT9M.jpg,/4WdtTK5SbeXsYeloXHI2WTpgvdE.jpg,en,tv,51.0,732.0
4419,Real Time with Bill Maher,"Each week Bill Maher surrounds himself with a panel of guests which include politicians, actors, comedians, musicians and the like to discuss what's going on in the world.","['Comedy', 'Talk']","['talk show', 'politics', 'usa politics', 'celebrity interview']",['Bill Maher'],[],,2003-02-21,6.1,244,72.6252,/pbpoLLp4kvnYVfnEGiEhagpJuVZ.jpg,/njEGYHyq58q94ZPJlSGs6bGrepv.jpg,en,tv,24.0,740.0
6467,Chicago Hope,"Chicago Hope is an American medical drama television series, created by David E. Kelley. It ran on CBS from September 18, 1994, to May 4, 2000. The series is set in a fictional private charity hospital in Chicago, Illinois.","['Soap', 'Drama']","['chicago, illinois', 'medicine', 'hospital', 'doctor', 'medical drama']","['Adam Arkin', 'Mark Harmon', 'Héctor Elizondo', 'Rocky Carroll', 'Lauren Holly', 'Barbara Hershey', 'Mandy Patinkin', 'Carla Gugino']",['David E. Kelley'],60.0,1994-09-18,7.2,81,52.6793,/x8ic33t4NurJul1oXmvKwKtWH28.jpg,/7Mc3flEYVk5u0kZyBHeKMAbmNCM.jpg,en,tv,6.0,141.0
8514,RuPaul's Drag Race,"Join RuPaul, the world's most famous drag queen, as the host, mentor and judge for the ultimate in drag queen competitions. The top drag queens in the U.S. will vie for drag stardom as RuPaul, in full glamazon drag, will reign supreme in all judging and eliminations while helping guide the contestants as they prepare for each challenge.",['Reality'],"['competition', 'drag queen', 'clothing', 'cross dressing', 'fashion', 'lgbt', 'impersonation', 'burlesque', 'fashion show', 'drag', 'reality competition', 'ballroom culture', 'drag queen competition', 'lip syncing']","['RuPaul', 'Michelle Visage']","['RuPaul', 'Fenton Bailey', 'Randy Barbato']",,2009-02-02,7.5,286,57.1009,/ySs9xkTfPgQCUNB2ctOzcMWP14n.jpg,/jNV9cnBRukyzUdBb1kw1UXY2l9R.jpg,en,tv,18.0,255.0
2370,Hell's Kitchen,Aspiring restaurateurs brave Ramsay and his fiery command of the kitchen as he puts the competitors through an intense culinary academy to prove they possess the right combination of ingredients to win a life-changing grand prize.,['Reality'],"['cooking', 'food', 'chef', 'cooking competition', 'celebrity chef', 'professional chefs']",['Gordon Ramsay'],[],44.0,2005-05-30,6.823,333,51.204,/shOVFku8daIGRpgjTdMZBxUAvsV.jpg,/kitfuCa2TqX6oY5HvdFRjMMaLwc.jpg,en,tv,25.0,379.0
96580,Resident Alien,"Crash-landed alien Harry takes on the identity of a small-town Colorado doctor. Arriving with a secret mission, he starts off living a simple life…but things get a bit rocky when he’s roped into solving a local murder and realizes he needs to assimilate into his new world. As he does, he begins to wrestle with the moral dilemma of his mission and asking the big life questions like: “Are human beings worth saving?” and “Why do they fold their pizza before eating it?”",['Sci-Fi & Fantasy'],"['based on comic', 'alien', 'family relationships', 'fish out of water', 'armageddon', 'cynical', 'psychotic', 'taunting', 'alien friendship', 'moral dilemma', 'imaginative', 'ufo crash', 'alien spaceship', 'playful', 'science fiction', 'colorado rockies', 'small town america', 'witty', 'hilarious', 'amused', 'disrespectful', 'excited', 'mocking']","['Alan Tudyk', 'Sara Tomko', 'Corey Reynolds', 'Alice Wetterlund', 'Levi Fiehler', 'Elizabeth Bowen', 'Meredith Garretson', 'Judah Prehn']",['Chris Sheridan'],,2021-01-27,7.789,1026,41.8735,/5van3ktOTqWr5lcixh5aR8NlqqW.jpg,/aCbOj4wc6vQUUVNKppssj2PYUy0.jpg,en,tv,4.0,44.0
223564,"The 100 Girlfriends Who Really, Really, Really, Really, REALLY Love You","Rentaro Aijo was rejected 100 times in middle school. He visits a shrine and prays for better luck in high school. The God of Love appears and promises that he'll soon meet 100 people he's destined to date. But there's a catch—once destiny introduces someone to him, the two must happily love each other. If they don't, they'll die. What will befall Rentaro and his 100 girlfriends in high school?","['Animation', 'Comedy']","['high school', 'polygamy', 'harem', 'god', 'romcom', 'romance', 'school', 'breaking the fourth wall', 'based on manga', 'drugs', 'school life', 'seinen', 'ecchi', 'anime', 'absurdist', 'japanese high school', 'love comedy']","['Wataru Katoh', 'Kaede Hondo', 'Miyu Tomita', 'Maria Naganawa', 'Asami Seto', 'Ayaka Asai', 'Shigeru Chiba']",[],23.0,2023-10-08,8.261,211,48.864,/kBiPU7I7TEJdDXu8tHgVrgL5zAU.jpg,/shXdGFZIEaSmiOkVW2BeEaPihuA.jpg,ja,tv,1.0,31.0
2384,Knight Rider,"Michael Long, an undercover police officer, is shot while investigating a case and left for dead by his assailants. He is rescued by Wilton Knight, a wealthy, dying millionaire and inventor who arranges life-saving surgery, including a new face and a new identity--that of Michael Knight. Michael is then given a special computerized and indestructible car called the Knight Industries Two Thousand (nicknamed KITT), and a mission: apprehend criminals who are beyond the reach of the law. The series depicts Michael's exploits as he and KITT battle the forces of evil on behalf of the Foundation for Law and Government.","['Action & Adventure', 'Sci-Fi & Fantasy', 'Crime']","['vigilante', 'ex-cop', 'witty', 'whimsical']","['David Hasselhoff', 'Edward Mulhare', 'William Daniels', 'Patricia McPherson', 'Peter Parros']",['Glen A. Larson'],48.0,1982-09-26,7.539,1448,41.6667,/t57NXzTrwp5rnPXiaX4BThrDxt1.jpg,/lW07RQWXBXww1wsErDtcWzobFDz.jpg,en,tv,4.0,84.0
211288,Tracker,"Lone-wolf survivalist Colter Shaw roams the country as a “reward seeker,” using his expert tracking skills to help private citizens and law enforcement solve all manner of mysteries while contending with his own fractured family.","['Drama', 'Crime']","['based on novel or book', 'lone wolf', 'tracker', 'survivalist', 'inspirational', 'suspenseful', 'admiring', 'excited', 'hopeful']","['Justin Hartley', 'Fiona Rene']",['Ben H. Winters'],,2024-02-11,7.586,308,67.2593,/otula4h1ITZ0eV84eg7Lb8u614C.jpg,/5C5cMYUlmX6BU5YxBqhp7ZpSd3Q.jpg,en,tv,4.0,56.0
199001,My Life with the Walter Boys,"When a tragedy disrupts her life, a teen moves in with her guardian's big family in a small town and learns new lessons about love, hope and friendship.",['Drama'],"['romance', 'based on young adult novel']","['Nikki Rodriguez', 'Noah LaLonde', 'Ashby Gentry', 'Johnny Link', 'Corey Fogelmanis', 'Connor Stanhope', 'Sarah Rafferty', 'Marc Blucas']",['Melanie Halsall'],,2023-12-07,7.797,404,97.3939,/s2rHXmMk3TPLrRZE46YH9Ml97p8.jpg,/5WUsnqUm7xbY3oSwumSLfjyyax.jpg,en,tv,3.0,30.0
39269,Scandal,"Everyone has secrets and Olivia Pope has dedicated her life to protecting and defending the public images of the elite by keeping those secrets under wraps. Pope and her team are at the top of their game when it comes to getting the job done for their clients, but it becomes apparent that these ""gladiators in suits,"" who specialize in fixing the lives of other people, have trouble fixing those closest at hand -- their own.",['Drama'],"['washington dc, usa', 'the white house', 'politics', 'fixer']","['Kerry Washington', 'Darby Stanchfield', 'Katie Lowes', 'Guillermo Díaz', 'Jeff Perry', 'Tony Goldwyn', 'Joshua Malina', 'Bellamy Young', 'George Newbern', 'Scott Foley']",['Shonda Rhimes'],,2012-04-05,7.198,614,55.1671,/4XmF8PMSqtHCGNoL15oHbjr5ZuO.jpg,/hpvw89Vq6rYx1bzrE3zdnWBGLfS.jpg,en,tv,7.0,124.0
39272,Once Upon a Time,"There is a town in Maine where every story book character you've ever known is trapped between two worlds, victims of a powerful curse. Only one knows the truth and only one can break the spell.","['Drama', 'Sci-Fi & Fantasy']","['magic', 'fairy tale', 'fantasy world', 'based on fairy tale', 'storybook', 'false memory']","['Lana Parrilla', ""Colin O'Donoghue"", 'Robert Carlyle', 'Gabrielle Anwar', 'Dania Ramirez', 'Mekia Cox', 'Andrew J. West', 'Alison Fernández']","['Edward Kitsis', 'Adam Horowitz']",43.0,2011-10-23,7.401,2514,59.596,/u95scYysMZvBoekSLmMNJjeqXcY.jpg,/nSJvwZziYaGMbftSDQqQ5GIb47a.jpg,en,tv,7.0,156.0
57706,Ranma ½,"Ranma Saotome, a teenage martial artist, and his father Genma travel to the 'cursed training ground' of Jusenkyo in China. There, despite the warnings of the Chinese guard, they fall into the cursed springs. From now on, whenever Ranma is doused in cold water, he turns into a girl and a cute, well-built redhead at that. Hot water changes him back into a man again, but only until the next time. To make matters worse, his father engages him to Akane Tendo, a girl who hates boys.","['Comedy', 'Action & Adventure', 'Animation', 'Sci-Fi & Fantasy']","['harem', 'romcom', 'romance', 'mixed martial arts (mma)', 'curse', 'based on manga', 'turns into animal', 'shounen', 'anime', 'absurdist', 'gender swap', 'love polygon', 'cheerful', 'joyful']","['Kappei Yamaguchi', 'Megumi Hayashibara']",[],25.0,1989-04-15,8.621,1535,49.4303,/qb1R5iLZcjIgdDIfXFQXmJadQPI.jpg,/dI2O0d5Dkk8tpuTvCkUKQw3LNMv.jpg,ja,tv,1.0,161.0
78191,You,"A dangerously charming, obsessive man goes to extreme measures to insert himself into the lives of women who fascinate him.","['Mystery', 'Crime', 'Drama']","['new york city', 'based on novel or book', 'jealousy', 'infidelity', 'cheating', 'obsession', 'female friendship', 'addiction', 'stalker', 'love', 'murder', 'serial killer', 'literary agent', 'psychological thriller', 'writer', 'relationship', 'fatal attraction', 'obsessive love', 'social media', 'voyeur', 'mind game', 'dark romance', 'dark', 'psychological', 'childhood memory', 'essay', 'thriller', 'bookstore']","['Penn Badgley', 'Charlotte Ritchie', 'Griffin Matthews', 'Anna Camp', 'Madeline Brewer']","['Greg Berlanti', 'Sera Gamble']",,2018-09-09,8.005,4032,58.9824,/oANi0vEE92nuijiZQgPZ88FSxqQ.jpg,/gzOIymABxmetAECXtazEYCpMmfb.jpg,en,tv,5.0,50.0
61818,Late Night with Seth Meyers,"Seth Meyers, who is ""Saturday Night Live's"" longest serving anchor on the show's wildly popular ""Weekend Update,"" takes over as host of NBC's ""Late Night"" — home to A-list celebrity guests, memorable comedy and the best in musical talent. As the Emmy Award-winning head writer for ""SNL,"" Meyers has established a reputation for sharp wit and perfectly timed comedy, and has gained fame for his spot-on jokes and satire. Meyers takes his departure from ""SNL"" to his new post at ""Late Night,"" as Jimmy Fallon moves to ""The Tonight Show"".","['Talk', 'Comedy']","['talk show', 'satire', 'late-night show', 'irreverent', 'informative']",['Seth Meyers'],[],,2014-02-25,5.083,131,136.1359,/u8VruEGv7mtyJihVn2CSA1u90pk.jpg,/dfX2UaHVE5c7kLBFbgmEZJuy4Ev.jpg,en,tv,14.0,1828.0
4482,Bewitched,"Samantha Stephens is a seemingly normal suburban housewife who also happens to be a genuine witch, with all the requisite magical powers. Her husband Darrin insists that Samantha keep her witchcraft under wraps, but situations invariably require her to indulge her powers while keeping her bothersome mother Endora at bay.","['Sci-Fi & Fantasy', 'Comedy', 'Family', 'Drama']","['witch', 'magic', 'housewife', 'time travel', 'telekinesis', 'slapstick comedy', 'romance', 'surrealism', 'family relationships', 'witchcraft', 'sitcom', 'casting spells', 'magic spell', 'playful', 'book of spells', 'hilarious', 'cheerful', 'witches', 'spells']","['Elizabeth Montgomery', 'Dick Sargent', 'Agnes Moorehead', 'David White']",['Sol Saks'],25.0,1964-09-17,7.855,751,43.5281,/7UZVO1SclbgVWM2ELrwWGaS7i94.jpg,/rFJUwDiZeSDWUR04nb3w62RqXK9.jpg,en,tv,8.0,254.0
100757,Outer Banks,"A tight-knit group of teens unearths a long-buried secret, setting off a chain of illicit events that takes them on an adventure they'll never forget.","['Action & Adventure', 'Mystery']","['diving', 'surfing', 'north carolina', 'treasure hunt', 'on the run', 'boat chase', 'illegal drugs', 'outer banks', 'teenager', 'exciting', 'adventure']","['Chase Stokes', 'Madelyn Cline', 'Madison Bailey', 'Jonathan Daviss', 'Carlacia Grant', 'Drew Starkey', 'J Anthony Crane', 'Cullen Moss']","['Shannon Burke', 'Jonas Pate', 'Josh Pate']",54.0,2020-04-15,8.3,1219,39.1438,/ovDgO2LPfwdVRfvScAqo9aMiIW.jpg,/onmoNgDVqDJO75eQ93FFyflbJLl.jpg,en,tv,5.0,50.0
65942,Re:ZERO -Starting Life in Another World-,"Natsuki Subaru, an ordinary high school  student, is on his way home from the convenience store when he finds  himself transported to another world. As he's lost and confused in a new  world where he doesn't even know left from right, the only person to  reach out to him was a beautiful girl with silver hair. Determined to  repay her somehow for saving him from his own despair, Subaru agrees to  help the girl find something she's looking for.","['Animation', 'Drama', 'Mystery', 'Action & Adventure', 'Sci-Fi & Fantasy']","['magic', 'trauma', 'time travel', 'reincarnation', 'supernatural', 'gore', 'tragedy', 'time loop', 'fate', 'parallel world', 'death', 'mutilation', 'medieval', 'angst', 'loop', 'anime', 'bishoujo', 'butterfly effect', 'isekai', 'parallel universe', 'based on light novel']","['Yusuke Kobayashi', 'Rie Takahashi', 'Yumi Uchiyama', 'Rie Murakawa', 'Inori Minase', 'Satomi Arai']",[],25.0,2016-04-04,8.0,739,91.7863,/oHqYrPAsIiTD5m4DuxumV4er8BU.jpg,/7ZruEnSnHD6Jx5mF0hBt1E306Vt.jpg,ja,tv,1.0,85.0
2455,Coach,"Hayden Fox, the curmudgeonly coach of Minnesota State University's Screaming Eagles football team, tries to navigate his way through the sports world, fatherhood and family life without dropping the ball.",['Comedy'],['sitcom'],"['Craig T. Nelson', 'Jerry Van Dyke', 'Shelley Fabares', 'Bill Fagerbakke']",['Barry Kemp'],24.0,1989-02-28,6.651,63,39.0251,/jxfsNMQxlgsoUoLOTF4CB6s5gxO.jpg,/k4pL7iYZh6piaEAEDKppMH0i44W.jpg,en,tv,9.0,200.0
31132,Regular Show,The surreal misadventures of two best friends - a blue jay and a raccoon - as they seek to liven up their mundane jobs as groundskeepers at the local park.,"['Animation', 'Comedy', 'Action & Adventure', 'Sci-Fi & Fantasy']","['time travel', 'racoon', 'slacker', 'anthropomorphism', 'park', 'high school friends']","['J.G. Quintel', 'William Salyers', 'Mark Hamill', 'Sam Marin', 'Minty Lewis', 'Matthew Mercer', 'Vanessa Marshall']",['J.G. Quintel'],11.0,2010-09-06,8.6,2291,107.5314,/mS5SLxMYcKfUxA0utBSR5MOAWWr.jpg,/bhF63Jd90gRYyTHd4y5GCGA2vX6.jpg,en,tv,8.0,245.0
2473,The Avengers,"A quirky spy show of the adventures of eccentrically suave British Agent John Steed and his predominantly female partners. Jonathan Steed - an urbane, proper gentleman spy - teams with various assistants throughout the series' run, including Dr. David Keel, Cathy Gale, Emma Peel and Tara King, to repeatedly save the world from diabolical schemes plotted by equally diabolical evil-doers (among them robots and man-eating monsters).","['Action & Adventure', 'Crime', 'Sci-Fi & Fantasy']","['spy', 'great britain', 'secret mission', 'secret agent', 'mi6', 'british spy', 'mi5']","['Patrick Macnee', 'Linda Thorson']",['Sydney Newman'],50.0,1961-01-07,7.77,152,46.7149,/7D2DosFWqmNc0vfZJPqwY5uIvsR.jpg,/AqZ48TMJRPCpbuy09S0RXFAhvFa.jpg,en,tv,6.0,161.0
39340,2 Broke Girls,"Comedy about the unlikely friendship that develops between two very different young women who meet waitressing at a diner in trendy Williamsburg, Brooklyn, and form a bond over one day owning their own successful cupcake business. Only one thing stands in their way – they’re broke.",['Comedy'],"['new york city', 'restaurant', 'female friendship', 'diner', 'brooklyn, new york city', 'sitcom', 'workplace comedy', 'riches to rags', 'rich vs poor', 'working life', 'witty']","['Kat Dennings', 'Beth Behrs', 'Garrett Morris', 'Jonathan Kite', 'Matthew Moy', 'Jennifer Coolidge']","['Whitney Cummings', 'Michael Patrick King']",25.0,2011-09-19,7.204,1761,52.4769,/wW1SDEoZ6pDfnSkVQuXwOo8ICep.jpg,/u04AvxFIDgL9JSd9xoVNK3BoBEd.jpg,en,tv,6.0,137.0
108978,Reacher,"Jack Reacher, a veteran military police investigator, has just recently entered civilian life. Reacher is a drifter, carrying no phone and the barest of essentials as he travels the country and explores the nation he once served.","['Action & Adventure', 'Drama', 'Crime']","['assassin', 'based on novel or book', 'gun', 'police', 'newfoundland and labrador', 'conspiracy', 'agent', 'reboot', 'brisk', 'cliché']","['Alan Ritchson', 'Agnez Mo', 'Sydelle Noel', 'Anggun', 'Christopher Rodriguez Marquette', 'Kevin Corrigan']",['Nick Santora'],,2022-02-03,8.1,3022,323.2214,/f1VCQIG2iCyOookdgOzwtUpwWC0.jpg,/pF0qkRsrHkdYadPWY9AMeFZfcwk.jpg,en,tv,4.0,32.0
39351,Grimm,"After Portland homicide detective Nick Burkhardt discovers he's descended from an elite line of criminal profilers known as ""Grimms,"" he increasingly finds his responsibilities as a detective at odds with his new responsibilities as a Grimm.","['Drama', 'Mystery', 'Sci-Fi & Fantasy']","['detective', 'fairy tale', 'police', 'supernatural', 'creature', 'police detective', 'homicide detective', 'neo-noir', 'fighting supernatural']","['David Giuntoli', 'Silas Weir Mitchell', 'Russell Hornsby', 'Sasha Roiz', 'Reggie Lee', 'Bree Turner', 'Claire Coffee', 'Elizabeth Tulloch']","['David Greenwalt', 'Jim Kouf', 'Stephen Carpenter']",45.0,2011-10-28,8.3,3602,66.5414,/iOptnt1QHi6bIHmOq6adnZTV0bU.jpg,/oS3nip9GGsx5A7vWp8A1cazqJlF.jpg,en,tv,6.0,122.0
61889,Marvel's Daredevil,Lawyer-by-day Matt Murdock uses his heightened senses from being blinded as a young boy to fight crime at night on the streets of Hell’s Kitchen as Daredevil.,"['Crime', 'Drama', 'Action & Adventure']","['new york city', 'corruption', 'secret identity', 'secret organization', 'vigilante', 'superhero', 'based on comic', 'lawyer', 'blind', 'marvel cinematic universe (mcu)']","['Charlie Cox', 'Deborah Ann Woll', 'Elden Henson', ""Vincent D'Onofrio"", 'Jay Ali', 'Wilson Bethel']",['Drew Goddard'],,2015-04-10,8.172,5302,52.8392,/QWbPaDxiB6LW2LjASknzYBvjMj.jpg,/pPALpad1Fh14g7ejyQjqKzlhrBw.jpg,en,tv,3.0,39.0
4546,Curb Your Enthusiasm,"The off-kilter, unscripted comic vision of Larry David, who plays himself in a parallel universe in which he can't seem to do anything right, and, by his standards, neither can anyone else.",['Comedy'],"['screenwriter', 'writing', 'idiot', 'celebrity', 'observational comedy', 'jewish american', 'los angeles, california', 'writer', 'improvisation', 'obnoxious', 'hollywood agent', 'annoying', 'eccentric man', 'antisocial behavior', 'complaint', 'social norms', 'irrational behavior', 'insecure man', 'arguing couple', 'older man', 'self-centered', 'hollywood madness', 'comedy writing', 'obsessive behavior', 'jewish humor', 'bald man', 'confrontational', 'comic misunderstandings', 'jewish man']","['Larry David', 'Jeff Garlin', 'Susie Essman', 'Cheryl Hines', 'JB Smoove']",['Larry David'],,2000-10-15,8.0,955,64.2664,/pjRRB1NCFJzCb0euvpia4rKDov1.jpg,/u98PeujOJCXCowph9mxRzo9Nw1s.jpg,en,tv,12.0,120.0
250307,The Pitt,The staff of Pittsburgh's Trauma Medical Center work around the clock to save lives in an overcrowded and underfunded emergency department.,['Drama'],"['hospital', 'real time', 'pittsburgh, pennsylvania', 'medical drama', 'medical procedural', 'drama', 'complicated', 'informative']","['Noah Wyle', 'Patrick Ball', 'Katherine LaNasa', 'Supriya Ganesh', 'Fiona Dourif', 'Taylor Dearden', 'Isa Briones', 'Gerran Howell', 'Shabana Azeez', 'Sepideh Moafi']",['R. Scott Gemmill'],,2025-01-09,8.728,895,87.6242,/kvFSpESyBZMjaeOJDx7RS3P1jey.jpg,/z3BkMbCy5ajZPMyKEUwsPHuz2cV.jpg,en,tv,3.0,30.0
22980,Watch What Happens Live with Andy Cohen,Bravo network executive Andy Cohen discusses pop culture topics with celebrities and reality show personalities.,"['Talk', 'Comedy']","['pop culture', 'talk show', 'live']",['Andy Cohen'],['Andy Cohen'],,2009-07-16,5.0,87,260.9427,/onSD9UXfJwrMXWhq7UY7hGF2S1h.jpg,/hINekSpbcBxjnjGqmIm6I4bz2ab.jpg,en,tv,24.0,3179.0
4551,America's Got Talent,"A weekly talent competition where an array of performers – from singers and dancers, to comedians and novelty acts – vie for a $1 million cash prize.",['Reality'],"['competition', 'talent show', 'reality competition', 'competitive']","['Simon Cowell', 'Howie Mandel', 'Sofía Vergara', 'Mel B', 'Terry Crews']",['Ken Warwick'],85.0,2006-06-21,5.7,273,50.2792,/y9Lee4CQ7mAD8B5PAExU6D4oEp5.jpg,/2E755aAQIavM2loSDuClbZmM1Pt.jpg,en,tv,21.0,504.0
456,The Simpsons,"Set in Springfield, the average American town, the show focuses on the antics and everyday adventures of the Simpson family; Homer, Marge, Bart, Lisa and Maggie, as well as a virtual cast of thousands. Since the beginning, the series has been a pop culture icon, attracting hundreds of celebrities to guest star. The show has also made name for itself in its fearless satirical take on politics, media and American life in general.","['Animation', 'Comedy']","['nuclear power plant', 'middle class', 'cartoon', 'satire', 'parody', 'dysfunctional family', 'school', 'adult humor', 'social satire', 'family', 'adult animation', 'sitcom', 'kids', 'farce', 'appreciative', 'joyful']","['Dan Castellaneta', 'Julie Kavner', 'Nancy Cartwright', 'Yeardley Smith', 'Hank Azaria', 'Harry Shearer']",['Matt Groening'],,1989-12-17,8.022,10929,220.1254,/uWpG7GqfKGQqX4YMAo3nv5OrglV.jpg,/jIArNHIekrCSVgdMbKPAXpPY03Y.jpg,en,tv,38.0,802.0
94664,Mushoku Tensei: Jobless Reincarnation,"When a 34-year-old underachiever gets run over by a truck, his story doesn't end there. Reincarnated in a new world as an infant, Rudy will seize every opportunity to live the life he's always wanted. Armed with new friends, some freshly acquired magical abilities, and the courage to do the things he's always dreamed of, he's embarking on an epic adventure—with all of his past experience intact!","['Action & Adventure', 'Animation', 'Sci-Fi & Fantasy']","['magic', 'teleportation', 'reincarnation', 'polygamy', 'harem', 'romance', 'displacement', 'second chance', 'fantasy world', 'seinen', 'ecchi', 'anime', 'high fantasy', 'search for mother', 'neet', 'life challenges', 'other world', 'sword and sorcery', 'isekai', 'otaku', 'erotic', 'fantasy', 'based on light novel', 'adventure']","['Yumi Uchiyama', 'Tomokazu Sugita', 'Ai Kakuma', 'Ai Kayano', 'Konomi Kohara']",[],24.0,2021-01-11,8.5,1647,134.8311,/gLKOYIMyKlUHW0SVdskhgf9C0yy.jpg,/j9fRIimor0AMFJR9kjZubXcABzZ.jpg,ja,tv,3.0,61.0
4556,Scrubs,"In the unreal world of Sacred Heart Hospital, John ""J.D."" Dorian learns the ways of medicine, friendship and life.",['Comedy'],"['friendship', 'hospital', 'doctor', 'medical student', 'mental hospital', 'sitcom', 'dramedy', 'medical drama', 'workplace comedy']","['Zach Braff', 'Donald Faison', 'John C. McGinley', 'Eliza Coupe', 'Kerry Bishé', 'Michael Mosley', 'Dave Franco']",['Bill Lawrence'],,2001-10-02,8.089,190,48.3005,/w7ri7byEYLdciSZOwWHj6TUAX7j.jpg,/rRKTV46DKVP8AfdCQDyQMAtJeCl.jpg,en,tv,9.0,181.0
33238,Running Man,"These days, as variety shows are gradually disappearing, this is one of Korea’s representative variety shows that has been responsible for Sunday evenings for over 10 years. This program features numerous stars and members going around various places, playing games, and completing missions. In particular, among the many fun elements of variety shows, this one focuses solely on laughter.

Open your eyes! Big fun is coming in!

Open your mouth! Big laughter is coming in!

Open your heart! Useful lessons are coming in!","['Comedy', 'Reality']","['comedian', 'mission', 'game', 'race', 'variety show']","['Yoo Jae-suk', 'Jee Seok-jin', 'Kim Jong-kook', 'Haha', 'Song Ji-hyo', 'Yang Se-chan', 'Ji Ye-eun', 'Jeon So-min', 'Lee Kwang-soo', 'Kang Gary']","['Jo Hyo-jin', 'Kim Joo-hyung', 'Lim Hyung-taek', 'Jung Chul-min', 'Lee Hwan-jin', 'Choi Bo-pil', 'Choi Hyung-in', '강형선']",85.0,2010-07-11,8.219,215,102.3763,/2Wmmu1MkqxJ48J7aySET9EKEjXz.jpg,/wsHj4oHQJoe7DMYaqNFwVoyLiAh.jpg,ko,tv,1.0,818.0
74204,Big Mouth,Teenage friends find their lives upended by the wonders and horrors of puberty in this edgy comedy from real-life pals Nick Kroll and Andrew Goldberg.,"['Comedy', 'Animation']","['adolescence', 'puberty', 'friendship', 'cartoon', 'crude humor', 'coming of age', 'adult humor', 'middle school', 'teenage sexuality', 'sitcom', 'pubescent', 'western animation', 'big mouth', 'witty']","['Nick Kroll', 'John Mulaney', 'Jessi Klein', 'Jason Mantzoukas', 'Maya Rudolph', 'Fred Armisen', 'Jordan Peele', 'Andrew Rannells']","['Mark Levin', 'Nick Kroll', 'Jennifer Flackett', 'Andrew Goldberg']",27.0,2017-09-29,7.611,1247,48.4827,/1Zio9w1tAd3r5Gu4d9AzTSx2hnT.jpg,/uM6WJodeCyTp7h7NhE4rgd0RbRZ.jpg,en,tv,8.0,81.0
2527,Emmerdale,"The lives of several families in the Yorkshire Dales revolve around a farm and the nearby village. With murders, affairs, lies, deceit, laughter and tears, it's all there in the village.","['Soap', 'Drama']","['countryside', 'farm', 'northern england', 'community', 'yorkshire', 'british pub', 'small village', 'aggressive', 'thoughtful', 'mischievous', 'soap opera', 'distressing', 'hopeful']",[],['Kevin Laffan'],,1972-10-16,4.3,100,47.4222,/4elMyMe6W782VxXr5R1BmWDoqSg.jpg,/kkyrixKwSU6fHCUOD9QJj6XKYmi.jpg,en,tv,55.0,10071.0
61923,Star vs. the Forces of Evil,"Intergalactic warrior Star Butterfly arrives on Earth to live with the Diaz family. She continues to battle villains throughout the universe and high school, mainly to protect her extremely powerful wand, an object that still confuses her.","['Action & Adventure', 'Animation', 'Comedy', 'Sci-Fi & Fantasy', 'Family']","['magic', 'princess', 'female protagonist', 'parallel world', 'magical girl']","['Eden Sher', 'Adam McArthur', 'Alan Tudyk']",['Daron Nefcy'],11.0,2015-01-18,8.364,1519,40.6349,/dKFL1AOdKNoazqZDg1zq2z69Lx1.jpg,/2UElp7Dkm3SiB9ZEdKEWNmAOijB.jpg,en,tv,4.0,140.0
484,"Murder, She Wrote",An unassuming mystery writer turned sleuth uses her professional insight to help solve real-life homicide cases.,"['Mystery', 'Crime', 'Drama']","['detective', 'maine', 'writer', 'investigator', 'elderly', 'mystery writer', 'mysterious', 'criminal consultant', 'amateur sleuth', 'comforting', 'solve', 'sleuth', 'cosy crime']",['Angela Lansbury'],"['Richard Levinson', 'William Link', 'Peter S. Fischer']",45.0,1984-09-30,7.525,462,61.774,/3UxBFG4fiuZ0P9n2sCrjXh64Avy.jpg,/eciikZDLyEBQanGh3zpGNuYHtQ3.jpg,en,tv,12.0,264.0
246246,Beauty in Black,"A stripper's fate takes a turn when she crosses paths with the wealthy, dysfunctional family behind a cosmetics dynasty and a devious trafficking scheme.",['Drama'],"['business', 'entrepreneur', 'sex work']",[],['Tyler Perry'],,2024-10-24,8.052,232,48.801,/i98Jl46WBpK7ymttNOakowtNuFF.jpg,/ywJcUIMTCjstPLvvyIiPWP3G3m3.jpg,en,tv,3.0,40.0
4582,Ironside,"When an assassin's bullet confines him to a wheelchair for life ending his career as Chief of Detectives, Robert T. Ironside becomes a consultant to the police department. Detective Sergeant Ed Brown and policewoman Eve Whitfield join with him to crack varied and fascinating cases. Ex-con Mark Sanger is employed by the chief as home help but eventually becomes a fully fledged member of the team also. Officer Whitfield leaves after 4 years service, and is replaced by Officer Fran Belding.","['Crime', 'Drama', 'Mystery']","['san francisco, california', 'police', 'police detective', 'disabled']","['Raymond Burr', 'Don Galloway', 'Don Mitchell', 'Barbara Anderson', 'Elizabeth Baur']",['Collier Young'],60.0,1967-03-28,6.857,70,40.5823,/Fu9Sv0pQ0s89uWwwXcaG0kiNW7.jpg,/7lYBvjfgrguOUgnS9NrpysHtaCq.jpg,en,tv,8.0,191.0
68073,The Loud House,"Welcome to the Loud House, where life can get pretty crazy. One boy, TEN girls?! Lincoln Loud wouldn’t change it for the world!","['Animation', 'Comedy', 'Family', 'Kids', 'Mystery']","['dysfunctional family', 'family dynamics', 'large family']","['Grant Palmer', 'Cristina Pucelli', 'Grey DeLisle', 'Liliana Mumy', 'Nika Futterman', 'Jessica DiCicco', 'Lara Jill Miller', 'Caleel Harris', 'Nick Fisher', 'Juliano Krue Valdi']",['Chris Savino'],11.0,2016-05-02,7.8,572,49.2275,/v0xMCeZIkgBUQtiije0IDc8ReHr.jpg,/jQmYRTt29hTNFGdNdwFVazOrDpO.jpg,en,tv,10.0,413.0
4586,Gilmore Girls,"Set in the charming town of Stars Hollow, Connecticut, the series follows the captivating lives of Lorelai and Rory Gilmore, a mother/daughter pair who have a relationship most people only dream of.","['Comedy', 'Drama']","['grandparent grandchild relationship', 'small town', 'coffee', 'private school', 'ambition', 'middle class', 'high school', 'love', 'female protagonist', 'dating', 'single mother', 'mother daughter relationship']","['Lauren Graham', 'Alexis Bledel', 'Scott Patterson', 'Melissa McCarthy', 'Keiko Agena', 'Yanic Truesdale', 'Liza Weil', 'Sean Gunn', 'Matt Czuchry', 'Kelly Bishop']",['Amy Sherman-Palladino'],44.0,2000-10-05,7.9,1283,71.3107,/gwtzCwU2wdLLf8oejQu2TINiWfQ.jpg,/8U2ndZrneigI2zkvGuTJtt1ZsxK.jpg,en,tv,7.0,153.0
66025,Animal Kingdom,"17-year-old Joshua ""J"" Cody moves in with his freewheeling relatives in their Southern California beach town after his mother dies of a heroin overdose. Headed by boot-tough matriarch Janine ""Smurf"" Cody and her right-hand Baz, who runs the business and calls the shots, the clan also consists of Pope, the oldest and most dangerous of the Cody boys; Craig, the tough and fearless middle son; and Deran, the troubled, suspicious ""baby"" of the family.","['Crime', 'Drama']","['outlaw', 'dysfunctional family', 'crime family', 'southern california', 'female gangleader']","['Finn Cole', 'Shawn Hatosy', 'Ben Robson', 'Jake Weary', 'Leila George']",['Jonathan Lisco'],50.0,2016-06-14,7.8,560,42.589,/rzvdKrnSRKPFI0pgqMQknDPpRC9.jpg,/eQJwfyMqSra10ck8HOoiCrbQR32.jpg,en,tv,6.0,75.0
4588,ER,ER explores the inner workings of an urban teaching hospital and the critical issues faced by the dedicated physicians and staff of its overburdened emergency room.,['Drama'],"['chicago, illinois', 'hospital', 'doctor', 'surgical operation', 'emergency room', 'medical drama']","['Maura Tierney', 'Parminder Nagra', 'Linda Cardellini', 'Scott Grimes', 'David Lyons', 'Angela Bassett', 'John Stamos']",['Michael Crichton'],45.0,1994-09-19,7.829,948,52.5625,/fuS63AoFTkprf8PFeL1f8z68zJr.jpg,/b1t0mS2MAqnMdh5opqi94rlDEjn.jpg,en,tv,15.0,331.0
4589,Arrested Development,"The story of a wealthy family that lost everything, and the one son who had no choice but to keep them all together.",['Comedy'],"['prison', 'narration', 'dysfunctional family', 'dark comedy', 'family relationships', 'sexual humor', 'mockumentary', 'psychotic', 'fake documentary', 'orange county, california', 'sitcom', 'deadpan', 'offbeat', 'sharp']","['Jason Bateman', 'Portia De Rossi', 'Will Arnett', 'Michael Cera', 'Alia Shawkat', 'Tony Hale', 'David Cross', 'Jeffrey Tambor', 'Jessica Walter', 'Ron Howard']",['Mitchell Hurwitz'],,2003-11-02,7.911,1708,45.0212,/p4r4RD7RsNcJVoz0H6z3dBoTBtW.jpg,/qCXY93t7QnKp6aWT1WKaQo0Qt5r.jpg,en,tv,5.0,84.0
498,Late Show with David Letterman,"David Letterman uses mature humor to appeal to his audience in this weeknight series, which gets its music from a house band led by Paul Shaffer. Among the show's most-famous segments are the Top Ten List and Stupid Pet Tricks, the latter of which subsequently led to an additional recurring segment called Stupid Human Tricks.","['Talk', 'Comedy']","['late-night show', 'irreverent', 'hilarious']","['David Letterman', 'Paul Shaffer', 'Alan Kalter']",[],63.0,1993-08-30,6.4,169,110.8445,/fTBC5EpsgKmli9VQcJMtqQ08Qj4.jpg,/7jEnft2CLNbILWAiBRIBrXNN7Qh.jpg,en,tv,22.0,4252.0
12786,Murdoch Mysteries,"A Victorian-era Toronto detective uses then-cutting edge forensic techniques to solve crimes, with the assistance of a female coroner who is also struggling for recognition in the face of tradition, based on the books by Maureen Jennings.","['Mystery', 'Drama']","['based on novel or book', 'canada', 'toronto, canada', 'victorian england', 'period drama', 'police detective', 'procedural', '19th century', 'comforting', 'euphoric', 'excited', 'cosy crime']","['Yannick Bisson', 'Helene Joy', 'Thomas Craig', 'Jonny Harris', 'Lachlan Murdoch']",['Maureen Jennings'],60.0,2008-01-24,7.664,295,64.2083,/1S8gnT06MDkAmHmzDLSVughE0t0.jpg,/hYmHyUlJMQgeazELoHnORrEQ0vE.jpg,en,tv,20.0,331.0
500,Mad About You,"Young, urban newlyweds Paul and Jamie Buchman try to sustain their marital bliss while sidestepping the hurdles of love in the '90s.",['Comedy'],"['new york city', 'husband wife relationship', 'just married', 'marriage', 'newlywed', 'sitcom']","['Paul Reiser', 'Helen Hunt', 'John Pankow', 'Cynthia Harris', 'Louis Zorich']","['Paul Reiser', 'Danny Jacobson']",23.0,1992-09-23,6.759,261,39.9537,/vvnslQjc1LnERuroGVh8bPdBi2r.jpg,/bEjFkaFctIXgCUeYn4ei3ECULQi.jpg,en,tv,7.0,164.0
502,Sesame Street,"On a special inner city street, the inhabitants—human and muppet—teach preschoolers basic educational and social concepts using comedy, cartoons, games, and songs.","['Kids', 'Comedy']","['puppet', 'educational', 'edutainment', 'muppets']","['Frank Oz', 'Sonia Manzano', 'Roscoe Orman', 'Martin P. Robinson', 'Suki Lopez', 'Violet Tinnirello', 'Jennifer Barnhart', 'Ryan Dillon', 'Alan Muraoka']","['Lloyd Morrisett', 'Joan Ganz Cooney', 'Jim Henson']",54.0,1969-11-10,7.112,289,104.3792,/14k9BfZ2p4rQBMeJ5crKTfUZVwD.jpg,/tNi2aJPdCKfielGYzIi3IKxStz9.jpg,en,tv,56.0,3551.0
4598,Boston Legal,Alan Shore and Denny Crane lead a brigade of high-priced civil litigators in an upscale Boston law firm in a series focusing on the professional and personal lives of brilliant but often emotionally challenged attorneys. A spin-off of long-running series The Practice.,"['Comedy', 'Drama']","['boston, massachusetts', 'male friendship', 'lawyer', 'spin off', 'law firm', 'cheerful']","['James Spader', 'William Shatner', 'Candice Bergen', 'John Larroquette', 'Tara Summers', 'Christian Clemenson']",['David E. Kelley'],42.0,2004-10-03,7.902,391,43.7058,/b0bXUCfpcsgQ6EVVmucU2G76ixT.jpg,/ojEmDThITGk9IsE32uxCWCA0kH5.jpg,en,tv,5.0,101.0
4601,Law & Order: Criminal Intent,The third installment of the “Law & Order” franchise takes viewers deep into the minds of its criminals while following the intense psychological approaches the Major Case Squad uses to solve its crimes.,['Drama'],"['new york city', 'nypd', 'murder investigation']","[""Vincent D'Onofrio"", 'Kathryn Erbe', 'Julia Ormond', 'Jay O. Sanders']",['Dick Wolf'],42.0,2001-09-30,7.578,380,72.8434,/zgBg8gTCELQg73awE7qAuV06c4Z.jpg,/qLYumObEHeRHFMC6N3SfCrnBFjp.jpg,en,tv,10.0,195.0
4604,Smallville,The origins of the world’s greatest hero–from Krypton refugee Kal-el’s arrival on Earth through his tumultuous teen years to Clark Kent’s final steps toward embracing his destiny as the Man of Steel.,"['Sci-Fi & Fantasy', 'Action & Adventure', 'Drama']","['kansas, usa', 'superhero', 'based on comic', 'alien', 'super power', 'origin story']","['Tom Welling', 'Erica Durance', 'Cassidy Freeman', 'Justin Hartley']","['Alfred Gough', 'Miles Millar']",43.0,2001-10-16,8.189,4554,121.8209,/mHZSq8LA5Dt48JjaOZ5tcPXQRVN.jpg,/4wVq9ICc4MI2XcssrumpCOhKLpI.jpg,en,tv,10.0,216.0
82428,All American,"When a rising high school football player from South Central L.A. is recruited to play for Beverly Hills High, the wins, losses and struggles of two families from vastly different worlds - Compton and Beverly Hills - begin to collide. Inspired by the life of pro football player Spencer Paysinger.",['Drama'],"['american football', 'sports', 'high school', 'beverly hills', 'lesbian']","['Michael Evans Behling', 'Greta Onieogou', 'Bre-Z', 'Osy Ikhile', 'Alexis Chikaeze', 'Nathaniel Logan McIntyre', 'Antonio J Bell', 'Lauryn Hardy']",['April Blair'],43.0,2018-10-10,8.1,492,42.0075,/c8FTtjQcQfqSI0McmVc1OOOf7Z7.jpg,/w9c2tuwPGF1f219fFqhUMpqpOfw.jpg,en,tv,8.0,132.0
4607,Lost,"Stripped of everything, the survivors of a horrific plane crash must work together to stay alive. But the island holds many secrets.","['Mystery', 'Action & Adventure', 'Drama']","['island', 'airplane crash', 'uncharted']","['Matthew Fox', 'Evangeline Lilly', ""Terry O'Quinn"", 'Josh Holloway', 'Michael Emerson', 'Jorge Garcia', 'Naveen Andrews', 'Jeff Fahey', 'Henry Ian Cusick', 'Nestor Carbonell']","['J.J. Abrams', 'Damon Lindelof', 'Jeffrey Lieber']",,2004-09-22,7.965,5225,100.9203,/og6S0aTZU6YUJAbqxeKjCa3kY1E.jpg,/yUOFocKDW7MCC5isx4FK8A68QFp.jpg,en,tv,6.0,118.0
94722,Tagesschau,"German daily news program, the oldest still existing program on German television.",['News'],"['news', 'current affairs']",[],[],15.0,1952-12-26,6.768,256,204.7593,/7dFZJ2ZJJdcmkp05B9NWlqTJ5tq.jpg,/jWXrQstj7p3Wl5MfYWY6IHqRpDb.jpg,de,tv,75.0,21352.0
4614,NCIS,"From murder and espionage to terrorism and stolen submarines, a team of special agents investigates any crime that has any connection to Navy and Marine Corps personnel, regardless of rank or position.","['Crime', 'Drama', 'Action & Adventure']","['navy', 'marine corps', 'u.s. navy', 'naval officer', 'medical examiner', 'interrogation', 'ex-marine', 'criminal investigation', 'veteran', 'virginia', 'crime investigation', 'special agent', 'police procedural', 'dramatic']",[],"['Don McGill', 'Donald P. Bellisario']",,2003-09-23,7.607,2546,200.5259,/mBcu8d6x6zB1el3MPNl7cZQEQ31.jpg,/nn3SuLTO4hum8yAxaY4ql8h6kRk.jpg,en,tv,24.0,508.0
4616,Xena: Warrior Princess,"Xena is an infamous warrior on a quest to seek redemption for her past sins against the innocent. Accompanied by her comrade-in-arms Gabrielle, the campy couple use their formidable fighting skills to help those who are unable to defend themselves.","['Drama', 'Action & Adventure', 'Sci-Fi & Fantasy']","['martial arts', 'mythology', 'greek mythology', 'anti hero', 'strong woman', 'warrior woman', 'black magic', 'friendship', 'supernatural', 'god', 'sword fight', 'surrealism', 'female protagonist', 'heroine', 'ares', 'dark fantasy', 'good versus evil', 'serious', 'admiring', 'adoring', 'amused', 'audacious']","['Lucy Lawless', ""Renée O'Connor""]","['John Schulian', 'Robert Tapert']",44.0,1995-09-04,7.558,1430,41.9493,/qjUn6GVZVDifLHB7bvVrgZsOfzE.jpg,/1V7WuDv5kmzwCCNd9CNQvOmqHdm.jpg,en,tv,6.0,134.0
129552,The Night Agent,"Brought together by a midnight phone call, an FBI agent and a cybersecurity expert must unravel an ever-growing web of political conspiracies.","['Action & Adventure', 'Drama', 'Mystery']","['based on novel or book', 'the white house', 'fbi', 'oval office', 'conspiracy', 'political', 'fbi agent', 'spies', 'thriller', 'exciting', 'action']","['Gabriel Basso', 'Fola Evans-Akingbola', 'Louis Herthum', 'Genesis Rodriguez', 'Albert Jones', 'Ward Horton', 'David Lyons', 'Jennifer Morrison', 'Stephen Moyer', 'Callum Vinson']",['Shawn Ryan'],,2023-03-23,7.699,1226,50.2974,/4c5yUNcaff4W4aPrkXE6zr7papX.jpg,/gklrevVndG98GHGDwfm8y8kxESo.jpg,en,tv,3.0,30.0
82452,Avatar: The Last Airbender,A young boy known as the Avatar must master the four elemental powers to save a world at war — and fight a ruthless enemy bent on stopping him.,"['Action & Adventure', 'Sci-Fi & Fantasy', 'Drama', 'Family']","['saving the world', 'monk', 'child hero', 'reincarnation', 'based on cartoon', 'live action remake', 'arrogant', 'conceited', 'dubious']","['Gordon Cormier', 'Kiawentiio', 'Ian Ousley', 'Dallas Liu', 'Miyako']",['Albert Kim'],,2024-02-22,7.783,1323,81.1564,/lzZpWEaqzP0qVA5nkCc5ASbNcSy.jpg,/aVvRQJ2Ckhlym4uh0YGc166CUoP.jpg,en,tv,2.0,15.0
4629,Stargate SG-1,"The story of Stargate SG-1 begins about a year after the events of the feature film, when the United States government learns that an ancient alien device called the Stargate can access a network of such devices on a multitude of planets. SG-1 is an elite Air Force special operations team, one of more than two dozen teams from Earth who explore the galaxy and defend against alien threats such as the Goa'uld, Replicators, and the Ori.","['Sci-Fi & Fantasy', 'Action & Adventure']","['wormhole', 'space travel', 'space', 'travel', 'alien', 'alien planet', 'military', 'distant  planet', 'secret military program', 'advanced ancient civilization']","['Ben Browder', 'Amanda Tapping', 'Christopher Judge', 'Michael Shanks', 'Claudia Black', 'Beau Bridges']","['Brad Wright', 'Jonathan Glassner']",42.0,1997-07-27,8.268,1867,94.2836,/dQjmI7XxI47v8IM2MUysHG0LuU2.jpg,/yOyzlRw54oYaGvhUBdPr7TFwtrX.jpg,en,tv,10.0,214.0
4630,The Fairly OddParents,"The zany, fast-paced adventures of a 10-year-old boy and his fairy godparents, who inadvertently create havoc as they grant wishes for their pint-sized charge.","['Animation', 'Comedy', 'Sci-Fi & Fantasy', 'Kids']","['magic', 'fairy', 'wish']","['Tara Strong', 'Susanne Blakeslee', 'Daran Norris', 'Carlos Alazraqui', 'Jim Ward', 'Gary LeRoi Gray', 'Grey DeLisle', 'Kari Wahlgren']",['Butch Hartman'],12.0,2001-03-30,7.569,1124,52.108,/3ryMj7tIvVtiXyI2tLvHYTjOjq4.jpg,/rMKFsYeK3LPJGk9xqUHhGdqA4aB.jpg,en,tv,10.0,268.0
2593,Without a Trace,The series follows the ventures of a Missing Persons Unit of the FBI in New York City.,"['Crime', 'Mystery', 'Action & Adventure', 'Drama']","['new york city', 'fbi', 'police', 'missing person', 'criminal investigation', 'police procedural']","['Anthony LaPaglia', 'Poppy Montgomery', 'Marianne Jean-Baptiste', 'Enrique Murciano', 'Roselyn Sánchez', 'Eric Close']",['Hank Steinberg'],43.0,2002-09-26,7.225,280,43.1038,/iNhE283iY7xtS8zCjhSxpTfOzn0.jpg,/9PBVvl5o88WyKoynCYsws9jkGAl.jpg,en,tv,7.0,160.0
31268,El Capo,"El Capo, the most wanted drug dealer in Mexico, has been intercepted while hiding with his trusted men, his wife and his lover. During his escape, he declares war on the government and his own past.","['Crime', 'Drama']","['telenovela', 'narco']","['Marlon Moreno', 'Katherine Vélez', 'Óscar Borda', 'Maria Adelaida Puerta', 'Juan Carlos Vargas', 'Natalia Jerez', 'Cristina Umaña', 'Erika Monserrate Vélez Zambrano', 'Andrés Echavarría']",['Gustavo Bolívar'],,2009-08-24,7.704,1262,49.312,/hTwfFidPtRU3BUH8mK90jWyPyBr.jpg,/9bdNwt53JFU1b6oor8eDipNO79i.jpg,es,tv,3.0,226.0
549,Law & Order,"In cases ripped from the headlines, police investigate serious and often deadly crimes, weighing the evidence and questioning the suspects until someone is taken into custody. The district attorney's office then builds a case to convict the perpetrator by proving the person guilty beyond a reasonable doubt. Working together, these expert teams navigate all sides of the complex criminal justice system to make New York a safer place.","['Crime', 'Drama']","['new york city', 'police', 'lawyer', 'homicide detective', 'crime investigation', 'criminal law', 'legal drama', 'criminal justice system']",[],['Dick Wolf'],,1990-09-13,7.26,705,197.8883,/haJ9eHytVO3H3JooMJG1DiWwDNm.jpg,/tc7canPSAn2X14hYi6Rl3gZm1o4.jpg,en,tv,26.0,545.0
59941,The Tonight Show Starring Jimmy Fallon,"After Jay Leno's second retirement from the program, Jimmy Fallon stepped in as his permanent replacement. After 42 years in Los Angeles the program was brought back to New York.","['Comedy', 'Talk']","['new york city', 'celebrity', 'game', 'audience', 'late-night show']","['Jimmy Fallon', 'Steve Higgins']",[],,2014-02-17,5.8,382,190.9157,/1N4o5PmmqhlVDrcdJ2RlCFWbLGX.jpg,/7VO04TtL1jIT6XOPs9u4jdB8KaB.jpg,en,tv,14.0,2401.0
76331,Succession,Follow the lives of the Roy family as they contemplate their future once their aging father begins to step back from the media and entertainment conglomerate they control.,"['Drama', 'Comedy']","['new york city', 'sibling relationship', 'media tycoon', 'businessman', 'patriarch', 'family business ', 'dysfunctional family', 'wealth', 'sibling', 'succession', 'white collar criminal', 'failed marriage', 'baffled', 'commanding', 'media empire']","['Jeremy Strong', 'Kieran Culkin', 'Sarah Snook', 'Brian Cox', 'Matthew Macfadyen', 'Alan Ruck', 'J. Smith-Cameron', 'Nicholas Braun', 'Dagmara Dominczyk', 'Peter Friedman']",['Jesse Armstrong'],,2018-06-03,8.3,1719,46.7137,/z0XiwdrCQ9yVIr4O0pxzaAYRxdW.jpg,/bcdUYUFk8GdpZJPiSAas9UeocLH.jpg,en,tv,4.0,39.0
127532,Solo Leveling,"They say whatever doesn’t kill you makes you stronger, but that’s not the case for the world’s weakest hunter Sung Jinwoo. After being brutally slaughtered by monsters in a high-ranking dungeon, Jinwoo came back with the System, a program only he could see, that’s leveling him up in every way. Now, he’s inspired to discover the secrets behind his powers and the dungeon that spawned them.","['Animation', 'Action & Adventure', 'Sci-Fi & Fantasy']","['magic', 'survival', 'combat', 'super power', 'hunting', 'dungeon', 'anime', 'level up', 'based on webcomic or webtoon', 'urban fantasy', 'based on web novel', 'based on manhwa', 'awestruck']","['Taito Ban', 'Genta Nakamura', 'Haruna Mikawa', 'Reina Ueda', 'Daisuke Hirakawa', 'Hiroki Touchi', 'Banjo Ginga', 'Makoto Furukawa']",[],24.0,2024-01-07,8.67,1913,43.6997,/geCRueV3ElhRTr0xtJuEWJt6dJ1.jpg,/xMNH87maNLt9n2bMDYeI6db5VFm.jpg,ja,tv,1.0,25.0
4656,Raw,"A regularly scheduled, live, year-round program featuring some of the biggest WWE Superstars.",['Reality'],"['wrestling', 'superstar', 'sports entertainment']",[],['Vince McMahon'],,1993-01-11,6.8,367,116.9421,/26v1iP77K6PySQRV0jBSnh3GtRc.jpg,/qvq06zocz1zhMHdJAPUg0NCBj3z.jpg,en,tv,34.0,1739.0
57911,Doraemon,Doraemon is an anime TV series created by Fujiko F. Fujio and based on the manga series of the same name. This anime is the much more successful successor of the 1973 anime.,"['Action & Adventure', 'Animation', 'Comedy', 'Sci-Fi & Fantasy', 'Kids', 'Family']","['japan', 'gadget', 'time travel', 'based on manga', 'school life', 'anime']","['Nobuyo Oyama', 'Noriko Ohara', 'Sachiko Chijimatsu', 'Kaneta Kimotsuki', 'Michiko Nomura', 'Keiko Yokozawa', 'Kazuya Tatekabe', 'Rei Sakuma', 'Sumiko Shirakawa']",[],11.0,1979-04-02,7.693,610,64.8559,/bHMqPDsW7Lb71CVHXq4PuEvQ4NY.jpg,/6oVBODwFvbDJczBFlf4J930jKZg.jpg,ja,tv,27.0,1836.0
2625,Diagnosis: Murder,"Dr. Mark Sloan is a good-natured, offbeat physician who is called upon to solve murders.","['Drama', 'Family', 'Mystery', 'Crime']","['parent child relationship', 'police', 'doctor', 'homicide detective', 'criminal consultant']","['Dick Van Dyke', 'Victoria Rowell', 'Charlie Schlatter', 'Barry Van Dyke']",['Joyce Burditt'],,1993-10-29,7.115,122,46.6363,/5yhozeY2KgYXQQE9kfbiIyypYiI.jpg,/gVAwcl83Ys1dtcFCiLuCLAx6xge.jpg,en,tv,8.0,178.0
580,Star Trek: Deep Space Nine,"At Deep Space Nine, a space station located next to a wormhole in the vicinity of the liberated planet of Bajor, Commander Sisko and crew welcome alien visitors, root out evildoers and solve all types of unexpected problems that come their way.","['Sci-Fi & Fantasy', 'Action & Adventure', 'Drama']","['prophecy', 'starship', 'wormhole', 'space travel', 'exploration', 'space', 'alien', 'alien planet', 'shape shifting alien', 'space station', 'imaginative', '24th century', 'explore', 'adventure', 'star trek']","['Avery Brooks', 'Nana Visitor', 'Colm Meaney', 'Michael Dorn', 'Alexander Siddig', 'Cirroc Lofton', 'Armin Shimerman', 'René Auberjonois', 'Nicole De Boer']","['Rick Berman', 'Michael Piller']",45.0,1993-01-03,7.897,993,57.4444,/vE6138ykaEXQkCSEHyuBIgfGlUZ.jpg,/cm3srKkyVn8zUK40ox8ZNjRJRdE.jpg,en,tv,7.0,173.0
14929,Heartland,"Life is hard on the Flemings' ranch in the Alberta foothills where abused or neglected horses find refuge with a kind, hard-working family. Debts abound and the bank is about to foreclose. Can they keep the ranch running?","['Family', 'Drama', 'Comedy']","['based on novel or book', 'marriage', 'family', 'death of mother', 'wild horse', 'healing process', 'horse ranch', 'alberta canada', 'based on young adult novel', 'horse training']","['Amber Marshall', 'Graham Wardle', 'Shaun Johnston']",['Heather Conkie'],45.0,2007-10-14,8.253,580,46.4959,/uc2gtWczT58BiAUJWFz9P5aZmNF.jpg,/11nGiX6hLdexBD4TVUAAVzSIAQy.jpg,en,tv,20.0,281.0
607,The Powerpuff Girls,"A series about Blossom, Bubbles, and Buttercup, three kindergarten-aged girls with superpowers, as well as their ""father"", the brainy scientist Professor Utonium, who all live in the fictional city of Townsville, USA. The girls are frequently called upon by the town's childlike and naive mayor to help fight nearby criminals using their powers.","['Action & Adventure', 'Animation', 'Comedy', 'Kids', 'Family']","['villain', 'kindergarten', 'superhero', 'giant monster', 'scientist', 'magical girl', 'whimsical', 'amused']","['Cathy Cavadini', 'Tara Strong', 'E. G. Daily', 'Tom Kenny', 'Tom Kane', 'Roger L. Jackson', 'Jennifer Martin', 'Jennifer Hale', 'Jim Cummings', 'Jeff Bennett']",['Craig McCracken'],12.0,1998-11-18,7.5,1018,53.2697,/468mmhMd21pY4Yx0S0woqeEcxtL.jpg,/gnK2nptRXra4RnKgGqAWFSqP5aG.jpg,en,tv,6.0,135.0
37472,Octonauts,"Follows an underwater exploring crew made up of stylized anthropomorphic animals, a team of eight adventurers who live in an undersea base, the Octopod, from where they go on undersea adventures with the help of a fleet of aquatic vehicles.","['Animation', 'Kids', 'Action & Adventure', 'Sci-Fi & Fantasy']","['submariner', 'oceans rescue', 'anthropomorphic animal', '3d animation', 'animation']","['Keith Wickham', 'Simon Greenall', 'Jo Wyatt', 'Rob Rackstraw', 'Ross Breen', 'Teresa Gallagher', 'Michael Murphy', 'Paul Panting', 'Mary Murphy', 'Shelley Longworth']","['Michael C. Murphy', 'Vicki Wong']",15.0,2010-10-05,7.153,59,43.3011,/iYUhUSKWKpSBahaWLUQIPckAy8p.jpg,/lbdBBEnto6xPQ8oKHt5P9r3JCfH.jpg,en,tv,10.0,274.0
2661,Kamen Rider,"Takeshi Hongo is a promising young man with a passion for motorcycle racing. However, his dreams are suddenly ruined when he gets kidnapped by Shocker, the evil secret organization planning to dominate the world. After being remodeled into a cyborg, Takeshi escapes and swears to protect the world from the inhuman monsters.","['Action & Adventure', 'Sci-Fi & Fantasy', 'Drama']","['artificial intelligence (a.i.)', 'cyborg', 'martial arts', 'monster', 'hero', 'secret organization', 'villain', 'biker', 'superhero', 'tribe', 'conspiracy', 'swordsman', 'memory loss', 'impostor', 'based on manga', 'motorcycle', 'super power', 'masked superhero', 'supervillain', 'mysterious death', 'masked supervillain', 'death of hero', 'superhero teamup', 'mysterious disappearance', 'henshin heroes', 'friends to enemies', 'tokusatsu', 'evil dad']","['Ryutaro Imai', 'Maho Horiguchi', 'Kenta Mishima', 'Rina Onuki', 'Miki Yagi', 'Yuki Furukawa', 'Jay Kabira', 'Koichi Yamadera']",[],24.0,1971-04-03,6.413,104,135.5542,/2DIBDFHiKQawz4WPsYekl9DHwyA.jpg,/usLRh1bcbL0Q9X8zf6rL4OV1qrA.jpg,ja,tv,37.0,1750.0
615,Futurama,"The adventures of a late-20th-century New York City pizza delivery boy, Philip J. Fry, who, after being unwittingly cryogenically frozen for one thousand years, finds employment at Planet Express, an interplanetary delivery company in the retro-futuristic 31st century.","['Animation', 'Comedy', 'Sci-Fi & Fantasy']","['spacecraft', 'future', 'space travel', 'melancholy', 'parody', 'alien', 'mad scientist', 'adult humor', 'distant future', 'social satire', 'robot', 'adult animation', 'delivery service', 'alien world', 'speculative', 'sitcom', 'meditative', 'candid', 'thoughtful', 'philosophical', 'inspirational', 'adoring', 'melodramatic', 'vibrant']","['Billy West', 'Katey Sagal', 'John DiMaggio', 'Tress MacNeille', 'Maurice LaMarche', 'Lauren Tom', 'Phil LaMarr', 'David Herman']",['Matt Groening'],,1999-03-28,8.366,3844,103.0322,/eM8bbTn8C8vUwwS6upzzm7gX31u.jpg,/4xKG4S1IyLIglHbCYGJDsptgQNh.jpg,en,tv,11.0,164.0
51817,Teenage Mutant Ninja Turtles,"The Teenage Mutant Ninja Turtles are back in an all-new animated series on Nickelodeon! Surfacing topside for the first time on their fifteenth birthday, the titular turtles, Leonardo, Michelangelo, Raphael and Donatello, find that life out of the sewers isn't exactly what they thought it would be. Now the turtles must work together as a team to take on new enemies that arise to take over New York City.","['Action & Adventure', 'Kids', 'Animation', 'Sci-Fi & Fantasy', 'Comedy']","['new york city', 'hero', 'mutant', 'katana', 'turtle', 'sensei', 'based on comic', 'alien', 'ninja', 'fighting', 'sewer', 'mutant animal', 'nunchaku', 'rat', 'candid', 'grim', 'complex', '3d animation', 'tense', 'hilarious', 'adoring', 'powerful', 'sarcastic']","['Seth Green', 'Rob Paulsen', 'Sean Astin', 'Greg Cipes', 'Mae Whitman', 'Josh Peck', 'Kelly Hu', 'Gwendoline Yeo']","['Ciro Nieli', 'Joshua Sternin', 'Jennifer Ventimilia']",22.0,2012-09-28,8.33,800,60.0317,/n0DN6kJf0kGeuNFUYLT6eZe5ERR.jpg,/7NWAe3Bc7s3hYDKdarkwGuxT1GM.jpg,en,tv,5.0,124.0
107113,Only Murders in the Building,Three strangers share an obsession with true crime and suddenly find themselves wrapped up in one.,"['Comedy', 'Mystery', 'Crime']","['deaf', 'friendship', 'female protagonist', 'murderer', 'lgbt', 'murder mystery', 'evidence', 'podcast', 'inspirational', 'theater', 'bisexual woman', 'brisk']","['Steve Martin', 'Martin Short', 'Selena Gomez', 'Michael Cyril Creighton']","['Steve Martin', 'John Hoffman']",,2021-08-31,8.422,2249,52.1202,/1yjFVQZuW8aofZ5Cgol8iImsVFp.jpg,/WCnEPf4ZNPjszndmrFlDxZ5Uvd.jpg,en,tv,5.0,50.0
2673,The O.C.,"Ryan Atwood, a teen from the wrong side of the tracks, moves in with a wealthy family willing to give him a chance. But Ryan's arrival disturbs the status quo of the affluent, privileged community of Newport Beach, California.",['Drama'],"['california', 'troubled teen', 'unlikely lovers', 'teenage romance', 'teen drama']","['Peter Gallagher', 'Kelly Rowan', 'Ben McKenzie', 'Adam Brody', 'Melinda Clarke', 'Rachel Bilson', 'Autumn Reeser', 'Willa Holland']",['Josh Schwartz'],42.0,2003-08-05,7.709,955,41.9186,/xDc6BMGDaeyalpSZ9KKk7RCBCz5.jpg,/5WVAGHTNMWhNwk5l3FoeAScmw7M.jpg,en,tv,4.0,92.0
2674,Neighbours,"Neighbours is an Australian television soap opera.  The show's storylines concern the domestic and professional lives of the people who live and work in Erinsborough, a fictional suburb of Melbourne, Victoria. The series primarily centres around the residents of Ramsay Street, a short cul-de-sac, and its neighbouring areas, the Lassiters complex, which includes a bar, hotel, cafe, news office and park. Neighbours began with three families created by Watson – the Ramsays, the Robinsons and the Clarkes. Watson said that he wanted to show three families who are friends living in a small street. The Robinsons and the Ramsays had a long history and were involved in an ongoing rivalry.","['Soap', 'Drama', 'Family', 'Comedy']",[],[],['Reg Watson'],30.0,1985-03-18,6.074,61,43.6666,/bXY78bQsKCIiD17Sr6yO4wLIXqS.jpg,/fi3F610zUye8u7HaaGYUGviZTwj.jpg,en,tv,41.0,9364.0
2691,Two and a Half Men,A hedonistic jingle writer's free-wheeling life comes to an abrupt halt when his brother and 10-year-old nephew move into his beach-front house.,['Comedy'],"['sibling relationship', 'california', 'composer', 'roommates', 'evil mother', 'malibu', 'advertising', 'drinking', 'beach house', 'casual sex', 'sitcom', 'living with sibling', 'rich brother']","['Ashton Kutcher', 'Jon Cryer', 'Conchata Ferrell']","['Lee Aronsohn', 'Chuck Lorre']",,2003-09-22,7.457,3742,94.3425,/xgfjxyV3g1S68opzuvG6G87muDp.jpg,/2pOmuq4nkWZzwZbOfZq7CyyQAsM.jpg,en,tv,12.0,262.0
14981,The Late Late Show with Craig Ferguson,"The Late Late Show with Craig Ferguson is an American late-night talk show hosted by Scottish American comedian Craig Ferguson, who is the third regular host of the Late Late Show franchise. It follows Late Show with David Letterman in the CBS late-night lineup, airing weekdays in the US at 12:37 a.m. It is taped in front of a live studio audience from Monday to Friday at CBS Television City in Los Angeles, California, directly above the Bob Barker Studio. It is produced by David Letterman's production company Worldwide Pants Incorporated and CBS Television Studios.

Since becoming host on January 3, 2005, after Craig Kilborn and Tom Snyder, Ferguson has achieved the highest ratings since the show's inception in 1995. While the majority of the episodes focus on comedy, Ferguson has also addressed difficult subject matter, such as the deaths of his parents, and undertaken serious interviews, such as one with Desmond Tutu, which earned the show a 2009 Peabody Award.","['Comedy', 'Talk']","['talk show', 'late night']",['Craig Ferguson'],[],60.0,2005-01-03,6.797,118,68.3402,/gGC7zSDgG0FY0MbM1pjfhTCWQBI.jpg,/m0bV3qBiJBBlpFaaKjwHo13MVjm.jpg,en,tv,11.0,2057.0
651,60 Minutes,America's popular television News magazine in which an ever changing team of CBS News correspondents contribute segments ranging from hard news coverage to politics to lifestyle and pop culture.,['News'],"['news', 'news magazine', 'magazine show']",[],['Don Hewitt'],44.0,1968-09-24,6.5,83,46.8492,/vDlT8YU1pF8z37RfNaCOyJ5uO7l.jpg,/n1yKf2VV9niUmsDK3oOuw5P8vte.jpg,en,tv,59.0,1024.0
655,Star Trek: The Next Generation,"Follow the intergalactic adventures of Capt. Jean-Luc Picard and his loyal crew aboard the all-new USS Enterprise NCC-1701D, as they explore new worlds.","['Sci-Fi & Fantasy', 'Action & Adventure', 'Drama', 'Mystery']","['android', 'spacecraft', 'space travel', 'exploration', 'space', 'alien', 'alien planet', 'trek', 'space opera', 'adventurer', 'imaginative', 'explore', 'factual', 'exciting', 'tng']","['Patrick Stewart', 'Jonathan Frakes', 'Brent Spiner', 'LeVar Burton', 'Michael Dorn', 'Marina Sirtis', 'Gates McFadden']",['Gene Roddenberry'],45.0,1987-09-28,8.379,1812,78.1708,/vkLzXddgUKH5VcpnYiRzpJFrZhz.jpg,/qmliLoo6GVheM2FihatlAXxCKyF.jpg,en,tv,7.0,176.0
127635,Spidey and His Amazing Friends,"Follow Peter Parker, Gwen Stacy and Miles Morales and their adventures as the young heroes team up with Hulk, Ms. Marvel and Black Panther to defeat foes like Rhino, Doc Ock and Green Goblin and learn that teamwork is the best way to save the day.","['Animation', 'Kids', 'Sci-Fi & Fantasy', 'Action & Adventure']","['based on comic', 'super power', 'superhero team', '3d animation']","['Audrey Bennett', 'Carter Young', 'Nick Fisher']",[],12.0,2021-08-06,7.081,260,45.8663,/etO5jDS5WgR4Y1lTyXhQcilJ6u2.jpg,/7CvmnHAVxhDbYE7jPp0PbKunqqs.jpg,en,tv,5.0,216.0
2710,It's Always Sunny in Philadelphia,"Four egocentric friends run a neighborhood Irish pub in Philadelphia and try to find their way through the adult world of work and relationships. Unfortunately, their warped views and precarious judgments often lead them to trouble, creating a myriad of uncomfortable situations that usually only get worse before they get better.",['Comedy'],"['philadelphia, pennsylvania', 'sibling relationship', 'parent child relationship', 'male friendship', 'slacker', 'crude humor', 'dysfunctional family', 'dark comedy', 'family relationships', 'politically incorrect', 'sitcom', 'bar', 'pub', 'farcical', 'sincere']","['Charlie Day', 'Glenn Howerton', 'Rob Mac', 'Kaitlin Olson', 'Danny DeVito']",['Rob Mac'],,2005-08-04,8.259,1382,82.0243,/o0tMMK33JqmtpcWw0H41cEr9xQB.jpg,/265v8OtLO4h8XgJu5eDRpJdf9e0.jpg,en,tv,18.0,187.0
105113,Doña bella,"Bella Cepeda is a woman whose beauty is transformed into condemnation when a powerful businessman kidnaps her to make her his concubine. After achieving his freedom and returning to his village, he finds rejection from his community and distrust of his true love.",['Drama'],['love'],"['Zharick León', 'Fabián Ríos', 'Marcelo Buquet', 'Stephanie Cayo', 'Pedro Rendón', 'Xilena Aycardi', 'Armando Gutiérrez', 'Gloria Zapata', 'Alfonso Ortiz', 'Gloria Montoya']",['Wilson Aguiar Filho'],45.0,2011-04-25,7.39,187,39.1197,/Ap4rSx4ANu6kDOylCAz1Q3LsoOd.jpg,/qjwuqGQ3d70LQg7duImcX3BKAZ0.jpg,es,tv,1.0,8.0
60059,Better Call Saul,"Six years before Saul Goodman meets Walter White. We meet him when the man who will become Saul Goodman is known as Jimmy McGill, a small-time lawyer searching for his destiny, and, more immediately, hustling to make ends meet. Working alongside, and, often, against Jimmy, is “fixer” Mike Ehrmantraut. The series tracks Jimmy’s transformation into Saul Goodman, the man who puts “criminal” in “criminal lawyer"".","['Crime', 'Drama']","['new mexico', 'moral conflict', 'crooked lawyer', 'prequel', 'romance', 'dark comedy', 'family relationships', 'tragedy', 'lawyer', 'brother against brother', 'spin off', 'neo-western', 'albuquerque, new mexico', 'criminal lawyer', 'fall from grace', 'aggressive', 'neo-noir', 'mexican cartel', 'legal drama', 'gritty', 'offbeat', 'hilarious', 'forceful']","['Bob Odenkirk', 'Jonathan Banks', 'Rhea Seehorn', 'Tony Dalton', 'Giancarlo Esposito']","['Vince Gilligan', 'Peter Gould']",,2015-02-08,8.711,6749,72.083,/zjg4jpK1Wp2kiRvtt5ND0kznako.jpg,/rfxryDIv8huejujg4JueDJx8zCz.jpg,en,tv,6.0,63.0
107171,La CQ,"La CQ is about 8 students named Angel, Monche, Beto, Clara, Adri, Roque, Jenny and, Danny. They are in secondary and our going through ups and downs which include bullies, love, assignments and it shows how the kids are like in secondary school","['Comedy', 'Family']",[],"['Emiliano Flores', 'Alejandra Müller', 'Harold Azuara', 'Benny Emmanuel', 'Fernanda Urdapilleta', 'Ferny Graciano', 'Jocelin Zuckerman', 'Luis Fernando Ceballos', 'Carlos Arraiz', 'Augusto Galindez']",['Pedro Ortiz de Pinedo'],22.0,2012-08-06,8.1,260,39.8633,/e3R3sTrIMOp6hOGlRUprEfXhP8X.jpg,/5eXSRMoSOYbx4rIJaRe492NtALV.jpg,es,tv,5.0,102.0
12971,Dragon Ball Z,"Now happily married and with a son, martial arts champion Goku must defend Earth from a series of extraterrestrial invaders bent on destruction.","['Animation', 'Sci-Fi & Fantasy', 'Action & Adventure']","['competition', 'cyborg', 'martial arts', 'android', 'friendship', 'sequel', 'alien', 'end of the world', 'anthropomorphism', 'tournament', 'dragon', 'based on manga', 'fighting', 'combat', 'super power', 'shocking', 'shounen', 'anime', 'time skip', 'fantasy', 'joyous', 'adventure']","['Masako Nozawa', 'Ryo Horikawa', 'Toshio Furukawa', 'Mayumi Tanaka', 'Naoki Tatsuta', 'Ryusei Nakao', 'Joji Yanami', 'Naoko Watanabe', 'Hirotaka Suzuoki', 'Miki Ito']",[],26.0,1989-04-26,8.379,4963,67.111,/oQ5CnVj3TRifXl2bIOri6H6rfNe.jpg,/ydf1CeiBLfdxiyNTpskM0802TKl.jpg,ja,tv,9.0,291.0
2734,Law & Order: Special Victims Unit,"In the criminal justice system, sexually-based offenses are considered especially heinous. In New York City, the dedicated detectives who investigate these vicious felonies are members of an elite squad known as the Special Victims Unit. These are their stories.","['Crime', 'Drama', 'Mystery']","['detective', 'sexual abuse', 'sex scandal', 'domestic abuse', 'sexual violence', 'domestic violence', 'criminal', 'sex trafficking', 'interrogation', 'district attorney', 'courtroom', 'assistant district attorney', 'sex crime', 'sexual assault', 'sex trade', 'sex slavery', 'sex offender', 'criminal justice system', 'suspicious', 'dark', 'police procedural', 'gritty']",['Mariska Hargitay'],['Dick Wolf'],,1999-09-20,7.958,4309,261.1314,/iofokHZoUB4Qhik4PflvJl8TT6a.jpg,/obtdxPgmfykYwVnvuYXC5f2xKlQ.jpg,en,tv,28.0,595.0
688,The West Wing,The West Wing provides a glimpse into presidential politics in the nation's capital as it tells the stories of the members of a fictional presidential administration. These interesting characters have humor and dedication that touches the heart while the politics that they discuss touch on everyday life.,['Drama'],"['washington dc, usa', 'the white house', 'usa president', 'politics', 'government', 'political intrigue\xa0', 'usa politics', 'political consultant', 'political conflict', 'chief of staff']","['Martin Sheen', 'Allison Janney', 'John Spencer', 'Bradley Whitford', 'Joshua Malina', 'Alan Alda', 'Jimmy Smits', 'Kristin Chenoweth', 'Mary McCormack']",['Aaron Sorkin'],,1999-09-22,8.268,592,75.4535,/yqDWr5NAE7m1IWrygYwLyEB6pN0.jpg,/o6ixncGLOtRPz78vEIy9p1cOn9J.jpg,en,tv,7.0,154.0
693,Desperate Housewives,"Looking down on her friends and family isn't a way of life for Mary Alice Young... it's a way of death. One day, in her perfect house, in the loveliest of suburbs, Mary Alice ended it all. Now she's taking us into the lives of her family, friends and neighbors, commenting from her elevated P.O.V.","['Mystery', 'Drama', 'Comedy']","['housewife', 'female friendship', 'neighbor', 'neighborhood', 'suspenseful']","['Teri Hatcher', 'Felicity Huffman', 'Marcia Cross', 'Eva Longoria', 'Ricardo Chavira', 'Doug Savant', 'James Denton', 'Brenda Strong', 'Vanessa Williams']",['Marc Cherry'],42.0,2004-10-03,7.9,2112,96.9835,/4qeI51jDzH81PpUUNaJCBrfm7f6.jpg,/kub3bZS2sOGviEjo4p1ohREboVb.jpg,en,tv,8.0,179.0
76479,The Boys,A group of vigilantes known informally as “The Boys” set out to take down corrupt superheroes with no more than blue-collar grit and a willingness to fight dirty.,"['Sci-Fi & Fantasy', 'Action & Adventure']","['corruption', 'satire', 'superhero', 'based on comic', 'gore', 'tragedy', 'evil corporation', 'super power', 'superhero team', 'violence', 'hilarious']","['Karl Urban', 'Jack Quaid', 'Antony Starr', 'Erin Moriarty', 'Laz Alonso', 'Chace Crawford', 'Tomer Capone', 'Karen Fukuhara', 'Nathan Mitchell', 'Colby Minifie']",['Eric Kripke'],,2019-07-25,8.439,13258,131.2689,/in1R2dDc421JxsoRWaIIAqVI2KE.jpg,/n6vVs6z8obNbExdD3QHTr4Utu1Z.jpg,en,tv,5.0,40.0
709,Robot Chicken,"A series of pop-culture parodies using stop-motion animation of toys, action figures and dolls. The title character was an ordinary chicken until he was run down by a car and subsequently brought back to life in cyborg form by mad scientist Fritz Huhnmorder, who tortures Robot Chicken by forcing him to watch a random selection of TV shows, the sketches that make up the body of each episode.","['Comedy', 'Animation']","['parody', 'stop motion', 'sketch comedy', 'adult animation']","['Seth Green', 'Matthew Senreich', 'Breckin Meyer']","['Seth Green', 'Matthew Senreich']",12.0,2005-02-20,7.632,581,49.8369,/lMZv3mJC9QRolgzflM3ajtB3o2U.jpg,/mofoDq8K1tvhSKE00NrlLkS7Mrg.jpg,en,tv,11.0,218.0
2778,Wheel of Fortune,"This game show sees contestants solve word puzzles, similar to those used in Hangman, to win cash and prizes determined by spinning a giant carnival wheel.","['Family', 'Reality']",['game show'],[],['Merv Griffin'],25.0,1983-09-19,6.9,80,50.4944,/4S36URhKU4sBL1gC2B5UxmTlZMl.jpg,/dLLNFo9wjOqCZn9i86mW2nRl4De.jpg,en,tv,43.0,2774.0
60797,Scorpion,"Eccentric genius Walter O’Brien and his team of brilliant misfits comprise the last line of defense against complex, high-tech threats of the modern age. As Homeland Security’s new think tank, O’Brien’s “Scorpion” team includes Toby Curtis, an expert behaviorist who can read anyone; Happy Quinn, a mechanical prodigy; and Sylvester Dodd, a statistics guru.","['Action & Adventure', 'Drama', 'Crime']","['autism', 'hacker', 'nerd', 'genius', 'national security', 'social outcast']","['Elyes Gabel', 'Katharine McPhee', 'Jadyn Wong', 'Eddie Kaye Thomas', 'Ari Stidham', 'Riley B. Smith', 'Robert Patrick']",['Nick Santora'],,2014-09-22,8.201,4170,40.473,/hzeirSF6bRjssDh5JFrm5WRwFLd.jpg,/fThSrHjuS1X82XoH9VrtvgvMIXm.jpg,en,tv,4.0,93.0
45790,JoJo's Bizarre Adventure,"Follow the intergenerational feud between the Joestar Family and various forces of evil, the most prominent of which is Dio Brando and his followers.","['Animation', 'Action & Adventure', 'Sci-Fi & Fantasy']","['martial arts', 'magic', 'vampire', 'based on manga', 'adventurer', 'globetrotting', 'shounen', 'anime', 'muscles', 'supernatural power', 'horror', 'adventure']","['Shogo Sakata', 'Yohei Azakami', 'Kaito Ishikawa', 'Rie Takahashi', 'Kenta Miyake']",[],24.0,2012-10-06,8.562,1633,49.9168,/ogAWwbh3frWtiTyyXrZaVFtqCgp.jpg,/5mUYDoFjDlPmDvnUWSknhYjGBBh.jpg,ja,tv,6.0,202.0
37606,The Amazing World of Gumball,"The life of Gumball Watterson, a 12-year old cat who attends middle school in Elmore. Accompanied by his pet, adoptive brother, and best friend Darwin Watterson, he frequently finds himself involved in various shenanigans around the city, during which he interacts with various family members: Anais, Richard, and Nicole Watterson, and other various citizens.","['Animation', 'Family', 'Sci-Fi & Fantasy', 'Comedy']","['cartoon cat', 'absurdist humor', 'ridiculous']","['Nicolas Cantu', 'Kyla Kowalewski', 'Donielle T. Hansley Jr.', 'Christian J. Simon', 'Teresa Gallagher', 'Dan Russell', 'Kerry Shale']",['Ben Bocquelet'],,2011-05-03,8.535,1774,47.7496,/VYnnyA2hyxi3VUPgCA71mMtt69.jpg,/gmO3aezFgDcrhcymhNSJLGZ3CT.jpg,en,tv,6.0,240.0
94954,Hazbin Hotel,"In attempt to find a non-violent alternative for reducing Hell's overpopulation, the daughter of Lucifer opens a rehabilitation hotel that offers a group of misfit demons a chance at redemption.","['Animation', 'Comedy', 'Drama', 'Sci-Fi & Fantasy']","['hotel', 'musical', 'hell', 'dark comedy', 'adult humor', 'redemption', 'lgbt', 'adult animation', 'dark fantasy', 'hand drawn animation', 'amused']","['Stephanie Beatriz', 'Keith David', 'Kimiko Glenn', 'Erika Henningsen', 'Blake Roman', 'Amir Talai']",['Vivienne Medrano'],,2024-01-18,8.6,1632,39.51,/aVYHMW8pdzJ9qG1OGRMKyGy9xor.jpg,/9K6QtLqyocVHgIZe4yqCIl1q2ZR.jpg,en,tv,5.0,16.0
764,Midsomer Murders,"The peacefulness of the Midsomer community is shattered by violent crimes, suspects are placed under suspicion, and it is up to a veteran DCI and his young sergeant to calmly and diligently eliminate the innocent and ruthlessly pursue the guilty. ","['Crime', 'Drama', 'Mystery']","['england', 'murder', 'police detective', 'murder investigation', 'police inspector', 'midsomer', 'depressing', 'disgusted', 'cosy crime']","['Neil Dudgeon', 'Nick Hendrix', 'Fiona Dolman', 'Annette Badland']","['Anthony Horowitz', 'Caroline Graham']",90.0,1997-03-23,7.5,365,132.4294,/pz7tsWxe0TTdfJnWPjZAEnrSl5M.jpg,/qVmgq1KXBp6BF2EqYPPaUG9iUGy.jpg,en,tv,25.0,144.0
82684,That Time I Got Reincarnated as a Slime,"Corporate worker Mikami Satoru is stabbed by a random killer, and is reborn to an alternate world. But he turns out to be reborn a slime! Thrown into this new world with the name Rimuru, he begins his quest to create a world that’s welcoming to all races.","['Action & Adventure', 'Animation', 'Sci-Fi & Fantasy', 'Comedy']","['countryside', 'elves', 'monster', 'underground', 'swordplay', 'magic', 'fairy', 'affectation', 'slime', 'reincarnation', 'friendship', 'afterlife', 'gore', 'dragon', 'demon', 'parallel world', 'super power', 'dungeon', 'extrasensory perception', 'goblin', 'shounen', 'anime', 'drastic change of life', 'sword and sorcery', 'isekai', 'time skip', 'fantasy', 'demon lord', 'absurd', 'based on light novel', 'adventure', 'admiring']","['Miho Okasaki', 'Tomoaki Maeno', 'Takuya Eguchi', 'Hochu Otsuka', 'Asuna Tomari', 'Chikahiro Kobayashi', 'Jun Fukushima', 'Rie Tanaka', 'Rina Hidaka', 'Anzu Haruno']",[],,2018-10-02,8.431,963,42.8192,/pzujcdPAoH361NObVrtbA7zACE7.jpg,/eJOy7YWAHgOS3V477sdTsq4v9jp.jpg,ja,tv,4.0,96.0
99071,Redo of Healer,"In a world of monsters, adventurers and magic, some of the most gifted healers are subjugated to brute force. Keyaru gains the ability to rewind time and turns the tables on those who’ve exploited him in this dark fantasy tale of vengeance and fury.","['Animation', 'Action & Adventure', 'Sci-Fi & Fantasy', 'Drama', 'Crime']","['rape', 'orgy', 'magic', 'harem', 'rape of a male', 'revenge', 'romance', 'gore', 'memory loss', 'politically incorrect', 'pervertion', 'mutilation', 'fantasy world', 'dark fantasy', 'seinen', 'ecchi', 'anime', 'sex', 'based on light novel', 'adventure']","['Yuya Hozumi', 'Ayano Shibuya', 'Shizuka Ishigami', 'Natsuki Aikawa', 'Natsumi Takamori', 'Minami Tsuda', 'Mami Fujita', 'Tetsu Inada', 'Asuka Nishi']",[],24.0,2021-01-13,8.295,1047,51.4224,/9T7TT0w92RbeRP5QSnNq81HHxde.jpg,/injrIOMNCQv4kTNX6hWa1QlyKoK.jpg,ja,tv,1.0,12.0
41727,Banshee,Banshee is an American drama television series set in a small town in Pennsylvania Amish country and features an enigmatic ex-con posing as a murdered sheriff who imposes his own brand of justice while also cooking up plans that serve his own interests.,"['Crime', 'Drama']","['robbery', 'sheriff', 'double life', 'pennsylvania, usa', 'hacker', 'deputy', 'vigilante', 'amish', 'thief', 'crime boss', 'murder', 'slaughterhouse', 'impostor', 'criminal', 'ex-con', 'small town sheriff', 'bar', 'absurd', 'awestruck', 'matter of fact', 'brutal violence']","['Antony Starr', 'Ivana Miličević', 'Hoon Lee', 'Frankie Faison', 'Ulrich Thomsen', 'Matthew Rauch', 'Matt Servitto', 'Lili Simmons', 'Ryann Shane', 'Tom Pelphrey']","['David Schickler', 'Jonathan Tropper']",50.0,2013-01-11,7.984,1427,50.5412,/5nXFiz8Rn8eezVjSTZBd7HmnF1G.jpg,/cwosIp9M9B6TcLnv0bBg86s0WUx.jpg,en,tv,4.0,38.0
94997,House of the Dragon,"The Targaryen dynasty is at the absolute apex of its power, with more than 15 dragons under their yoke. Most empires crumble from such heights. In the case of the Targaryens, their slow fall begins when King Viserys breaks with a century of tradition by naming his daughter Rhaenyra heir to the Iron Throne. But when Viserys later fathers a son, the court is shocked when Rhaenyra retains her status as his heir, and seeds of division sow friction across the realm.","['Sci-Fi & Fantasy', 'Drama', 'Action & Adventure']","['based on novel or book', 'kingdom', 'melancholy', 'prequel', 'dysfunctional family', 'knight', 'dragon', 'king', 'fantasy world', 'dark fantasy', 'power struggle', 'hopeless', 'reflective', 'power madness', 'grimdark', 'absurd', 'hilarious', 'depressing', 'apathetic', 'cliché', 'disheartening', 'foreboding', 'pretentious']","['Matt Smith', ""Emma D'Arcy"", 'Olivia Cooke', 'James Norton', 'Steve Toussaint', 'Fabien Frankel', 'Matthew Needham', 'Sonoya Mizuno', 'Tom Glynn-Carney', 'Ewan Mitchell']","['George R.R. Martin', 'Ryan J. Condal']",,2022-08-21,8.384,6934,452.94,/7V0Ebks0GgpKvQ7QbLAIdX5dos4.jpg,/577eXC8wFQT0eUrJcgznSiFPRmk.jpg,en,tv,3.0,26.0
790,Agatha Christie's Poirot,"From England to Egypt, accompanied by his elegant and trustworthy sidekicks, the intelligent yet eccentrically-refined Belgian detective Hercule Poirot pits his wits against a collection of first class deceptions.","['Crime', 'Drama', 'Mystery']","['detective', 'based on novel or book', 'investigation', 'private investigator', 'period drama', 'private detective', 'united kingdom', 'belgian', 'murder mystery', '1930s', 'suspenseful']",['David Suchet'],[],50.0,1989-01-08,8.182,566,71.6476,/6f4IVfbn8knb7RjdZlGLuW5guDc.jpg,/jB3CQHS4zBzD00yZG936WmsH6P4.jpg,en,tv,13.0,70.0
76572,Soul Land,"Tang San spent his life in the Tang Outer Sect, dedicated to the creation and mastery of hidden weapons. Once he stole the secret lore of the Inner Sect to reach the pinnacle of his art, his only way out was death. But after throwing himself off the deadly Hell's Peak he was reborn in a different world, the world of Douluo Dalu, a world where every person has a spirit of their own, and those with powerful spirits can practice their spirit power to rise and become Spirit Masters.

The spirit that awakens within Tang San is Blue Silver Grass, a useless spirit. Can he overcome the difficulties to reach the high ranks of Spirit Masters and bring the glory of the Tang Sect into this new world?","['Animation', 'Drama', 'Action & Adventure']","['martial arts', 'based on novel or book', 'reincarnation', 'chinese', 'sect', 'wuxia', 'xianxia', 'isekai', 'donghua', 'based on web novel', 'xuanhuan', 'cultivation']","['Shen Lei', 'Zhang Qi', 'Wei Zhai', 'Tao Dian', 'Zhao Lu', 'Zhao Qianjing', 'Zhihao Su', 'Li Chanfei', 'Huang Ying', 'Xiang Xu']",['Tang Jia San Shao'],20.0,2018-01-13,8.061,57,47.2974,/4ooPDiPcEPylDcFKg9koGkoW6GC.jpg,/9URu8gMwjwjtSAUbaAevlIjYqSs.jpg,zh,tv,1.0,264.0
797,Have I Got News for You,"Hilarious, totally-irreverent, near-slanderous political quiz show, based mainly on news stories from the last week or so, that leaves no party, personality or action unscathed in pursuit of laughs.","['Comedy', 'News']","['quiz', 'satire', 'political satire', 'panel show', 'political humor']","['Paul Merton', 'Ian Hislop']",[],30.0,1990-09-28,7.167,81,49.3153,/gYrG6F8OXBa8C0Lfx10XaZsHKaw.jpg,/jdwwdMhPJKarEiNojEau5YV1drN.jpg,en,tv,71.0,646.0
45857,REBORN!,"Tsuna, a timid junior high student, is a failure at school, sports, and social life. But everything around Tsuna has been completely changed when a baby called Reborn, who claims to be an Italian hit man from Vongola family shows up! Reborn was sent to groom Tsuna for his future life as a mafia boss of the family!","['Animation', 'Comedy', 'Action & Adventure']","['time travel', 'friendship', 'slapstick comedy', 'mafia', 'school', 'based on manga', 'super power', 'shounen', 'anime', 'age change', 'urban fantasy']","['Yukari Kokubun', 'NEEKO', 'Takashi Kondo', 'Toshinobu Iida', 'Kenjiro Tsuda', 'Yuka Terasaki', 'Junko Takeuchi', 'Satomi Akesaka', 'Suguru Inoue', 'Hidenobu Kiuchi']",[],25.0,2006-10-07,8.159,189,51.1122,/ewYjHmmyxIaM3heRO0eZaOA6xo2.jpg,/3wztM15Bq7TX3Kc8IzApqsOQQjK.jpg,ja,tv,8.0,203.0
84773,The Lord of the Rings: The Rings of Power,"Beginning in a time of relative peace, we follow an ensemble cast of characters as they confront the re-emergence of evil to Middle-earth. From the darkest depths of the Misty Mountains, to the majestic forests of Lindon, to the breathtaking island kingdom of Númenor, to the furthest reaches of the map, these kingdoms and characters will carve out legacies that live on long after they are gone.","['Action & Adventure', 'Drama', 'Sci-Fi & Fantasy']","['elves', 'dwarf', 'based on novel or book', 'prequel', 'troll', 'battle', 'fantasy world', 'mysterious stranger', 'high fantasy', 'sword and sorcery']","['Charlie Vickers', 'Morfydd Clark', 'Robert Aramayo', 'Charles Edwards', 'Owain Arthur', 'Sophia Nomvete', 'Daniel Weyman', 'Markella Kavenagh', 'Megan Richards', 'Ismael Cruz Cordova']","['Patrick McKay', 'John D. Payne']",,2022-09-01,7.227,3843,83.5205,/kf5Hz70tjNAHg4swGDzOr9BfoZ1.jpg,/o2wg8QiSCQrhj91tBfxunE3O5Ba.jpg,en,tv,3.0,24.0
82728,Bluey,"Bluey is an inexhaustible six year-old Blue Heeler dog, who loves to play and turns everyday family life into extraordinary adventures, developing her imagination as well as her mental, physical and emotional resilience.","['Animation', 'Comedy', 'Family', 'Kids']","['friendship', 'cartoon', 'growing up', 'dog', 'family', 'toddler', 'childhood', 'pre-school', 'kids', 'complex', 'heartwarming', 'whimsical', 'cheerful']","['Dave McCormack', 'Melanie Zanetti']",['Joe Brumm'],7.0,2018-10-01,8.586,730,48.954,/9p4pNoGcuyCfHcGWKNrTopqMWtq.jpg,/lGFW6yOgVY9P9KqhiaPQfioPZ1c.jpg,en,tv,3.0,154.0
37678,The Voice,"The strongest vocalists from across the United states compete in a blockbusters vocal competition, the winner becomes “The Voice.” The show's innovative format features four stages of competition: the blind auditions, the battle rounds, the knockouts and, finally, the live performance shows.",['Reality'],"['music competition', 'singing competition', 'reality competition', 'blind audition']","['Carson Daly', 'Adam Levine', 'Kelly Clarkson', 'John Legend']","['Roel van Velzen', 'John de Mol']",,2011-04-26,5.882,224,74.4947,/7ah1WExcMkzbq7sARCTmcC23tBr.jpg,/jzkSqv00uImypVLSUpg16rBjwdW.jpg,en,tv,29.0,695.0
37680,Suits,"While running from a drug deal gone bad, Mike Ross, a brilliant young college-dropout, slips into a job interview with one of New York City's best legal closers, Harvey Specter. Tired of cookie-cutter law school grads, Harvey takes a gamble by hiring Mike on the spot after he recognizes his raw talent and photographic memory.",['Drama'],"['lawyer', 'impostor', 'law firm', 'photographic memory', 'paralegal', 'corporate law', 'courtroom drama']","['Gabriel Macht', 'Rick Hoffman', 'Sarah Rafferty', 'Amanda Schull', 'Dulé Hill', 'Katherine Heigl']",['Aaron Korsh'],42.0,2011-06-23,8.22,5847,110.7743,/vQiryp6LioFxQThywxbC6TuoDjy.jpg,/or0E36KfzJYZwqXeiCfm1JgepKF.jpg,en,tv,9.0,134.0
236338,Gushing Over Magical Girls,"Hiragi Utena is a major fangirl of the magical girls protecting her city and leaps at the chance to join their ranks. But once she transforms, she learns she's a villain who enjoys being a magical-girl-tormenting sadist instead!","['Animation', 'Sci-Fi & Fantasy', 'Comedy']","['based on manga', 'bdsm', 'ecchi', 'anime', ""girls' love (gl)"", 'nudity', 'henshin heroes', 'magical girl', 'fangirl']","['Fuka Izumi', 'Misato Fukuen', 'Aoi Koga', 'Shiori Sugiura', 'Kaori Maeda', 'Mayuko Kazama', 'Misaki Ikeda', 'Kana Asumi']",[],24.0,2024-01-03,8.321,120,46.3557,/p7vWZL5HhbscGf7OjnprT2977Lt.jpg,/dvIguIZqqQKCt7YiKq7evfk5NW3.jpg,ja,tv,2.0,14.0
2875,MacGyver,"He's everyone's favorite action hero... but he's a hero with a difference. Angus MacGyver is a secret agent whose wits are his deadliest weapon. Armed with only a knapsack filled with everyday items he picks up along the way, he improvises his way out of every peril the bad guys throw at him.

Making a bomb out of chewing gum? Fixing a speeding car's breaks... while he's riding in it? Using soda pop to cook up tear gas? That's all in a day's adventures for MacGyver. He's part Boy Scout, part genius. And all hero.","['Drama', 'Action & Adventure', 'Crime']","['spy', 'crime fighter', 'hero', 'secret agent', 'espionage', 'vigilante', 'escape', 'terrorism', 'one man army', 'calm', 'good versus evil', 'inspirational', 'comforting']","['Richard Dean Anderson', 'Dana Elcar']",['Lee David Zlotoff'],45.0,1985-09-29,7.718,947,42.0114,/zhgJNHbFxGkqdsKdkZLBrDWagOv.jpg,/dW58Jn2Fi29P5tC0oSJ6YWhiV9E.jpg,en,tv,7.0,139.0
2883,Dark Shadows,"Dark Shadows is an American gothic soap opera that originally aired weekdays on the ABC television network, from June 27, 1966, to April 2, 1971. The show was created by Dan Curtis. The story bible, which was written by Art Wallace, does not mention any supernatural elements. It was unprecedented in daytime television when ghosts were introduced about six months after it began.

The series became hugely popular when vampire Barnabas Collins appeared a year into its run. Dark Shadows also featured werewolves, zombies, man-made monsters, witches, warlocks, time travel, and a parallel universe. A small company of actors each played many roles; indeed, as actors came and went, some characters were played by more than one actor. Major writers besides Art Wallace included Malcolm Marmorstein, Sam Hall, Gordon Russell, and Violet Welles.","['Drama', 'Sci-Fi & Fantasy', 'Soap']","['vampire', 'supernatural', 'curse', 'mansion', 'werewolf', 'gothic horror', 'mausoleum', 'ghost', 'family estate', 'haunted']","['Jonathan Frid', 'Grayson Hall', 'Nancy Barrett', 'David Selby', 'Joan Bennett', 'Lara Parker', 'David Henesy', 'Kathryn Leigh Scott', 'Thayer David', 'Roger Davis']",['Dan Curtis'],22.0,1966-06-27,7.321,95,51.0509,/eRtnI7qTJIiPUmlY3J8TTM3jlT7.jpg,/fmFsm4dq02k2Xxs7M887unPAiXd.jpg,en,tv,12.0,1225.0
219971,The Agency,"Covert CIA agent Martian is ordered to abandon his undercover life and return to London Station. When the love he left behind unexpectedly reappears, their romance reignites, pitting his career, his real identity and his mission against his heart while hurling them both into a deadly game of international intrigue and espionage.","['Drama', 'Mystery']","['london, england', 'spy', 'undercover agent', 'remake', 'political thriller', 'grim', 'spy thriller', 'spycraft', 'foreboding', 'cia agent']","['Michael Fassbender', 'Jeffrey Wright', 'Jodie Turner-Smith', 'Katherine Waterston', 'Harriet Sansom Harris', 'John Magaro', 'Saura Lightfoot-Leon', 'India Fowler', 'Andrew Brooke', 'Christian Ochoa Lavernia']","['Jez Butterworth', 'John-Henry Butterworth']",,2024-12-01,7.175,265,39.2028,/zoLZbm5gtTQurjMxp5VOdHIpMmz.jpg,/9itOpkXcVrJDlGvRDMaLjUdTwrs.jpg,en,tv,2.0,20.0
240456,The Count of Monte Cristo,"Young sailor Edmond Dantès is wrongfully imprisoned, escapes, finds treasure, and reinvents himself as the wealthy Count of Monte Cristo to exact revenge on those who betrayed him.","['Action & Adventure', 'Drama']","['based on novel or book', 'revenge', 'comforting']","['Sam Claflin', 'Ana Girardot', 'Blake Ritson', 'Mikkel Boe Følsgaard', 'Harry Taurasi', 'Michele Riondino', 'Jeremy Irons', 'Lino Guanciale', 'Nicolas Maupas', 'Jason Barnett']",['Bille August'],,2025-01-13,7.809,178,50.2909,/bH85johgKnXDVVHdta9Q0wnG2PI.jpg,/mKZLq5Vy3InX1dFHtSFPxodCiOx.jpg,it,tv,1.0,8.0
31572,Lupin the 3rd,"Follow the exciting adventures of Arsene Lupin III, the grandson of the world's greatest thief, Arsene Lupin. Together with Daisuke Jigen, Goemon Ishikawa and his love interest Fujiko Mine, he carries out the greatest robberies of all time, all the while evading the control of Inspector Koichi Zenigata.","['Animation', 'Action & Adventure', 'Sci-Fi & Fantasy']","['detective', 'treasure', 'samurai', 'anti hero', 'thief', 'travel', 'fugitive', 'based on manga', 'gentleman thief', 'seinen', 'anime', 'comedy']","['Kanichi Kurita', 'Akio Otsuka', 'Miyuki Sawashiro', 'Daisuke Namikawa', 'Koichi Yamadera']",[],25.0,1971-10-24,7.992,132,39.7024,/khfsxY7EyQsdEHzlnkn42CIjZI.jpg,/961SQWKlq6EQKN5lvXLR04YxSkw.jpg,ja,tv,6.0,300.0
273240,Off Campus,"Hannah Wells tutors hockey captain Garrett Graham to win over her crush. Their deal becomes real connection as they face their pasts. Friends Logan, Dean, Tucker, and Allie navigate college life and love.",['Drama'],"['based on novel or book', 'self-discovery', 'love', 'romance', 'romantic', 'compassionate']","['Ella Bright', 'Belmont Cameli', 'Mika Abdalla', 'Stephen Kalyn', 'Jalen Thomas Brooks', 'Antonio Cipriano']",['Louisa Levy'],,2026-05-13,8.913,777,84.7943,/tcPc5ZMBO4y2BtCJMe3o2nwZb2B.jpg,/TGJ34SvYJ2ZgzsOgAaXzSx3o7E.jpg,en,tv,1.0,8.0
2912,Jeopardy!,"America's favorite quiz show where contestants are presented with general knowledge clues in the form of answers, and must phrase their responses in question form.","['Reality', 'Family']","['game show', 'quiz', 'trivia', 'matter of fact']",['Johnny Gilbert'],['Merv Griffin'],22.0,1984-09-10,6.9,160,91.5563,/hfz0IgebqGENG6ZnuqKQKMFk2vy.jpg,/55tcKzl0gZ0lR1q7TrVJm0h9lkT.jpg,en,tv,43.0,9394.0
873,Columbo,"Columbo is a friendly, verbose, disheveled-looking police detective who is consistently underestimated by his suspects. Despite his unprepossessing appearance and apparent absentmindedness, he shrewdly solves all of his cases and secures all evidence needed for indictment. His formidable eye for detail and meticulously dedicated approach often become clear to the killer only late in the storyline.","['Crime', 'Drama', 'Mystery']","['detective', 'affectation', 'murder', 'police detective', 'basset hound', 'raincoat', 'criminal investigation', 'murder investigation', 'homicide detective', 'peugeot', 'homicide investigation', 'solved', 'admiring', 'just one more thing', 'cigar', 'peugeot 403', 'peugeot car', 'solve']",['Peter Falk'],"['William Link', 'Richard Levinson']",,1971-09-15,8.062,843,71.0324,/2JCD8vab3fircOU8cM2HJCxfv4I.jpg,/d7cH4zt3xoqRQnLqYXMPOrUz5k3.jpg,en,tv,10.0,67.0
80748,FBI,"The New York office of the FBI brings to bear all their talents, intellect and technical expertise on major cases in order to keep their city and the country safe.","['Crime', 'Action & Adventure', 'Drama']","['new york city', 'fbi', 'investigation', 'gunfight', 'foot chase', 'criminal investigation', 'gun shooting', 'special agent', 'police procedural', 'fbi agent', 'federal crime', 'crime', 'fbi operation']","['Missy Peregrym', 'Zeeko Zaki', 'Jeremy Sisto']","['Dick Wolf', 'Craig Turk']",,2018-09-25,7.924,930,94.2909,/zfKS4WL0OZ9udpNoSYZw91VB3aH.jpg,/5DFvscYGpcFaQMJljCic5gbzVe6.jpg,en,tv,9.0,158.0
70523,Dark,A missing child sets four families on a frantic hunt for answers as they unearth a mind-bending mystery that spans three generations.,"['Crime', 'Drama', 'Sci-Fi & Fantasy', 'Mystery']","['hotel', 'detective', 'small town', 'cave', 'nuclear power plant', 'time travel', 'investigation', 'time machine', 'cop', 'woods', 'surrealism', 'priest', 'time loop', 'disappearance', 'incest', 'missing child', 'psychotic', 'alternate timeline', 'watchmaker', 'mysterious past', 'family crisis', 'science fiction', 'suspense', 'thriller', 'depressing', 'hopeful', 'chilling']",['Louis Hofmann'],"['Baran bo Odar', 'Jantje Friese']",,2017-12-01,8.425,7759,46.2397,/apbrbWs8M9lyOpJYU5WXrpFbk1Z.jpg,/3jDXL4Xvj3AzDOF6UH1xeyHW8MH.jpg,de,tv,3.0,26.0
76669,Elite,"When three working class kids enroll in the most exclusive school in Spain, the clash between the wealthy and the poor students leads to tragedy.","['Crime', 'Mystery', 'Drama']","['love triangle', 'jealousy', 'infidelity', 'seduction', 'menage a trois', 'friendship', 'elite', 'murder', 'school', 'disappearance', 'lgbt', 'gay muslim', 'teen drama', 'brother brother relationship', 'gay theme', 'muslim character']","['Omar Ayuso', 'Valentina Zenere', 'André Lamoglia', 'Carmen Arrufat', 'Ander Puig', 'Nadia Al Saidi', 'Fernando Lindez', 'Mirela Balić', 'Gleb Abrosimov', 'Iván Mendes']","['Darío Madrona', 'Carlos Montero']",,2018-10-05,8.0,9401,54.6892,/3NTAbAiao4JLzFQw6YxP1YZppM8.jpg,/1qOA3kMtQO8bjnW8M2smjA8tp10.jpg,es,tv,8.0,64.0
2942,The Tudors,"The Tudors is a history-based drama series following the young, vibrant King Henry VIII, a competitive and lustful monarch who navigates the intrigues of the English court and the human heart with equal vigor and justifiable suspicion.","['Drama', 'Romance']","['england', 'monarchy', 'royal family', 'tudor', 'anne boleyn', 'king of england', 'henry viii', 'palace intrigue', 'historical drama', '16th century', 'simulated sex']","['Jonathan Rhys Meyers', 'Henry Cavill', 'Sarah Bolger', 'Max Brown', ""David O'Hara"", 'Lothaire Bluteau', 'Tamzin Merchant', 'Torrance Coombs', 'Anthony Brophy', 'Laoise Murray']",['Michael Hirst'],55.0,2007-04-01,7.823,844,51.1398,/7pdeNK1CUqj1yuG9VMDeynnq9xK.jpg,/cKsmzu5YpayNxc6Gs9KD8wyJV8M.jpg,en,tv,4.0,38.0
45950,High School DxD,"Issei Hyodo is your average perverted high school student whose one wish in life is to have his own harem, but he's got to be one of the unluckiest guys around. He goes on his first date with a girl only to get brutally attacked and killed when it turns out the girl is really a vicious fallen angel. To top it all off, he's later reincarnated as a devil by his gorgeous senpai who tells him that she is also a devil and now his master! One thing's for sure, his peaceful days are over. In a battle between devils and angels, who will win?","['Animation', 'Action & Adventure', 'Comedy', 'Sci-Fi & Fantasy']","['angel', 'transformation', 'supernatural', 'high school', 'harem', 'romance', 'sexual humor', 'fallen angel', 'dragon', 'demon', 'super power', 'teen comedy', 'school life', 'ecchi', 'anime', 'school club', 'playful', 'supernatural ability', 'power suit', 'provocative', 'urban fantasy', 'based on light novel', 'whimsical']","['Yuki Kaji', 'Yoko Hikasa', 'Azumi Asakura', 'Shizuka Itoh', 'Ayana Taketatsu', 'Fumihiko Tachiki', 'Saori Seto', 'Risa Taneda']",[],,2012-01-06,8.501,2062,43.4211,/5a9vaaLDAZTYjgfWIw7ZYhL1m1A.jpg,/oF8PNdntjZ7DUrAvnhNPPNRi0q6.jpg,ja,tv,4.0,49.0
322430,The Polygamist,"Social media darling, Joyce, is the picture of marital perfection — until her cheating husband's conquests ignite a scandalous emotional meltdown.","['Drama', 'Soap']","['based on novel or book', 'scandal', 'emotional']","['Gugu Gumede', ""S'Dumo Mtshali"", 'Kwanele Mthethwa', 'Kenneth Nkosi']",['Akin Omotoso'],,2026-06-12,8.902,179,41.0314,/emnQZe22rYBCsbZ7h1TUAkYEzrZ.jpg,/hGCQ0tsJMpKjfrnCyYY0kMY2kY1.jpg,zu,tv,1.0,22.0
287620,Stuart Fails to Save the Universe,"After accidentally creating a new multiverse, comic book store owner Stuart Bloom must locate a quantum-interference device to restore reality.","['Comedy', 'Sci-Fi & Fantasy']","['comic book shop', 'spin off', 'alternate universe', 'multiverse', 'improbable team', 'fail']","['Kevin Sussman', 'Lauren Lapkus', 'Brian Posehn', 'John Ross Bowie']","['Chuck Lorre', 'Zak Penn', 'Bill Prady']",24.0,2026-07-23,9.1,95,59.8495,/rZLmNNoQKfmfedsckkTqMy7F2ti.jpg,/k5ujbFUxNlBQQ6sh3UmApwadVTV.jpg,en,tv,1.0,10.0
900,Skins,"Irreverent comedy drama which follows the messy lives, loves, delirious highs and inevitable lows of a group of raucous teenage friends in Bristol.","['Drama', 'Comedy']","['england', 'drugs', 'teenage sexuality', 'teenage romance', 'teen drama']",[],"['Bryan Elsley', 'Jamie Brittain']",44.0,2007-01-25,8.135,1421,43.0308,/3lINq40kw9T52ipjwN8Rht4rnrj.jpg,/saBnI34QTYTjG9sj8DsembO4PBK.jpg,en,tv,7.0,61.0
902,Yu-Gi-Oh! Duel Monsters,"Bullies often target someone frail and weak—someone exactly like Yûgi Muto. He treasures his Millennium Puzzle, an ancient Egyptian artifact that was brought into his grandfather's game shop. Believing that solving the puzzle will grant him his wish, he completes the puzzle, unleashing a new personality within him, the soul of the ""King of Games."" The new personality named Yami Yûgi is the exact opposite of Yûgi. Upon any injustice toward him, Yami Yûgi takes over Yûgi's body and forces the opponent into a ""Shadow Game"".","['Animation', 'Action & Adventure']","['egypt', 'monster', 'card game', 'mythology', 'magic', 'friendship', 'friends', 'remake', 'school', 'trap', 'giant monster', 'duel', 'based on manga', 'battle', 'trapped', 'strategy', 'nostalgic', 'card', 'shounen', 'anime', 'japanese high school', 'rival', 'mysterious events', 'fantasy', 'secret', 'joyous', 'adventure']","['Kenjiro Tsuda', 'Hiroki Takahashi', 'Shunsuke Kazama', 'Maki Saito', 'Takayuki Kondo', 'Rica Matsumoto', 'Junko Takeuchi', 'Tetsuya Iwanaga', 'Ryou Naitou', 'Haruhi Nanao']",[],24.0,2000-04-18,8.3,1048,46.623,/mM6c5ISlyKWtie2hGiZWo6hmlhU.jpg,/gJYZBM200Flldo6im3EEdXslR1j.jpg,ja,tv,1.0,224.0
2962,The Mary Tyler Moore Show,"30-year-old single Mary Richards moves to Minneapolis to start a new life after a romantic break-up. There she reacquaints with Phyllis who rents her a room, and meets her upstairs neighbor and new best friend Rhoda. Mary unexpectedly lands a job as associate producer at the TV station WJM, where she works alongside her bristly boss, Lou; the comical newswriter, Murray; and the newscast's often-incompetent anchor, Ted.",['Comedy'],"['dating', 'working woman', 'sitcom', 'tv news anchor', 'workplace comedy', 'television / tv studio', 'hilarious']","['Mary Tyler Moore', 'Ed Asner', 'Gavin MacLeod', 'Ted Knight']","['Allan Burns', 'James L. Brooks']",25.0,1970-09-19,7.7,86,42.0372,/nFsgsmK7isjtdEVTL35mJEQZHuO.jpg,/hiReFpcc4NZOZdbtyOYrcZ5vCv3.jpg,en,tv,7.0,168.0
205715,Gen V,"At America's only college for superheroes, gifted students put their moral boundaries to the test, competing for the university's top ranking, and a chance to join The Seven, Vought International's elite superhero team. When the school's dark secrets come to light, they must decide what kind of heroes they want to become.","['Action & Adventure', 'Drama', 'Sci-Fi & Fantasy']","['superhero', 'based on comic', 'dark comedy', 'spin off', 'super power', 'college student', 'absurd', 'depressing', 'cliché']","['Jaz Sinclair', 'Lizze Broadway', 'Maddie Phillips', 'London Thor', 'Derek Luh', 'Asa Germann', 'Sean Patrick Thomas', 'Hamish Linklater']","['Craig Rosenberg', 'Evan Goldberg', 'Eric Kripke']",,2023-09-28,7.638,1574,40.5878,/tEv842Nd5uMSavURG4aQO1pNtst.jpg,/tldMHeR7UnihV5ffrxxM8cDhbtT.jpg,en,tv,2.0,16.0
918,M*A*S*H,"The 4077th Mobile Army Surgical Hospital is stuck in the middle of the Korean war. With little help from the circumstances they find themselves in, they are forced to make their own fun. Fond of practical jokes and revenge, the doctors, nurses, administrators, and soldiers often find ways of making wartime life bearable.","['War & Politics', 'Drama', 'Comedy']","['based on novel or book', 'surgeon', 'korean war (1950-53)', 'us army', 'doctor', 'american abroad', 'military', 'sitcom', 'military hospital', 'medical drama', 'field hospital', 'army camp', 'period sitcom']","['Alan Alda', 'Mike Farrell', 'Harry Morgan', 'Loretta Swit', 'David Ogden Stiers', 'Jamie Farr', 'William Christopher']",['Larry Gelbart'],,1972-09-17,7.937,757,46.18,/6rhuM3oMoEWKxAdrm7IyM8oq8cC.jpg,/8nkOWsMtWZvp7IGuYdVbJeoWzQx.jpg,en,tv,11.0,251.0
15260,Adventure Time,"Young Finn and his shape-shifting dog buddy, Jake, go on a series of surreal adventures as they journey through the postapocalyptic Land of Ooo.","['Animation', 'Comedy', 'Sci-Fi & Fantasy']","['candy', 'magic', 'dementia', 'penguin', 'vampire', 'post-apocalyptic future', 'cartoon', 'princess', 'talking dog', 'dog', 'adopted brother', 'wizard', 'talking animal', 'ice', 'bubblegum', 'absurd', 'sympathetic']","['Jeremy Shada', 'John DiMaggio', 'Tom Kenny', 'Hynden Walch', 'Olivia Olson', 'Niki Yang', 'Pendleton Ward', 'Polly Lou Livingston']",['Pendleton Ward'],11.0,2010-04-05,8.509,3173,97.0234,/qk3eQ8jW4opJ48gFWYUXWaMT4l.jpg,/pe4B3OYBb7qYCdkAz7nKWordbls.jpg,en,tv,10.0,279.0
82856,The Mandalorian,"After the fall of the Galactic Empire, lawlessness has spread throughout the galaxy. A lone gunfighter makes his way through the outer reaches, earning his keep as a bounty hunter.","['Sci-Fi & Fantasy', 'Action & Adventure']","['bounty hunter', 'affectation', 'space western', 'space opera', 'space exploration', 'quest']","['Pedro Pascal', 'Katee Sackhoff']",['Jon Favreau'],,2019-11-12,8.407,11132,54.5383,/sWgBv7LV2PRoQgkxwlibdGXKz1S.jpg,/9zcbqSxdsRMZWHYtyCd1nXPr2xq.jpg,en,tv,3.0,24.0
82873,The Kelly Clarkson Show,"Kelly Clarkson presents the biggest newsmakers and names in film, television and music; as well as emerging new talent and everyday people who are beacons of hope in their communities.",['Talk'],"['talk show', 'singer']",['Kelly Clarkson'],[],,2019-09-09,6.3,71,93.8295,/sBix25bie9UQFzbarN51DpFO5ky.jpg,/bk7QdAIUqkGpZO5GUX4AMB2AZIB.jpg,en,tv,7.0,941.0
3034,Scene of the Crime,"Tatort is a long-running German/Austrian/Swiss crime television series set in various parts of these countries. The show is broadcast on the channels of ARD in Germany, ORF in Austria and SF1 in Switzerland.","['Drama', 'Crime']","['police', 'criminal investigation', 'crime investigation', 'police procedural']",[],[],,1970-11-29,6.196,125,74.2536,/yh43TKi9himQWhzrlWBxV8WjsFn.jpg,/A4iwF1mpDq8HScQ3MZMhMJuT93k.jpg,de,tv,57.0,1338.0
84958,Loki,"After stealing the Tesseract during the events of “Avengers: Endgame,” an alternate version of Loki is brought to the mysterious Time Variance Authority, a bureaucratic organization that exists outside of time and space and monitors the timeline. They give Loki a choice: face being erased from existence due to being a “time variant” or help fix the timeline and stop a greater threat.","['Drama', 'Sci-Fi & Fantasy']","['secret organization', 'time', 'time travel', 'superhero', 'based on comic', 'spin off', 'marvel cinematic universe (mcu)', 'alternate timeline', 'woman director', 'multiverse']","['Tom Hiddleston', 'Sophia Di Martino', 'Wunmi Mosaku', 'Eugene Cordero', 'Ke Huy Quan', 'Owen Wilson', 'Gugu Mbatha-Raw']",['Michael Waldron'],,2021-06-09,8.172,12593,53.0855,/rX1wQMTKFqF0gvZyS0DDQqgnQPB.jpg,/q3jHCb4dMfYF6ojikKuHd6LscxC.jpg,en,tv,2.0,12.0
37854,One Piece,"Years ago, the fearsome Pirate King, Gol D. Roger was executed leaving a huge pile of treasure and the famous ""One Piece"" behind. Whoever claims the ""One Piece"" will be named the new King of the Pirates.

Monkey D. Luffy, a boy who consumed a ""Devil Fruit,"" decides to follow in the footsteps of his idol, the pirate Shanks, and find the One Piece. It helps, of course, that his body has the properties of rubber and that he's surrounded by a bevy of skilled fighters and thieves to help him along the way.

Luffy will do anything to get the One Piece and become King of the Pirates!","['Action & Adventure', 'Comedy', 'Animation']","['ocean', 'sea', 'boat', 'treasure', 'fight', 'liberation', 'ship', 'friendship', 'friends', 'pirate', 'based on manga', 'super power', 'adventurer', 'shounen', 'sea adventure', 'anime', 'wonder', 'fantasy', 'adventure', 'defiant']","['Mayumi Tanaka', 'Kazuya Nakai', 'Mari Yaguchi', 'Akemi Okamura', 'Kappei Yamaguchi', 'Hiroaki Hirata', 'Ikue Otani', 'Yuriko Yamaguchi', 'Kazuki Yao', 'Katsuhisa Houki']",[],24.0,1999-10-20,8.752,5475,50.37,/dB4EDhre2dsC2kxYDavyKWqLQwi.jpg,/2rmK7mnchw9Xr3XdiTFSxTTLXqv.jpg,ja,tv,23.0,1181.0
203744,Sugar,"John Sugar is a dashing private eye navigating the dark corners of sunny LA. Though he sees only the good in humanity, Sugar is haunted by a secret too dangerous to expose.","['Drama', 'Mystery']","['los angeles, california', 'private detective', 'missing person', 'neo-noir', 'thriller']","['Colin Farrell', 'Jin Ha', 'Tony Dalton', 'Raymond Lee', 'Laura Donnelly', 'Sasha Calle', 'Shea Whigham']",['Mark Protosevich'],,2024-04-04,7.184,354,73.3989,/tLmwLYiI7EpPbhgmdeivNGY0xw7.jpg,/1TD4RxJsHkFbkJtWgoVRzQf9STd.jpg,en,tv,2.0,16.0
41956,Death in Paradise,A brilliant but idiosyncratic British detective and his resourceful local team solve baffling murder mysteries on the fictional Caribbean island of Saint Marie.,"['Comedy', 'Crime', 'Drama', 'Mystery']","['detective', 'island', 'investigation', 'police', 'murder', 'whodunit', 'investigator', 'police detective', 'murder investigation', 'caribbean sea', 'murder mystery', 'calm', 'antilles', 'caribbean', 'cosy crime']","['Don Warrington', 'Élisabeth Bourgine', 'Shantol Jackson', 'Don Gilet', 'Shaquille Ali-Yebuah', 'Catherine Garton']",['Robert Thorogood'],53.0,2011-10-25,7.4,336,72.6376,/u7t6vCyqAdD5hE4eEfTrZmVljDi.jpg,/nCwAmyCcA6w1ZFjKrmwCRPiy4gt.jpg,en,tv,15.0,120.0
33765,My Little Pony: Friendship Is Magic,"Journey to the enchanted land of Equestria, where unicorn Twilight Sparkle and her pals have adventures and learn valuable lessons about friendship.","['Animation', 'Comedy', 'Sci-Fi & Fantasy', 'Kids']","['magic', 'pony', 'friendship', 'pegasus', 'dragon', 'unicorn', 'fantasy world']","['Tara Strong', 'Ashleigh Ball', 'Andrea Libman', 'Tabitha St. Germain', 'Cathy Weseluck', 'Nicole Oliver', 'Michelle Creber', 'Claire Margaret Corlett', 'Madeleine Peters', 'Peter New']",['Lauren Faust'],22.0,2010-10-10,8.182,759,58.9654,/uvCchgn7uUUE2MJfhzg39M4RaZW.jpg,/gOyIKp7adMCzFrYjc5rxmt2PNhi.jpg,en,tv,9.0,221.0
17380,The Real Housewives of Atlanta,Bravo's cameras turn to the Southern states as the network presents this inside look at the Real Housewives of Atlanta. These women handle the personal dramas that affect their affluent lifestyles with a signature Southern brand of “style” and “grace.”,['Reality'],"['atlanta', 'housewife']","['Porsha Williams', 'Drew Sidora', 'Phaedra Parks', 'Kelli Potter', 'Angela Oakley', 'Pinky Cole', 'K. Michelle', 'Shamea Morton']",['Scott Dunlop'],43.0,2008-10-07,5.874,127,40.3254,/zS8xeLgPJklx6WRl1BW7LVVitfg.jpg,/pMCckm5nwNFDXkQDdWukxEqyMSp.jpg,en,tv,17.0,356.0
226285,Elsbeth,"After her successful career in Chicago, Elsbeth Tascioni, an astute but unconventional attorney, utilizes her singular point of view to make unique observations and corner brilliant criminals alongside the NYPD.","['Crime', 'Drama', 'Comedy', 'Mystery']","['playful', 'legal', 'amused', 'comforting']","['Carrie Preston', 'Wendell Pierce']","['Robert King', 'Michelle King']",,2024-02-29,6.717,129,41.8998,/7lnNSbT90qwtrn1h9TvEkVFMz2P.jpg,/ezQSOeu9uj4bWulxHR7D5CSNv3r.jpg,en,tv,4.0,51.0
125935,Abbott Elementary,"In this workplace comedy, a group of dedicated, passionate teachers — and a slightly tone-deaf principal — are brought together in a Philadelphia public school where, despite the odds stacked against them, they are determined to help their students succeed in life. Though these incredible public servants may be outnumbered and underfunded, they love what they do — even if they don’t love the school district’s less-than-stellar attitude toward educating children.",['Comedy'],"['philadelphia, pennsylvania', 'elementary school', 'school', 'mockumentary', 'public school', 'sitcom', 'thoughtful', 'workplace comedy', 'elementary school teacher', 'amused']","['Quinta Brunson', 'Tyler James Williams', 'Sheryl Lee Ralph', 'Lisa Ann Walter', 'Chris Perfetti', 'Janelle James', 'William Stanford Davis']",['Quinta Brunson'],,2021-12-07,7.477,321,52.1555,/nBe1e3JJEZ6veGrVXNF0fRoLu56.jpg,/7UJ2rNqDTTw36b38KN2MpYhCm1r.jpg,en,tv,6.0,93.0
220150,Pokémon Horizons,"Follow Liko and Roy as they unravel the mysteries that surround them and encounter Friede, Captain Pikachu, Amethio, and others during their exciting adventures!","['Animation', 'Action & Adventure', 'Sci-Fi & Fantasy', 'Kids']","['friendship', 'travel', 'airship', 'based on video game', 'adventurer', 'journey', 'kids', 'anime', 'student']","['Minori Suzuki', 'Yuka Terasaki', 'Yoshino Aoyama']",[],25.0,2023-04-14,8.693,114,50.8282,/amemXW39lMbNBJFRMJ5W7q9mLP2.jpg,/d0axpGojOqDag5lDa0eNSEtw11l.jpg,ja,tv,1.0,144.0
1018,Bonanza,The High-Sierra adventures of Ben Cartwright and his sons as they run and defend their ranch while helping the surrounding community.,"['Western', 'Action & Adventure', 'Drama', 'Family']","['nevada', 'ranch', 'family', 'single father', 'cowboy', 'wild west', '19th century', 'early america', 'inspirational']","['Lorne Greene', 'Michael Landon', 'David Canary', 'Tim Matheson', 'Mitch Vogel']",['David Dortort'],49.0,1959-09-12,7.546,491,51.4439,/wQ1iVrG871anxkEUwWTRdPRi0j1.jpg,/61OxoiBHvGFOB4gufYfypHyCbI4.jpg,en,tv,14.0,431.0
1021,Casualty,"Drama series about the staff and patients at Holby City Hospital's emergency department, charting the ups and downs in their personal and professional lives.","['Drama', 'Soap']","['england', 'hospital', 'doctor', 'medical drama']","['William Beck', 'Elinor Lawless', 'Neet Mohan', 'Charles Venn', 'Di Botcher', 'Michael Stevenson', 'Anna Chell', 'Sarah Seggari', 'Melanie Hill', 'Sammy T. Dobson']","['Jeremy Brock', 'Paul Unwin']",,1986-09-06,6.2,88,49.2112,/ahqMUNIUeGIBQSkShEV32085IFZ.jpg,/wnyMAP1Xep5BUwTqMq2KBHjRHws.jpg,en,tv,46.0,1400.0
21510,White Collar,"In exchange for his freedom, charming con artist Neal Caffrey provides his expertise to help straight-man FBI agent Peter Burke catch elusive white-collar criminals.","['Crime', 'Drama', 'Mystery']","['new york city', 'fbi', 'con man', 'art thief', 'ex-con', 'gentleman thief', 'white collar criminal', 'forger', 'criminal consultant', 'colleague']","['Matt Bomer', 'Tim DeKay', 'Willie Garson', 'Tiffani-Amber Thiessen', 'Marsha Thomason', 'Sharif Atkins']",['Jeff Eastin'],,2009-10-23,8.217,1592,49.519,/417XNiGvdzCsG9kDnnQJYaBsIrx.jpg,/aUyweq31etaay92oF4crwdDcnoT.jpg,en,tv,6.0,81.0
42009,Black Mirror,"Twisted tales run wild in this mind-bending anthology series that reveals humanity's worst traits, greatest innovations and more.","['Sci-Fi & Fantasy', 'Drama', 'Mystery']","['technology', 'dystopia', 'satire', 'anthology', 'dark comedy', 'punishment', 'social satire', 'alternative reality', 'disturbed', 'humanity', 'thoughtful', 'cyber thriller', 'near future', 'inspirational', 'social sci-fi', 'critical', 'horror', 'crime']",[],['Charlie Brooker'],,2011-12-04,8.288,6394,61.6557,/seN6rRfN0I6n8iDXjlSMk1QjNcq.jpg,/dg3OindVAGZBjlT3xYKqIAdukPL.jpg,en,tv,7.0,33.0
125988,Silo,"In a ruined and toxic future, thousands live in a giant silo deep underground. After its sheriff breaks a cardinal rule and residents die mysteriously, engineer Juliette starts to uncover shocking secrets and the truth about the silo.","['Sci-Fi & Fantasy', 'Drama']","['corruption', 'based on novel or book', 'post-apocalyptic future', 'dystopia', 'politics', 'disaster', 'cynical', 'hidden powers', 'silo', 'societal ignorance', 'cautionary', 'systemic corruption', 'authoritarian']","['Rebecca Ferguson', 'Common', 'Chinaza Uche', 'Ashley Zukerman', 'Shane McRae', 'Remmie Milner', 'Alexandria Riley', 'Reed Birney', 'Laura Innes', 'Jessica Brown Findlay']",['Graham Yost'],,2023-05-04,8.19,2409,207.6542,/gMYZZvnkVNTqSVnVCphWbPXwWwb.jpg,/uTWhbLc7Bj4qNSdW3ZvZKL8cOHv.jpg,en,tv,4.0,30.0
3137,Babylon 5,"Babylon 5 is a five-mile long space station located in neutral space. Built by the Earth Alliance in the 2250s, its goal is to maintain peace among the various alien races by providing a sanctuary where grievances and negotiations can be worked out among duly appointed ambassadors. A council made up of representatives from the five major space-faring civilizations - the Earth Alliance, Minbari Federation, Centauri Republic, Narn Regime, and Vorlon Empire - work with the League of Non-Aligned Worlds to keep interstellar relations under control. Aside from its diplomatic function, Babylon 5 also serves as a military post for Earth and a port of call for travelers, traders, businessmen, criminals, and Rangers.","['Drama', 'Sci-Fi & Fantasy', 'Action & Adventure']","['prophecy', 'space colony', 'transformation', 'time travel', 'space station', 'space opera', 'future war', 'alien civilization', 'mental telepathy', 'dramatic', 'critical', 'advanced ancient civilization']","['Bruce Boxleitner', 'Jerry Doyle', 'Mira Furlan', 'Richard Biggs', 'Andreas Katsulas', 'Peter Jurasik', 'Stephen Furst', 'Bill Mumy', 'Tracy Scoggins', 'Patricia Tallman']",['J. Michael Straczynski'],45.0,1994-01-26,8.031,608,44.1433,/td8O6KJQpN9ZRiuyFUILziXFMrk.jpg,/ymdCZck7hy7EDxUTR4Uq1MisfyX.jpg,en,tv,5.0,110.0
259140,Ranma1/2,"Akane Tendo meets her new fiancé, Ranma Saotome, a martial arts prodigy with a twist: he magically transforms into a girl upon touching cold water.","['Animation', 'Action & Adventure', 'Comedy']","['martial arts', 'arranged marriage', 'harem', 'remake', 'romcom', 'romance', 'curse', 'based on manga', 'turns into animal', 'shounen', 'anime', 'gender swap', 'love polygon']","['Kappei Yamaguchi', 'Megumi Hayashibara', 'Noriko Hidaka']",[],23.0,2024-10-06,8.119,172,42.2511,/cDThx8yRYbdPOSgHbjihS4q7GYc.jpg,/xvD9urN8lUtWw5fm4a87Rl3dCZn.jpg,ja,tv,1.0,25.0
87108,Chernobyl,The true story of one of the worst man-made catastrophes in history: the catastrophic nuclear accident at Chernobyl. A tale of the brave men and women who sacrificed to save Europe from unimaginable disaster.,['Drama'],"['based on true story', 'disaster', 'miniseries', 'nuclear catastrophe', '1980s', 'chernobyl, ukraine']","['Jared Harris', 'Stellan Skarsgård', 'Emily Watson', 'Paul Ritter', 'Jessie Buckley', 'Adam Nagaitis', 'Sam Troughton', 'Robert Emms', ""Con O'Neill"", 'Adrian Rawlins']",['Craig Mazin'],,2019-05-06,8.721,8155,39.6624,/hlLXt2tOPT6RRnjiUmoxyG1LTFi.jpg,/3URK0z9PzpVNJrGE7XOuyy6KFzk.jpg,en,tv,1.0,5.0
126027,Ghosts,"Samantha and Jay throw caution to the wind when they convert their recently inherited country estate into a bed-and-breakfast. Call it mislaid plans. Not only is the place falling apart, but it’s also inhabited by spirits of previous residents -- whom only Samantha can see and hear.","['Comedy', 'Sci-Fi & Fantasy']","['haunted house', 'bed and breakfast (b&b)', 'ghost', 'sitcom', 'mysterious', 'domestic comedy', 'amused', 'sarcastic']","['Rose McIver', 'Utkarsh Ambudkar', 'Brandon Scott Jones', 'Danielle Pinnock', 'Richie Moriarty', 'Asher Grodman', 'Rebecca Wisocky', 'Sheila Carrasco', 'Devan Chandler Long', 'Román Zaragoza']","['Joe Port', 'Joe Wiseman']",,2021-10-07,8.037,454,52.6611,/8yBQYa6AdvMY5H9CiAv0HkvF3UE.jpg,/3MmRal3Uw3O0TVMvhfM63Z3mPz3.jpg,en,tv,6.0,98.0
1100,How I Met Your Mother,A father recounts to his children - through a series of flashbacks - the journey he and his four best friends took leading up to him meeting their mother.,['Comedy'],"['roommates', 'self-discovery', 'group of friends', 'sitcom', 'searching for love']","['Josh Radnor', 'Neil Patrick Harris', 'Jason Segel', 'Alyson Hannigan', 'Cobie Smulders', 'Cristin Milioti']","['Craig Thomas', 'Carter Bays']",,2005-09-19,8.125,5861,88.7234,/b34jPzmB0wZy7EjUZoleXOl2RRI.jpg,/3f8aW6vcYRP6mTZdgXm83BiuB9t.jpg,en,tv,9.0,208.0
85077,The Chosen,The life of Christ through the eyes of those who encountered him.,"['Action & Adventure', 'Family', 'Drama']","['christianity', 'identity', 'pacifism', 'sacrifice', 'apostle', 'bible', 'leprosy', 'forgiveness', 'jerusalem', 'hope', 'gospel', 'paralysis', 'marriage', 'faith', 'judas', 'god', 'religion', 'redemption', 'trust', 'belief in god', 'sermon on the mount', 'mental illness', 'grace', 'saint', 'disbelief', 'blindness', 'healing', 'journey', 'religious film', 'messiah', 'parables', 'salvation', 'search for truth', 'humanitarian work', 'jesus christ', 'sermon', 'galilei', 'new testament', 'master disciple relationship', 'crowdfunded film', 'nazareth', 'christian faith', 'miracles', 'jews', 'inspirational', 'biblical', 'follower', 'seekers', 'excited', 'hopeful', 'holiday miracles', 'chosen', 'pharisee']","['Jonathan Roumie', 'Shahar Isaac', 'Elizabeth Tabish', 'Paras Patel', 'Noah James', 'George H. Xanthis', 'Abe Bueno-Jallad', 'Joey Vahedi', 'Giavani Cairo', 'Jordan Walker Ross']",['Dallas Jenkins'],60.0,2019-04-21,8.8,947,68.8182,/dqVUFuNrMFWt7uGNWlpo91VKYOI.jpg,/3siv3RaQrdr2tQiv9jHq71sLlzo.jpg,en,tv,6.0,47.0
33880,The Legend of Korra,"Avatar Korra, a headstrong, rebellious, feisty young woman who continually challenges and breaks with tradition, is on her quest to become a fully realized Avatar. In this story, the Avatar struggles to find balance within herself.","['Animation', 'Action & Adventure', 'Sci-Fi & Fantasy']","['buddhism', 'martial arts', 'asia', 'friendship', 'romance', 'steampunk', 'coming of age', 'spirituality', 'female protagonist', 'spirit', 'spin off', 'fantasy world', 'political corruption', 'anime inspired']","['Janet Varney', 'David Faustino', 'P.J. Byrne', 'Seychelle Gabriel', 'J.K. Simmons', 'Dee Bradley Baker']","['Bryan Konietzko', 'Michael Dante DiMartino']",23.0,2012-04-14,8.215,2397,54.7741,/dZgYvSfuh1YHDrJuILlVQ5oA2hF.jpg,/hmrNfrUl3FFaymDj6Iw5oKQjIs2.jpg,en,tv,4.0,52.0
103516,Star Trek: Strange New Worlds,"Follow Captain Christopher Pike, Science Officer Spock and Number One in the years before Captain Kirk boarded the U.S.S. Enterprise, as they explore new worlds around the galaxy.","['Sci-Fi & Fantasy', 'Drama']","['exploration', 'prequel', 'space', 'alien', 'nostalgic', 'space adventure', ""ship's crew"", 'playful', 'explore', 'excited', 'hopeful']","['Anson Mount', 'Ethan Peck', 'Jess Bush', 'Christina Chong', 'Celia Rose Gooding', 'Melissa Navia', 'Babs Olusanmokun', 'Rebecca Romijn', 'Martin Quinn']","['Jenny Lumet', 'Alex Kurtzman', 'Akiva Goldsman']",,2022-05-05,7.908,806,54.9582,/97TTJuqiSMfU0DuXx1B4NG5QNP7.jpg,/fZJs6xgU9dqIg9phIXjZAZOInzy.jpg,en,tv,4.0,40.0
62560,Mr. Robot,"A young programmer, Elliot, suffers from a debilitating anti-social disorder and decides that he can only connect to people by hacking them. He wields his skills as a weapon to protect the people that he cares about. Elliot finds himself in the intersection between a cybersecurity firm he works for and the underworld organizations that are recruiting him to bring down corporate America.","['Crime', 'Drama']","['hacker', 'secret society', 'childhood trauma', 'psychological thriller', 'social anxiety', 'nature of reality']","['Rami Malek', 'Christian Slater', 'Carly Chaikin']",['Sam Esmail'],,2015-06-24,8.272,5491,42.5759,/kv1nRqgebSsREnd7vdC2pSGjpLo.jpg,/uJUe985oIuRiD3hmHQYskIMc2WU.jpg,en,tv,4.0,45.0
11366,Big Brother,"A British reality television game show in which a number of contestants live in an isolated house for several weeks, trying to avoid being evicted by the public with the aim of winning a large cash prize at the end of the run.",['Reality'],"['competition', 'game show', 'house', 'housemates', 'reality competition']","['Marcus Bentley', 'Emma Willis', 'Cameron Cole', 'Akeem Griffiths', 'Zoe Jones', 'Cian Carrigan', 'Sîan Hamshaw', 'Brooke Berry', 'Tomasz Wania', 'Lewis Flanagan']",['John de Mol'],60.0,2000-07-18,4.369,65,63.9987,/cx0YldpEMh1EBpwwdgY1Awcg6ty.jpg,/3SWOj8ydFrxiuZdLg63fDAt4jYR.jpg,en,tv,19.0,1486.0
91239,Bridgerton,"Wealth, lust, and betrayal set in the backdrop of Regency era England, seen through the eyes of the powerful Bridgerton family.",['Drama'],"['based on novel or book', 'society', 'marriage', 'love', 'romance', 'alternate history', 'period drama', 'lgbt', 'courtship', 'georgian or regency era', 'period piece', 'secret', 'non-traditional casting', 'dramatic']","['Ruth Gemmell', 'Luke Thompson', 'Yerin Ha', 'Luke Newton', 'Claudia Jessie', 'Florence Hunt', 'Will Tilston', 'Adjoa Andoh', 'Julie Andrews', 'Golda Rosheuvel']",['Chris Van Dusen'],,2020-12-25,8.056,3369,61.0448,/uXTg565ahu9RwonCX1V2Hex1NU6.jpg,/6umsRLI7t0ydFwCl0JNEIO0q2LH.jpg,en,tv,5.0,32.0
33907,Downton Abbey,"A chronicle of the lives of the aristocratic Crawley family and their servants in the post-Edwardian era—with great events in history having an effect on their lives and on the British social hierarchy.

",['Drama'],"['england', 'servant', 'yorkshire', 'period drama', 'aristocrat', 'estate', 'costume drama', 'upstairs downstairs']","['Maggie Smith', 'Michelle Dockery', 'Laura Carmichael', 'Joanne Froggatt', 'Hugh Bonneville', 'Phyllis Logan', 'Elizabeth McGovern', 'Jim Carter', 'Brendan Coyle', 'Penelope Wilton']",['Julian Fellowes'],66.0,2010-09-26,8.119,1229,47.9532,/cf9vkwFmwvdzBlcpAYEVQfsKoTp.jpg,/1wgqpYNtQDn7TDkyQ2jsIAqxorW.jpg,en,tv,6.0,47.0
103540,Percy Jackson and the Olympians,"Percy Jackson is on a dangerous quest. Outrunning monsters and outwitting gods, he must journey across America to return Zeus's master bolt and stop an all-out war. With the help of his friends Annabeth and Grover, Percy's journey will lead him closer to the answers he seeks: how to fit into a world where he feels out of place, and who he's destined to be.","['Action & Adventure', 'Sci-Fi & Fantasy', 'Drama', 'Family']","['based on novel or book', 'monster', 'greek mythology', 'god', 'friends', 'camp', 'demigod', 'based on young adult novel', 'whimsical', 'excited']","['Walker Scobell', 'Leah Sava Jeffries', 'Aryan Simhadri', 'Charlie Bushnell', 'Dior Goodjohn', 'Daniel Diemer']","['Rick Riordan', 'Jonathan E. Steinberg']",,2023-12-19,7.259,813,47.9285,/bd5ZIqiz1PRiLC7FLexzVBf8qu1.jpg,/sAxx25ijwYQ8xsT56wu2IzvIRss.jpg,en,tv,3.0,24.0
136311,Shrinking,"Jimmy is struggling to grieve the loss of his wife while being a dad, friend, and therapist. He decides to try a new approach with everyone in his path: unfiltered, brutal honesty. Will it make things better—or unleash uproarious chaos?","['Drama', 'Comedy']","['therapist', 'grieving widower', 'psychologist', 'teenage daughter', 'next door neighbor', 'mentor protégé relationship', 'grieving', 'dramedy', 'death of wife', 'workplace comedy', 'grieving daughter', 'father daughter relationship', 'cognitive behavioral therapy', 'widower with daughter', 'earnest']","['Jason Segel', 'Harrison Ford', 'Jessica Williams', 'Luke Tennie', 'Michael Urie', 'Lukita Maxwell', 'Christa Miller', 'Ted McGinley']","['Brett Goldstein', 'Jason Segel', 'Bill Lawrence']",,2023-01-26,7.849,684,44.9444,/zEFKMNPBKq6JG7uuDkzTQ9WwErn.jpg,/hI9z1UuNhBthvkm3iJ8m3zv43Pf.jpg,en,tv,3.0,33.0
40075,Gravity Falls,"Twin brother and sister Dipper and Mabel Pines are in for an unexpected adventure when they spend the summer helping their great uncle Stan run a tourist trap in the mysterious town of Gravity Falls, Oregon.","['Action & Adventure', 'Animation', 'Comedy', 'Family', 'Mystery', 'Sci-Fi & Fantasy']","['small town', 'dreams', 'symbolism', 'oregon, usa', 'magic', 'time travel', 'uncle', 'alien', 'coming of age', 'summer', 'twins', 'gnome', 'supernatural phenomena', 'tourist trap', 'dreamscape', 'children cartoon', 'journal']","['Jason Ritter', 'Kristen Schaal', 'Alex Hirsch', 'Linda Cardellini']",['Alex Hirsch'],22.0,2012-06-15,8.618,3555,49.7882,/qwi3p6PzKfQZ4YXBzv3CP5pO2dE.jpg,/lhg7eA6CTOCL10QNVdKiyxkgPsL.jpg,en,tv,2.0,40.0
70796,The Marvelous Mrs. Maisel,"It’s 1958 Manhattan and Miriam “Midge” Maisel has everything she’s ever wanted - the perfect husband, kids, and Upper West Side apartment. But when her life suddenly takes a turn and Midge must start over, she discovers a previously unknown talent - one that will take her all the way from the comedy clubs of Greenwich Village to a spot on Johnny Carson’s couch.","['Comedy', 'Drama']","['comedian', 'female protagonist', 'period drama', 'nostalgic', 'manhattan, new york city', '1950s', 'candid', 'sentimental', 'whimsical']","['Rachel Brosnahan', 'Alex Borstein', 'Michael Zegen', 'Tony Shalhoub', 'Marin Hinkle', 'Kevin Pollak', 'Caroline Aaron', 'Reid Scott', 'Alfie Fuller']",['Amy Sherman-Palladino'],,2017-03-16,8.068,990,40.5404,/zS7fQiOZiKCVH2vlYSiIsFWW8hh.jpg,/vQ77kC1amsZECKIxkUIsMJCtBVp.jpg,en,tv,5.0,43.0
60572,Pokémon,"Join Ash accompanied by his partner Pikachu, as he travels through many regions, meets new friends and faces new challenges on his quest to become a Pokémon Master.","['Animation', 'Action & Adventure', 'Sci-Fi & Fantasy']","['travel', 'tournament', 'creature', 'based on video game', 'fantasy world', 'adventurer', 'quest', 'anime', 'adventure']","['Rica Matsumoto', 'Ikue Otani', 'Daiki Yamashita', 'Kenyu Horiuchi']",[],,1997-04-01,7.993,2228,85.4155,/lP4zwr0F7hWTbAFltfoFTc2AxRG.jpg,/yYpQV25I7XB6S0POJOScPjxYWV5.jpg,ja,tv,25.0,1235.0
60574,Peaky Blinders,"A gangster family epic set in 1919 Birmingham, England and centered on a gang who sew razor blades in the peaks of their caps, and their fierce boss Tommy Shelby, who means to move up in the world.","['Drama', 'Crime']","['england', 'gypsy', 'corruption', 'gangster', 'outlaw', 'murder', 'drugs', 'criminal', 'period drama', 'historical', 'british history', 'protection racket', 'illegal gambling', 'historical drama', 'bookmaker', '1920s', '1910s', 'birmingham', 'modern history', 'violence', 'suspenseful']","['Cillian Murphy', 'Paul Anderson', 'Sophie Rundle', ""Natasha O'Keeffe""]",['Steven Knight'],,2013-09-12,8.525,11284,81.7737,/vUUqzWa2LnHIVqkaKVlVGkVcZIW.jpg,/dzq83RHwQcnP6WGJ6YkenIqeaa5.jpg,en,tv,6.0,36.0
95396,Severance,"Mark leads a team of office workers whose memories have been surgically divided between their work and personal lives. When a mysterious colleague appears outside of work, it begins a journey to discover the truth about their jobs.","['Drama', 'Mystery', 'Sci-Fi & Fantasy']","['office', 'workplace', 'memory', 'office politics', 'brain surgery', 'thriller']","['Adam Scott', 'Britt Lower', 'Tramell Tillman', 'Zach Cherry', 'Jen Tullock', 'Dichen Lachman', 'Sarah Bock', 'John Turturro', 'Christopher Walken', 'Patricia Arquette']",['Dan Erickson'],,2022-02-17,8.387,2847,41.8818,/pPHpeI2X1qEd1CS1SeyrdhZ4qnT.jpg,/ixgFmf1X59PUZam2qbAfskx2gQr.jpg,en,tv,3.0,19.0
31911,Fullmetal Alchemist: Brotherhood,"Disregard for alchemy’s laws ripped half of Edward Elric’s limbs from his body and left his brother Alphonse’s soul clinging to a suit of armor. To restore what was lost, the brothers seek the Philosopher’s Stone. Enemies and allies – the corrupt military, the Homunculi, and foreign alchemists – will alter the Elric brothers course, but their purpose will remain unchanged and their bond unbreakable.","['Animation', 'Action & Adventure', 'Sci-Fi & Fantasy', 'Drama']","['politics', 'supernatural', 'remake', 'revenge', 'travel', 'steampunk', 'conspiracy', 'based on manga', 'alchemy', 'military', 'alchemist', ""philosopher's stone"", 'shounen', 'anime', 'brother brother relationship', 'brothers', 'fantasy', 'homunculi']","['Romi Park', 'Rie Kugimiya', 'Shin-ichiro Miki', 'Fumiko Orikasa', 'Megumi Takamoto']",[],,2009-04-05,8.716,2536,46.3558,/5ZFUEOULaVml7pQuXxhpR2SmVUw.jpg,/2UG177tWHy7xRmMKWJHB7nAUmKd.jpg,ja,tv,1.0,64.0
70824,The Girl,"A young woman who was part of the guerrilla group is now seeking a better life in the city. She wants to study medicine, to heal rather than harm, but she will face a challenge, because being part of outlaw groups always has consequences.","['Documentary', 'Drama', 'Action & Adventure']",['telenovela'],"['Ana María Estupiñán', 'Sebastián Eslava', 'Marcela Benjumea', 'Marcelo Dos Santos', 'Diego Vásquez', 'Juan Manuel Mendoza', 'Cristina Campuzano', 'Cony Camelo', 'Variel Sánchez', 'Santiago Alarcón']","['Clara María Ochoa', 'Juana Uribe']",45.0,2016-04-26,7.73,244,43.3406,/uzNOxyNt1WIXt9KBRKytiqQZ02y.jpg,/cckSh7WjbbecR3R0sjEyefmCzWo.jpg,es,tv,1.0,86.0
60585,Bosch,"Harry Bosch, an LAPD homicide detective, stands trial for the fatal shooting of a serial murder suspect. A cold case involving the remains of a missing boy forces Bosch to confront his past. As daring recruit Julia Brasher catches his eye and departmental politics heat up, Bosch will pursue justice at all costs.","['Mystery', 'Drama', 'Crime']","['police', 'los angeles, california', 'murder investigation', 'lapd', 'homicide detective', 'neo-noir', 'murder suspect', 'father daughter relationship']","['Titus Welliver', 'Jamie Hector', 'Amy Aquino', 'Lance Reddick', 'Madison Lintz']",['Eric Overmyer'],,2015-01-14,7.9,742,49.7576,/vtacLvdLgW3BNUj8DrC76X39Lfi.jpg,/23S5oKZjlXehjNLEhMQuxjwbyuA.jpg,en,tv,7.0,68.0
66732,Stranger Things,"When a young boy vanishes, a small town uncovers a mystery involving secret experiments, terrifying supernatural forces, and one strange little girl.","['Action & Adventure', 'Mystery', 'Sci-Fi & Fantasy']","['monster', 'small town', 'indiana, usa', 'experiment', 'halloween', 'friendship', 'supernatural', 'coming of age', 'parallel world', 'super power', 'government conspiracy', 'teen drama', '1980s', 'supernatural horror', 'teen horror', 'horror', 'depressing']","['Winona Ryder', 'David Harbour', 'Millie Bobby Brown', 'Finn Wolfhard', 'Gaten Matarazzo', 'Caleb McLaughlin', 'Noah Schnapp', 'Sadie Sink', 'Natalia Dyer', 'Charlie Heaton']","['Ross Duffer', 'Matt Duffer']",,2016-07-15,8.556,21631,132.546,/uOOtwVbSr4QDjAGIifLDwpb2Pdl.jpg,/56v2KjBlU4XaOv9rVYEQypROD7P.jpg,en,tv,5.0,42.0
31917,Pretty Little Liars,"Based on the Pretty Little Liars series of young adult novels by Sara Shepard, the series follows the lives of four girls — Spencer, Hanna, Aria, and Emily — whose clique falls apart after the disappearance of their queen bee, Alison. One year later, they begin receiving messages from someone using the name ""A"" who threatens to expose their secrets — including long-hidden ones they thought only Alison knew.","['Drama', 'Mystery']","['based on novel or book', 'forbidden love', 'female friendship', 'high school', 'bullying', 'teen drama', 'suspicious death', 'based on young adult novel']","['Lucy Hale', 'Troian Bellisario', 'Ashley Benson', 'Shay Mitchell', 'Sasha Pieterse', 'Ian Harding', 'Tyler Blackburn', 'Janel Parrish', 'Andrea Parker']",['I. Marlene King'],,2010-06-08,8.0,2810,53.8201,/aUPbHiLS3hCHKjtLsncFa9g0viV.jpg,/6NuvpA24GbWrnkKsYrNyr2RiRbp.jpg,en,tv,7.0,161.0
72879,Tomorrow Is Ours,"The story revolves around the people of Sète, France. Their lives are punctuated by family rivalries, romance and scenes from daily life, but also by plots involving police investigations, secrets and betrayals.","['Crime', 'Drama', 'Soap']","['police officer', 'wonder']","['Ingrid Chauvin', 'Alexandre Brasseur', 'Lorie Pester', 'Samy Gharbi', 'Solène Hébert', 'Clément Remiens', 'Juliette Tresanini', 'Luce Mouchel', 'Anne Caillon', 'Maud Baecker']","['Eline Le Fur', 'Laure de Colbert', 'Nicolas Durand-Zouky', 'Fabienne Lesieur', 'Frédéric Chansel']",25.0,2017-07-17,6.366,71,65.4542,/7BjipkA48xXLauTg45QKiOb144a.jpg,/g4qh9J4Z7d1kSTJN4ZorQr5JinH.jpg,fr,tv,2.0,2250.0
62643,DC's Legends of Tomorrow,"When heroes alone are not enough ... the world needs legends. Having seen the future, one he will desperately try to prevent from happening, time-traveling rogue Rip Hunter is tasked with assembling a disparate group of both heroes and villains to confront an unstoppable threat — one in which not only is the planet at stake, but all of time itself. Can this ragtag team defeat an immortal threat unlike anything they have ever known?","['Action & Adventure', 'Sci-Fi & Fantasy', 'Drama']","['villain', 'time travel', 'superhero', 'based on comic', 'spin off', 'superhero team', 'arrowverse']","['Caity Lotz', 'Tala Ashe', 'Jes Macallan', 'Olivia Swann', 'Adam Tsekhman', 'Nick Zano', 'Shayan Sobhian', 'Lisseth Chavez', 'Amy Louise Pemberton', 'Matt Ryan']","['Greg Berlanti', 'Andrew Kreisberg', 'Marc Guggenheim', 'Phil Klemmer']",42.0,2016-01-21,7.2,2497,45.5564,/AcEFDh272YVTR6B6zrrusk8BjJG.jpg,/be8fOACxsVyaX6lZLlQOWNqF0g2.jpg,en,tv,7.0,110.0
46260,Naruto,"Naruto Uzumaki, a mischievous adolescent ninja, struggles as he searches for recognition and dreams of becoming the Hokage, the village's leader and strongest ninja.","['Animation', 'Action & Adventure', 'Sci-Fi & Fantasy']","['martial arts', 'hero', 'rivalry', 'ninja', 'orphan', 'based on manga', 'super power', 'tragic past', 'dead parents', 'angst', 'warrior', 'japanese mythology', 'ninja warrior', 'shounen', 'anime', 'fantasy', 'adventure']","['Junko Takeuchi', 'Noriaki Sugiyama', 'Chie Nakamura', 'Kazuhiko Inoue', 'Hidekatsu Shibata', 'Koichi Tochika', 'Masashi Ebara', 'Yōichi Masukawa', 'Yukari Tamura', 'Ryoka Yuzuki']",[],24.0,2002-10-03,8.363,6075,64.0202,/1GVfX7kqIbQBp38Riiy1QLQkhJQ.jpg,/5F0HVEgkgP99fEWDjPyikGt9jQi.jpg,ja,tv,4.0,220.0
44217,Vikings,"The adventures of Ragnar Lothbrok, the greatest hero of his age. The series tells the sagas of Ragnar's band of Viking brothers and his family, as he rises to become King of the Viking tribes. As well as being a fearless warrior, Ragnar embodies the Norse traditions of devotion to the gods. Legend has it that he was a direct descendant of Odin, the god of war and warriors.","['Action & Adventure', 'Drama', 'War & Politics']","['scandinavia', 'vikings (norsemen)', 'royalty', 'historical fiction', 'king', 'battle', 'historical', 'middle ages (476-1453)', 'dark ages', 'norse mythology', 'historical drama', 'warrior', '8th century', 'period piece', 'violence', 'sword and sandal', 'exciting', 'action', 'antagonistic', 'violent']","['Alex Høgh Andersen', 'Jordan Patrick Smith', 'Marco Ilsø', 'Peter Franzén', 'Georgia Hirst', 'Danila Kozlovsky']",['Michael Hirst'],,2013-03-03,8.099,7778,130.7999,/bQLrHIRNEkE3PdIWQrZHynQZazu.jpg,/13kblIK8DnxMurcRDkeyy2sGR7v.jpg,en,tv,6.0,89.0
62650,Chicago Med,"An emotional thrill ride through the day-to-day chaos of the city's most explosive hospital and the courageous team of doctors who hold it together. They will tackle unique new cases inspired by topical events, forging fiery relationships in the pulse-pounding pandemonium of the emergency room.",['Drama'],"['nurse', 'chicago, illinois', 'hospital', 'doctor', 'spin off', 'medical drama']","['Steven Weber', 'Jessy Schram', 'Luke Mitchell', 'Sarah Ramos', 'Darren Barnet', 'S. Epatha Merkerson', 'Oliver Platt']","['Dick Wolf', 'Matt Olmstead']",,2015-11-17,8.258,1267,74.5221,/9eym662FRJJb9wdgCiDKPDciZzf.jpg,/x2jNLrYw1s9i6kihEJqsBQgs9nR.jpg,en,tv,12.0,220.0
111803,The White Lotus,"Follow the exploits of various guests and employees at an exclusive tropical resort over the span of a week as with each passing day, a darker complexity emerges in these picture-perfect travelers, the hotel’s cheerful employees and the idyllic locale itself.","['Comedy', 'Drama', 'Mystery']","['hotel', 'sicily, italy', 'exotic island', 'hawaii', 'exploitation', 'thailand', 'palermo, sicily', 'class', 'vacation', 'satire', 'anthology', 'whodunit', 'self help guru', 'incest', 'beach resort', 'class conflict', 'self reflection', 'social elite', 'rejuvenation', 'mental peace', 'provocative', 'sardonic', 'scathing']","['Leslie Bibb', 'Carrie Coon', 'Walton Goggins', 'Sarah Catherine Hook', 'Jason Isaacs', 'Parker Posey', 'Patrick Schwarzenegger', 'Tayme Thapthimthong', 'Aimee Lou Wood', 'LISA']",['Mike White'],,2021-07-11,7.591,1492,63.1141,/gbSaK9v1CbcYH1ISgbM7XObD2dW.jpg,/rCTLaPwuApDx8vLGjYZ9pRl7zRB.jpg,en,tv,3.0,21.0
1215,Californication,"A self-loathing, alcoholic writer attempts to repair his damaged relationships with his daughter and her mother while combating sex addiction, a budding drug problem, and the seeming inability to avoid making bad decisions.","['Comedy', 'Drama']","['california', 'self-destruction', 'change', 'addiction', 'writer', 'willpower']","['David Duchovny', 'Natascha McElhone', 'Evan Handler', 'Pamela Adlon']",['Tom Kapinos'],28.0,2007-08-13,7.632,1349,51.7853,/jPqOY8cq9KXQN4bD7zJGHCNvcb4.jpg,/9o9SS26mUY4cp4iSFk7iwBeAQuP.jpg,en,tv,7.0,84.0
1220,The Graham Norton Show,Each week celebrity guests join Irish comedian Graham Norton to discuss what's being going on around the world that week. The guests poke fun and share their opinions on the main news stories. Graham is often joined by a band or artist to play the show out.,"['Comedy', 'Talk']","['comedian', 'talk show', 'guest', 'celebrity interview', 'lighthearted', 'hilarious', 'informative']",['Graham Norton'],[],49.0,2007-02-22,7.221,285,71.9385,/vrbqaBXB8AALynQzpWz6JdCPEJS.jpg,/5UNcEz7Lc3OGilpPn1Tb9cd1xsc.jpg,en,tv,33.0,546.0
124101,Hacks,"Explore a dark mentorship that forms between Deborah Vance, a legendary Las Vegas comedian, and an entitled, outcast 25-year-old.","['Comedy', 'Drama']","['las vegas', 'entertainment industry', 'inspirational', 'generational divide', 'sentimental', 'hilarious', 'audacious', 'bold', 'exuberant', 'vibrant']","['Jean Smart', 'Hannah Einbinder', 'Carl Clemons-Hopkins', 'Paul W. Downs', 'Megan Stalter', 'Mark Indelicato', 'Rose Abdoo']","['Lucia Aniello', 'Paul W. Downs', 'Jen Statsky']",,2021-05-13,7.471,377,42.5309,/ca5XiEFgyGsI38QT3wEKa1QVGX.jpg,/bbAR4qKxjnjyKAt4YMrL725Mtfw.jpg,en,tv,5.0,47.0
17610,NCIS: Los Angeles,"The exploits of the Los Angeles–based Office of Special Projects (OSP), an elite division of the Naval Criminal Investigative Service that specializes in undercover assignments.","['Action & Adventure', 'Drama', 'Crime', 'Mystery']","['undercover', 'navy', 'los angeles, california', 'spin off', 'u.s. marine', 'military', 'crime investigation']","[""Chris O'Donnell"", 'Daniela Ruah', 'Eric Christian Olsen', 'Barrett Foa', 'Medalion Rahimi', 'Caleb Castille', 'Gerald McRaney', 'LL Cool J']",['Shane Brennan'],45.0,2009-09-22,7.53,1251,76.0361,/TIIgcznwNfNr3KOZvxn26eKV99.jpg,/dAepkmD4vdfhS82r2OIqF1nwGR5.jpg,en,tv,14.0,323.0
60622,Fargo,"A close-knit anthology series dealing with stories involving malice, violence and murder based in and around Minnesota.","['Crime', 'Drama']","['detective', 'minnesota', 'winter', 'deputy', 'north dakota', 'anthology', 'dark comedy', 'criminal', 'police officer', 'psychotic', 'murder investigation', 'based on movie', 'disturbed', 'neo-noir', 'absurd', 'violence', 'baffled', 'compassionate', 'disgusted']","['Juno Temple', 'Jennifer Jason Leigh', 'David Rysdahl', 'Joe Keery', 'Lamorne Morris', 'Richa Shukla Moorjani', 'Sam Spruell', 'Sienna King', 'Dave Foley', 'Jon Hamm']",['Noah Hawley'],,2014-04-15,8.285,3358,62.5233,/a3VW6khsyUVKrG0GBCWFG3NzWPX.jpg,/4jrSbRpLqpvYJtLKncaxZVC47EW.jpg,en,tv,5.0,51.0
46296,Spartacus,"Torn from his homeland and the woman he loves, Spartacus is condemned to the brutal world of the arena where blood and death are primetime entertainment.",['Drama'],"['gladiator', 'arena', 'ancient rome', 'slave']","['Liam McIntyre', 'Manu Bennett', 'Dustin Clare', 'Cynthia Addai-Robinson', 'Jaime Murray', 'Ellen Hollman', 'Luna Rioumina', 'Marisa Ramirez', 'Ditch Davey', 'Barry Duffield']",['Steven S. DeKnight'],53.0,2010-01-22,8.029,3020,73.9565,/c2GKN4VHCj1dnjFMANRpGkCVBae.jpg,/zbfXS4o6UykeXsD8djFTyV7Cj4N.jpg,en,tv,3.0,33.0
46298,Hunter x Hunter,"Gon, a young boy who lives on Whale Island, dreams of becoming a Hunter like his father, who left when Gon was still young.","['Animation', 'Action & Adventure', 'Sci-Fi & Fantasy']","['martial arts', 'bounty hunter', 'affectation', 'virtual reality', 'training', 'friendship', 'friends', 'remake', 'revenge', 'travel', 'organized crime', 'gore', 'tragedy', 'coming of age', 'tournament', 'based on manga', 'fighting', 'super power', 'death match', 'shounen', 'anime', 'fantasy', 'adventure', 'harsh', 'hopeful']","['Megumi Han', 'Mariya Ise', 'Issei Futamata', 'Keiji Fujiwara']",[],24.0,2011-10-02,8.663,2173,76.0175,/i2EEr2uBvRlAwJ8d8zTG2Y19mIa.jpg,/bFKKyCI89Xq98Gul8cGox8K3sZa.jpg,ja,tv,3.0,148.0
93405,Squid Game,"Hundreds of cash-strapped players accept a strange invitation to compete in children's games. Inside, a tempting prize awaits — with deadly high stakes.","['Action & Adventure', 'Mystery', 'Drama']","['secret organization', 'challenge', 'survival', 'fictional game show', 'cruelty', 'game', 'prize', 'death game', 'thriller']","['Lee Jung-jae', 'Yim Si-wan', 'Wi Ha-jun', 'Jo Yu-ri', 'Lee Byung-hun', 'Park Gyu-young', 'Kang Ae-sim', 'Lee Jin-uk', 'Yang Dong-geun', 'Park Sung-hoon']",['Hwang Dong-hyuk'],,2021-09-17,7.854,17644,49.2262,/1QdXdRYfktUSONkl1oD5gc6Be0s.jpg,/2meX1nMdScFOoV4370rqHWKmXhY.jpg,ko,tv,3.0,22.0
62688,Supergirl,"Twenty-four-year-old Kara Zor-El, who was taken in by the Danvers family when she was 13 after being sent away from Krypton, must learn to embrace her powers after previously hiding them. The Danvers teach her to be careful with her powers, until she has to reveal them during an unexpected disaster, setting her on her journey of heroism.","['Drama', 'Sci-Fi & Fantasy', 'Action & Adventure']","['superhero', 'based on comic', 'alien', 'female protagonist', 'meditative', 'candid', 'thoughtful', 'loving', 'introspective', 'inspirational', 'wistful', 'intimate', 'dramatic', 'adoring', 'defiant', 'dignified', 'earnest', 'empathetic', 'gentle', 'hopeful', 'optimistic', 'sincere', 'arrowverse']","['Melissa Benoist', 'Chyler Leigh', 'David Harewood', 'Katie McGrath', 'Jesse Rath', 'Nicole Maines', 'Azie Tesfai', 'Julie Gonzalo', 'Staz Nair', 'Peta Sergeant']","['Greg Berlanti', 'Andrew Kreisberg', 'Ali Adler']",42.0,2015-10-26,7.3,4433,54.345,/90mSQajf4STPROA6H7Hh8OvyWdK.jpg,/mmprryb2r0X8u9JkZCnaJIzyYX4.jpg,en,tv,6.0,126.0
21728,The Alfred Hitchcock Hour,"A continuation of the anthology series “Alfred Hitchcock Presents”, hosted by the master of suspense and featuring thrillers and mysteries.","['Crime', 'Mystery', 'Drama']","['anthology', 'murder', 'horror', 'stalkers']",['Alfred Hitchcock'],['Alfred Hitchcock'],,1962-09-20,7.851,84,47.4298,/6bnJU1YmobWBNokjLruUsZ6cykC.jpg,/5qNlwCIPJm4RkO3MnxfPnnwB310.jpg,en,tv,3.0,93.0
56559,Theatre of Darkness: Yamishibai,"Yamishibai is a picture-story style of animation whose motif is surrounded and based off the rumors, and urban legends throughout the history of Japan.",['Animation'],"['monster', 'dementia', 'story teller', 'supernatural', 'urban legend', 'curse', 'demon', 'ghost', 'folklore', 'japanese mythology', 'anime', 'horror anthology', 'horror']","['Kanji Tsuda', '土屋咲登子']",[],4.0,2013-07-15,7.4,62,39.9971,/oPFlM3EomXf3HRGYeRBGICIE76.jpg,/gtwdI7qHNrrLe5R7nWnoDgrbEbV.jpg,ja,tv,17.0,221.0
62710,Blindspot,"A vast international plot explodes when a beautiful Jane Doe is discovered naked in Times Square, completely covered in mysterious, intricate tattoos with no memory of who she is or how she got there. But there's one tattoo that is impossible to miss: the name of FBI agent Kurt Weller, emblazoned across her back. ""Jane,"" Agent Weller and the rest of the FBI quickly realize that each mark on her body is a crime to solve, leading them closer to the truth about her identity and the mysteries to be revealed.","['Crime', 'Drama', 'Action & Adventure']","['tattoo', 'amnesia', 'fbi', 'puzzle', 'memory', 'memory loss']","['Jaimie Alexander', 'Sullivan Stapleton', 'Audrey Esparza', 'Ashley Johnson', 'Ennis Esmer']",['Martin Gero'],,2015-09-21,7.376,2565,47.2472,/4AeYzamQmd9Fa6hawDmYKbdvBSe.jpg,/1GWiao0QYuKsoTvUmd7ivnE3qDY.jpg,en,tv,5.0,100.0
95479,JUJUTSU KAISEN,"Yuji Itadori is a boy with tremendous physical strength, though he lives a completely ordinary high school life. One day, to save a classmate who has been attacked by curses, he eats the finger of Ryomen Sukuna, taking the curse into his own soul. From then on, he shares one body with Ryomen Sukuna. Guided by the most powerful of sorcerers, Satoru Gojo, Itadori is admitted to Tokyo Jujutsu High School, an organization that fights the curses... and thus begins the heroic tale of a boy who became a curse to exorcise a curse, a life from which he could never turn back.","['Animation', 'Action & Adventure', 'Sci-Fi & Fantasy']","['martial arts', 'exorcism', 'secret organization', 'sorcery', 'supernatural', 'possession', 'paranormal', 'curse', 'tragedy', 'sorcerer', 'school', 'bromance', 'based on manga', 'spirit', 'demon', 'demonic possession', 'dark fantasy', 'school life', 'youkai', 'hopeless', 'domineering', 'shounen', 'anime', 'somber', 'japanese high school', 'occultism', 'vindictive', 'supernatural ability', 'urban fantasy', 'cursed object', 'admiring', 'enraged']",[],[],24.0,2020-10-03,8.584,4607,88.4707,/fHpKWq9ayzSk8nSwqRuaAUemRKh.jpg,/lthkKBLe1rX6iThgVFg22O02sJw.jpg,ja,tv,1.0,59.0
31991,WWE NXT,Wrestlers will portray heroes or villains as they follow a series of events that build tension and culminate in a wrestling match or series of matches.,"['Action & Adventure', 'Drama', 'Reality']","['wrestling', 'sports entertainment']",[],"['Paul Levesque', 'Vince McMahon']",,2010-02-23,6.7,129,72.0731,/9nLBX5Bf7PW4FAaWJLXpFFdeTlV.jpg,/oNRJElhUimXVRqnyaJMDQjNkDyT.jpg,en,tv,20.0,892.0
5368,Lassie,"Lassie is the pet of Jeff Miller, an 11-year-old farm boy. The two become best friends and enjoy family adventures in the American countryside, teaching each other about love, nature and commitment.","['Action & Adventure', 'Drama', 'Family', 'Comedy']","['dog', 'boy and dog', 'lassie']","['Hugh Reilly', 'Josh Albee', 'Larry Pennell', 'Larry Wilcox']",['Robert Maxwell'],24.0,1954-09-12,6.285,72,56.2536,/vqbVr4fYRZb28ywczaidn29JJTA.jpg,/w9zV6lOILeqaOilJzI1Xa9NRhXY.jpg,en,tv,19.0,591.0
56570,Outlander,"The story of Claire Randall, a married combat nurse from 1945 who is mysteriously swept back in time to 1743, where she is immediately thrown into an unknown world where her life is threatened. When she is forced to marry Jamie, a chivalrous and romantic young Scottish warrior, a passionate affair is ignited that tears Claire's heart between two vastly different men in two irreconcilable lives.","['Drama', 'Sci-Fi & Fantasy']","['scotland', 'based on novel or book', 'magic', 'time travel', 'romance', '18th century', 'love story']","['Caitríona Balfe', 'Sam Heughan', 'Sophie Skelton', 'Richard Rankin', 'John Bell', 'David Berry', 'Charles Vandervaart', 'Izzy Meikle-Small']",['Ronald D. Moore'],,2014-08-09,8.201,2945,83.1515,/oftZNfyTVNU7IfOqoGLoT8MGvNs.jpg,/nf3Vlxm3C9U1aKUUQHmKFZmxPSc.jpg,en,tv,8.0,101.0
95480,Slow Horses,"Follow a dysfunctional team of MI5 agents—and their obnoxious boss, the notorious Jackson Lamb—as they navigate the espionage world's smoke and mirrors to defend England from sinister forces.","['Crime', 'Drama', 'Comedy']","['london, england', 'spy', 'based on novel or book', 'secret agent', 'terrorism', 'british spy', 'blunt', 'macabre', 'mi5', 'british intelligence', 'absurd']","['Gary Oldman', 'Jack Lowden', 'Kristin Scott Thomas', 'Hugo Weaving', 'Saskia Reeves', 'Christopher Chung', 'Rosalind Eleazar', 'Aimee-Ffion Edwards']",[],,2022-04-01,8.007,919,59.3807,/5RuZZIouptatjV96BdPmKmRsnGg.jpg,/bDfboQUb45Cv9MYyVBDZw8M8xSM.jpg,en,tv,6.0,36.0
21755,Pawn Stars,"Go inside the colorful world of the pawn business. At the Gold & Silver Pawn Shop on the outskirts of Las Vegas, generations of the Harrison family run the family business, and there’s clashing and camaraderie every step of the way.",['Reality'],"['dysfunctional family', 'pawnshop', 'negotiator']","['Rick Harrison', 'Corey Harrison', 'Austin Lee Russell']",[],,2009-07-19,7.1,302,41.1378,/3YxmQmoSbv9bXHYWIEDztstZguC.jpg,/zzZzApaNDa2IxQUWo8x3Rbgs7iW.jpg,en,tv,24.0,680.0
5371,iCarly,"Watch Carly, Sam, and Freddie, as they try to balance their everyday 8th grade lives with their newfound fame managing and starring in the most awesome show on the web.","['Comedy', 'Family', 'Drama']","['brother', 'sister', 'friendship', 'friends', 'internet', 'sitcom', 'living with sibling']","['Miranda Cosgrove', 'Jennette McCurdy', 'Nathan Kress', 'Jerry Trainor', 'Noah Munck']",['Dan Schneider'],,2007-09-08,7.951,1566,40.7663,/zswxst53aM8g2LysdVbtQNJAiKM.jpg,/u3rph1KVUOKbOtrPIgCb27H08Fy.jpg,en,tv,6.0,107.0
138502,X-Men '97,"The X-Men, a band of mutants who use their uncanny gifts to protect a world that hates and fears them, are challenged like never before, forced to face a dangerous and unexpected new future.","['Animation', 'Action & Adventure', 'Sci-Fi & Fantasy']","['mutant', 'sequel', 'superhero', 'based on comic', 'super power', 'superhero team', 'discrimination', '1990s', 'tense']",[],[],,2024-03-20,8.683,835,103.1422,/2HKBc5UiFw8JrruHq8S1Y7TnlW0.jpg,/jIyEmnBrZtl6SEWyBoMO2hZnzMa.jpg,en,tv,2.0,19.0
97546,Ted Lasso,"Ted Lasso, an American football coach, moves to England when he's hired to manage a soccer team—despite having no experience. With cynical players and a doubtful town, will he get them to see the Ted Lasso Way?","['Drama', 'Comedy']","['england', 'male friendship', 'friendship', 'fish out of water', 'football (soccer)', 'american abroad', 'teammate', 'professional sports', 'football (soccer) team', 'workplace comedy', 'team owner', 'football (soccer) coach', 'optimist', 'coaching', 'nice guy', 'premier league']","['Jason Sudeikis', 'Hannah Waddingham', 'Jeremy Swift', 'Brett Goldstein', 'Brendan Hunt', 'Juno Temple', 'Tanya Reynolds', 'Jude Mack', 'Aisling Sharkey', 'Rex Hayes']","['Jason Sudeikis', 'Bill Lawrence', 'Brendan Hunt', 'Joe Kelly']",,2020-08-14,8.3,2528,158.1465,/uRHsiw1wLxPHFXkkv4Ix1s0O6f4.jpg,/gEQkOMmnJcoh9Hh1vk7fpVYnksR.jpg,en,tv,4.0,44.0
60694,Last Week Tonight with John Oliver,"A half-hour satirical look at the week in news, politics and current events.","['Talk', 'Comedy', 'News']","['political satire', 'global politics', 'late-night show', 'cliché', 'embarrassed']",['John Oliver'],['John Oliver'],,2014-04-27,7.78,827,64.8832,/fuuEjEr69uvRtGaQw70JfvdrUwb.jpg,/q31EEBycbOyX7GGJP4GTPI5WJRO.jpg,en,tv,13.0,372.0
120089,SPY x FAMILY,"A spy, an assassin and a telepath come together to pose as a family, each for their own reasons, while hiding their true identities from each other.","['Animation', 'Action & Adventure', 'Comedy']","['spy', 'assassin', 'adoption', 'strong woman', 'secret mission', 'secret organization', 'secret agent', 'espionage', 'slice of life', 'mind reading', 'based on manga', 'family', 'shounen', 'anime', 'found family']","['Takuya Eguchi', 'Atsumi Tanezaki', 'Saori Hayami', 'Kenichirou Matsuda']",[],24.0,2022-04-09,8.5,2321,59.0999,/7NAvPYPAu7MeHwP8E9sn81PqsRh.jpg,/lysUnU6V0VfcthDbviuVlIqgHOR.jpg,ja,tv,3.0,50.0
245026,Wizards Beyond Waverly Place,"Justin Russo has chosen to lead a normal, mortal life with his family, Giada, Roman and Milo. But when Justin's sister Alex brings Billie to his home seeking help, Justin realizes he must dust off his magical skills to mentor the wizard-in-training while also juggling his everyday responsibilities — and safeguarding the future of the Wizard World.","['Comedy', 'Sci-Fi & Fantasy', 'Family']","['sequel', 'nostalgic', 'wizard', 'suspenseful', 'cheerful']","['Janice LeAnn Brown', 'Alkaio Thiele', 'Max Matenko', 'Taylor Cora', 'Mimi Gianopulos', 'David Henrie']",['Todd J. Greenwald'],,2024-10-29,8.9,199,48.2097,/5hrBpjFzIqmN9k7QxEC610gwZGw.jpg,/TxicZcsiP9VHYXMYHm4IEHnwv9.jpg,en,tv,3.0,35.0
60708,Gotham,"Everyone knows the name Commissioner Gordon. He is one of the crime world's greatest foes, a man whose reputation is synonymous with law and order. But what is known of Gordon's story and his rise from rookie detective to Police Commissioner? What did it take to navigate the multiple layers of corruption that secretly ruled Gotham City, the spawning ground of the world's most iconic villains? And what circumstances created them – the larger-than-life personas who would become Catwoman, The Penguin, The Riddler, Two-Face and The Joker?","['Drama', 'Crime', 'Sci-Fi & Fantasy']","['insane asylum', 'based on comic', 'super power', 'super villain', 'origin story']","['Ben McKenzie', 'Donal Logue', 'David Mazouz', 'Sean Pertwee', 'Robin Lord Taylor', 'Erin Richards', 'Camren Bicondova', 'Cory Michael Smith']",['Bruno Heller'],43.0,2014-09-22,7.598,3766,53.2826,/zLpSNnVoL2bjQdc1PcaHUPUzttP.jpg,/rbDFI2I1nMyJtX4Y3jJ4H1QRdRX.jpg,en,tv,5.0,100.0
113962,Lioness,"Cruz Manuelos, a rough-around-the-edges but passionate young Marine, is recruited to join the CIA's Lioness Engagement Team to help bring down a terrorist organization from within. Joe, the station chief of the Lioness program, is tasked with training, managing and leading her female undercover operatives.","['Drama', 'War & Politics']","['central intelligence agency (cia)', 'undercover agent', 'biting', 'us military', 'special ops', 'thoughtful', 'spy thriller', 'suspenseful', 'appreciative', 'compassionate', 'earnest', 'empathetic', 'urgent']","['Zoe Saldaña', 'Laysla De Oliveira', 'Dave Annable', 'Jill Wagner', 'LaMonica Garrett', 'James Jordan', 'Genesis Rodriguez', 'Michael Kelly', 'Austin Hébert', 'Jonah Wharton']",['Taylor Sheridan'],,2023-07-23,8.041,1332,321.7403,/rzpHPSEgPTpRs8EHbygwsOw7jC0.jpg,/4NBYDOnEjAzyuP7CMkD5s7fs44K.jpg,en,tv,3.0,24.0
60735,The Flash,"After being struck by lightning, CSI investigator Barry Allen awakens from a nine-month coma to discover he has been  granted the gift of super speed.  Teaming up with S.T.A.R. Labs, Barry takes on the persona of The Flash, the Fastest  Man Alive, to protect his city.","['Drama', 'Sci-Fi & Fantasy']","['speed', 'superhero', 'based on comic', 'super power', 'masked superhero', 'supervillain']","['Grant Gustin', 'Candice Patton', 'Danielle Panabaker', 'Danielle Nicolet', 'Kayla Compton', 'Brandon McKnight', 'Jon Cor']","['Geoff Johns', 'Greg Berlanti', 'Andrew Kreisberg']",,2014-10-07,7.75,11721,112.2583,/yZevl2vHQgmosfwUdVNzviIfaWS.jpg,/gFkHcIh7iE5G0oVOgpmY8ONQjhl.jpg,en,tv,9.0,184.0
95557,INVINCIBLE,"Mark Grayson is a normal teenager except for the fact that his father is the most powerful superhero on the planet. Shortly after his seventeenth birthday, Mark begins to develop powers of his own and enters into his father's tutelage.","['Animation', 'Drama', 'Sci-Fi & Fantasy', 'Action & Adventure']","['anti hero', 'superhero', 'based on comic', 'alien', 'gore', 'super power', 'adult animation', 'teen superhero']","['Steven Yeun', 'Sandra Oh', 'J.K. Simmons']",[],,2021-03-25,8.637,5997,73.1394,/4tblBrslcKSifMVZ3TmtT2ukMor.jpg,/9qrroces8C6R9aKr08hACNPVXdZ.jpg,en,tv,5.0,32.0
226637,High Potential,"Morgan is a single mom with an exceptional mind, whose unconventional knack for solving crimes leads to an unusual and unstoppable partnership with a by-the-book seasoned detective.","['Drama', 'Crime', 'Mystery']","['intellectually gifted', 'remake', 'los angeles, california', 'single mother', 'murder investigation', 'lapd', 'criminal consultant', 'absurd']","['Kaitlin Olson', 'Daniel Sunjata', 'Judy Reyes', 'Javicia Leslie', 'Deniz Akdeniz', 'Amirah J', 'Matthew Lamb']",['Drew Goddard'],,2024-09-17,8.2,625,84.7386,/xCtaUDBUP1iKqtoqpHfeH1T2pWF.jpg,/yVP12H81dwaay5B7GVqgO893q2c.jpg,en,tv,3.0,32.0
60761,Ace of the Diamond,"Scouted for his potential, brash left-handed pitcher Eijun Sawamura joins baseball powerhouse Seido High to become the undisputed ace of the team.",['Animation'],"['competition', 'baseball', 'training', 'sports', 'high school sports', 'tournament', 'bromance', 'based on manga', 'school life', 'shounen', 'anime', 'japanese high school', 'bukatsu']","['Ryota Osaka', 'Takahiro Sakurai', 'Nobunaga Shimazaki', 'Natsuki Hanae', 'Shintaro Asanuma']",[],24.0,2013-10-06,7.9,75,43.1746,/wh9dA4w0iUMVpY7htFSiLDhLTYJ.jpg,/wq5ZykCAFrboIpz36O8pbrJG2dF.jpg,ja,tv,4.0,191.0
210268,Burn the House Down,"After her mother took the blame for a tragic fire 13 years ago, Anzu plots revenge by working as a housekeeper under a pseudonym for her icy stepmother.","['Drama', 'Mystery']","['revenge', 'infiltration', 'psychological thriller', 'based on manga', 'suspense', 'truth uncovering']","['Mei Nagano', 'Kyoka Suzuki', 'Yuri Tsunematsu', 'Michiko Kichise', 'Taishi Nakagawa', 'Asuka Kudo', 'Mitsuhiro Oikawa', 'Kie Kitano', 'Sakurako Konishi', 'Mari Hamada']",['Arisa Kaneko'],,2023-07-13,7.117,81,91.5014,/s4Ot7YP5GjEW8ggmjXbf79u6b2N.jpg,/g0UxlBGBBFTYgv4Gk2b3ZlZCjQa.jpg,ja,tv,1.0,8.0
77169,Cobra Kai,"This Karate Kid sequel series picks up 30 years after the events of the 1984 All Valley Karate Tournament and finds Johnny Lawrence on the hunt for redemption by reopening the infamous Cobra Kai karate dojo. This reignites his old rivalry with the successful Daniel LaRusso, who has been working to maintain the balance in his life without mentor Mr. Miyagi.","['Action & Adventure', 'Drama', 'Comedy']","['california', 'martial arts', 'karate', 'sensei', 'sequel', 'rivalry', 'dojo', 'martial artist', 'spin off', 'nostalgic', 'father figure', 'frenemies', 'father son relationship', 'inspirational', 'heartfelt', 'action', 'rousing']","['William Zabka', 'Ralph Macchio', 'Courtney Henggeler', 'Xolo Maridueña', 'Tanner Buchanan', 'Mary Mouser', 'Peyton List', 'Jacob Bertrand', 'Gianni DeCenzo', 'Dallas Dupree Young']","['Josh Heald', 'Hayden Schlossberg', 'Jon Hurwitz']",,2018-05-02,8.199,6965,50.8801,/6GDW4EsgsXlYrL1ASb5eCHQK4er.jpg,/5NrSIzfcBOFI9HRGV4nRYgMGhDU.jpg,en,tv,6.0,65.0
1395,Gossip Girl,An exclusive group of privileged teens from a posh prep school on Manhattan's Upper East Side whose lives revolve around the blog of the all-knowing albeit ultra-secretive Gossip Girl.,['Drama'],"['upper class', 'new york city', 'based on novel or book', 'private school', 'high school', 'bullying', 'growing up', 'class differences', 'teenage romance', 'teen drama', 'satirical', 'based on young adult novel', 'soap', 'provocative', 'romantic', 'cheerful', 'pretentious']","['Blake Lively', 'Leighton Meester', 'Penn Badgley', 'Chace Crawford', 'Ed Westwick', 'Kaylee DeFer', 'Matthew Settle', 'Kelly Rutherford']","['Stephanie Savage', 'Josh Schwartz']",,2007-09-19,8.1,2338,56.4542,/mRvSUuU1VQQkZZ578jKJpcUCuL8.jpg,/5RWAjCYhu3D8Ai2QBYP7GjaxFb3.jpg,en,tv,6.0,121.0
1396,Breaking Bad,"Walter White, a New Mexico chemistry teacher, is diagnosed with Stage III cancer and given a prognosis of only two years left to live. He becomes filled with a sense of fearlessness and an unrelenting desire to secure his family's financial future at any cost as he enters the dangerous world of drugs and crime.","['Drama', 'Crime']","['new mexico', 'drug dealer', 'narcissism', 'psychopath', 'terminal illness', 'outlaw', 'dark comedy', 'cancer', 'tragedy', 'drugs', 'criminal', 'meth lab', 'drug lord', 'high school teacher', 'dea agent', 'neo-western', 'albuquerque, new mexico', 'criminal lawyer', 'fall from grace', 'cartel', 'mexican cartel', 'male egos', 'crystal meth', 'dark', 'methamphetamine', 'thriller', 'violent', 'tortured genius']","['Bryan Cranston', 'Aaron Paul', 'Anna Gunn', 'RJ Mitte', 'Dean Norris', 'Betsy Brandt', 'Bob Odenkirk', 'Jonathan Banks']",['Vince Gilligan'],,2008-01-20,8.948,18368,157.2437,/anFx9aTOOYqgS3v7x3R84Kz67ly.jpg,/tsRy63Mu5cu8etL1X7ZLyf7UP1M.jpg,en,tv,5.0,62.0
95603,Kuruluş Osman,"The epic continuation of Diriliş Ertuğrul, Kuruluş Osman follows Osman Bey — son of Ertuğrul and destined founder of the Ottoman Empire — as he transforms a small Turkic tribe into a sovereign state. Battling the Byzantine Empire, Mongol forces and treachery from within, Osman must prove himself as both a warrior and a leader. A sweeping historical action drama built on faith, honour and the birth of one of history's greatest empires.","['War & Politics', 'Action & Adventure', 'Drama']","['politics', 'ottoman empire', 'turkish', 'ottoman', 'islamic history', 'osman ghazi', 'islamic kingdoms']","['Burak Özçivit', 'Özge Törer', 'Emre Bey', 'Ecem Sena Bayır', 'Ömer Faruk Aran', 'Belgin Şimşek', 'Leya Kırşan', 'Yiğit Uçan', 'Çağrı Şensoy', 'Begüm Çağla Taşkın']",['Mehmet Bozdağ'],120.0,2019-11-20,7.9,308,38.9672,/tu4BWsGFHcYDWulZwHxylA91vo0.jpg,/puLaqdcTRwFxwv9S3PO6jA3ep7J.jpg,tr,tv,6.0,194.0
1398,The Sopranos,"The story of New Jersey-based Italian-American mobster Tony Soprano and the difficulties he faces as he tries to balance the conflicting requirements of his home life and the criminal organization he heads. Those difficulties are often highlighted through his ongoing professional relationship with psychiatrist Jennifer Melfi. The show features Tony's family members and Mafia associates in prominent roles and story arcs, most notably his wife Carmela and his cousin and protégé Christopher Moltisanti.","['Crime', 'Drama']","['new jersey', 'italian american', 'drug dealer', 'strip club', 'mafia boss', 'dysfunctional family', 'dysfunctional marriage', 'family relationships', 'organized crime', 'mafia', 'mobster', 'football (soccer)', 'psychiatrist', 'family', 'criminal organization', 'satirical', 'cosa nostra', 'dramatic', 'appreciative', 'excited', 'sympathetic', 'fascinating']","['James Gandolfini', 'Edie Falco', 'Jamie-Lynn Sigler', 'Robert Iler', 'Lorraine Bracco', 'Michael Imperioli', 'Steven Van Zandt', 'Tony Sirico', 'Dominic Chianese', 'Aida Turturro']",['David Chase'],,1999-01-10,8.672,3605,103.9903,/rTc7ZXdroqjkKivFPvCPX0Ru7uw.jpg,/lNpkvX2s8LGB0mjGODMT4o6Up7j.jpg,en,tv,6.0,86.0
1399,Game of Thrones,"Seven noble families fight for control of the mythical land of Westeros. Friction between the houses leads to full-scale war. All while a very ancient evil awakens in the farthest north. Amidst the war, a neglected military order of misfits, the Night's Watch, is all that stands between the realms of men and icy horrors beyond.","['Sci-Fi & Fantasy', 'Drama', 'Action & Adventure']","['based on novel or book', 'kingdom', 'dragon', 'king', 'intrigue', 'fantasy world']","['Peter Dinklage', 'Kit Harington', 'Nikolaj Coster-Waldau', 'Lena Headey', 'Emilia Clarke', 'Liam Cunningham', 'Maisie Williams', 'Isaac Hempstead Wright', 'Sophie Turner', 'John Bradley']","['David Benioff', 'D. B. Weiss']",,2011-04-17,8.469,27487,177.5621,/1XS1oqL89opfnbLl8WnZY1O1uJx.jpg,/2OMB0ynKlyIenMJWI2Dy9IWT4c.jpg,en,tv,8.0,73.0
1400,Seinfeld,A stand-up comedian and his three offbeat friends weather the pitfalls and payoffs of life in New York City in the '90s. It's a show about nothing.,['Comedy'],"['new york city', 'observational comedy', 'manhattan, new york city', 'sitcom', 'stand-up comedian', 'irreverent', 'sharp']","['Jerry Seinfeld', 'Jason Alexander', 'Michael Richards', 'Julia Louis-Dreyfus']","['Jerry Seinfeld', 'Larry David']",,1989-07-05,8.255,2408,76.5589,/aCw8ONfyz3AhngVQa1E2Ss4KSUQ.jpg,/tMRdEsMg9MyXAkcufK9YJEeIaNW.jpg,en,tv,9.0,180.0
1402,The Walking Dead,Sheriff's deputy Rick Grimes awakens from a coma to find a post-apocalyptic world dominated by flesh-eating zombies. He sets out to find his family and encounters many other survivors along the way.,"['Action & Adventure', 'Drama', 'Sci-Fi & Fantasy']","['post-apocalyptic future', 'gore', 'undead', 'survival', 'zombie', 'based on graphic novel', 'horror']","['Lauren Cohan', 'Norman Reedus', 'Jeffrey Dean Morgan', 'Melissa McBride', 'Christian Serratos', 'Seth Gilliam', 'Ross Marquand', 'Josh McDermitt', 'Khary Payton', 'Cooper Andrews']",['Frank Darabont'],,2010-10-31,8.084,18067,123.6909,/aN29llVoCFtBTwDZFtqdD9d8dHb.jpg,/rAOjnEFTuNysY7bot8zonhImGMh.jpg,en,tv,11.0,177.0
1403,Marvel's Agents of S.H.I.E.L.D.,"Agent Phil Coulson of S.H.I.E.L.D. (Strategic Homeland Intervention, Enforcement and Logistics Division) puts together a team of agents to investigate the new, the strange and the unknown around the globe, protecting the ordinary from the extraordinary.","['Drama', 'Sci-Fi & Fantasy', 'Action & Adventure']","['secret government organization', 'superhero', 'based on comic', 'marvel cinematic universe (mcu)']","['Clark Gregg', 'Chloe Bennet', 'Elizabeth Henstridge', 'Ming-Na Wen', 'Henry Simmons', 'Natalia Cordova-Buckley', 'Jeff Ward']","['Joss Whedon', 'Jed Whedon', 'Maurissa Tancharoen']",,2013-09-24,7.5,3865,69.0062,/gHUCCMy1vvj58tzE3dZqeC9SXus.jpg,/iWopHyAvuIDjGX10Yc3nn6UEebW.jpg,en,tv,7.0,136.0
3452,Frasier,"After many years spent at the “Cheers” bar, Frasier moves back home to Seattle to work as a radio psychiatrist after his policeman father gets shot in the hip on duty.","['Comedy', 'Family']","['sibling relationship', 'radio station', 'radio', 'seattle, washington', 'radio presenter', 'psychiatrist', 'dog', 'family', 'widower', 'hometown', 'psychiatry', 'radio host', 'sitcom', 'father son relationship', 'brother brother relationship', 'hilarious', 'audacious', 'comforting', 'dignified']","['Kelsey Grammer', 'Jane Leeves', 'David Hyde Pierce', 'Peri Gilpin', 'John Mahoney', 'Moose', 'Enzo']","['David Angell', 'Peter Casey', 'David Clark Lee']",24.0,1993-09-16,7.698,914,65.0455,/gYAb6GCVEFsU9hzMCG5rxaxoIv3.jpg,/4FqKFhF4BrNsrK3EdRpVJofVqCp.jpg,en,tv,11.0,264.0
1405,Dexter,"Dexter Morgan, a blood spatter pattern analyst for the Miami Metro Police also leads a secret life as a serial killer, hunting down criminals who have slipped through the cracks of justice.","['Crime', 'Drama', 'Mystery']","['miami, florida', 'based on novel or book', 'double life', 'homicide', 'vigilante', 'murder', 'serial killer', 'psychological thriller', 'killer', 'forensic science', 'murder investigation', 'crime investigation', 'dark secret', 'police department', 'neo-noir', 'dark', 'police procedural', 'psychological drama', 'violence', 'thriller', 'admiring']","['Michael C. Hall', 'Jennifer Carpenter', 'Geoff Pierson', 'David Zayas', 'James Remar', 'Aimee Garcia', 'Desmond Harrington', 'C.S. Lee']",['James Manos Jr.'],60.0,2006-10-01,8.242,5741,126.5236,/q8dWfc4JwQuv3HayIZeO84jAXED.jpg,/aSGSxGMTP893DPMCvMl9AdnEICE.jpg,en,tv,8.0,96.0
220542,The Apothecary Diaries,"Maomao lived a peaceful life with her apothecary father. Until one day, she's sold as a lowly servant to the emperor's palace. But she wasn't meant for a compliant life among royalty. So when imperial heirs fall ill, she decides to step in and find a cure! This catches the eye of Jinshi, a handsome palace official who promotes her. Now, she's making a name for herself solving medical mysteries!","['Animation', 'Drama', 'Mystery']","['detective', 'affectation', 'work', 'politics', 'female protagonist', 'maid', 'historical', 'royal court', 'lady in waiting', 'anime', 'medical', 'ancient china', 'critical', 'based on light novel', 'amused', 'audacious']","['Aoi Yuuki', 'Takeo Otsuka', 'Katsuyuki Konishi', 'Hina Kino', 'Yui Ishikawa']",[],23.0,2023-10-22,8.623,616,63.7467,/e3ojpANrFnmJCyeBNTinYwyBCIN.jpg,/gffVOVZ2Y9cmVIZ26Gt9ByMGCYH.jpg,ja,tv,1.0,49.0
1407,Homeland,"CIA officer Carrie Mathison is tops in her field despite being bipolar, which makes her volatile and unpredictable. With the help of her long-time mentor Saul Berenson, Carrie fearlessly risks everything, including her personal well-being and even sanity, at every turn.","['Drama', 'War & Politics', 'Crime']","['central intelligence agency (cia)', 'war on terror', 'espionage', 'conspiracy', 'marine', 'psychological thriller', 'terrorism', 'national security', 'political thriller', 'political', 'psychological', 'conspiracy thriller', 'political conspiracy', 'absurd', 'hum', 'melodramatic']","['Claire Danes', 'Mandy Patinkin', 'Maury Sterling', 'Numan Acar', 'Nimrat Kaur', 'Linus Roache', 'Costa Ronin']","['Alex Gansa', 'Howard Gordon']",,2011-10-02,7.591,2654,80.895,/6GAvS2e6VIRsms9FpVt33PsCoEW.jpg,/391ixi0wVbFtFLQnOy8ZncWv2io.jpg,en,tv,8.0,96.0
1408,House,"Dr. Gregory House, a drug-addicted, unconventional, misanthropic medical genius, leads a team of diagnosticians at the fictional Princeton–Plainsboro Teaching Hospital in New Jersey.",['Drama'],"['medicine', 'drug addiction', 'misanthrophy', 'hospital', 'doctor', 'disease', 'patient', 'illness', 'taunting', 'diagnosis', 'medical drama', 'colleague', 'rare disease', 'thought provoking', 'medical', 'medical ethics', 'drug addict', 'symptom', 'excited', 'tortured genius']","['Hugh Laurie', 'Robert Sean Leonard', 'Omar Epps', 'Jesse Spencer', 'Odette Annable', 'Peter Jacobson', 'Lo Mutuc']",['David Shore'],44.0,2004-11-16,8.565,7785,150.6111,/3Cz7ySOQJmqiuTdrc6CY0r65yDI.jpg,/r0Q6eeN9L1ORL9QsV0Sg8ZV3vnv.jpg,en,tv,8.0,176.0
1409,Sons of Anarchy,"The Sons of Anarchy (SOA) are an outlaw motorcycle club with many charters in the United States and overseas. The show focused on the original and founding charter, Sons of Anarchy Motorcycle Club, Redwood Original, often referred to by the acronym SAMCRO, Sam Crow, or simply Redwood Charter. The charter operates both legal and illegal businesses in the small town of Charming, California. They combine gun-running and a garage, and involvement in porn film industry. Clay, the charter president, likes it old school and violent; while Jax, his stepson and the club's VP, has thoughts about changing the way things are done. Their conflict has effects on both the club and their personal relationship, especially when Jax goes on a personal quest to cleanse the SAMCRO name and image.","['Crime', 'Drama']","['outlaw', 'organized crime', 'motorcycle gang', 'criminal']","['Charlie Hunnam', 'Katey Sagal', 'Tommy Flanagan', 'Mark Boone Junior', 'Kim Coates', 'Theo Rossi', 'Dayton Callie', 'David Labrava', 'Drea de Matteo', 'Jimmy Smits']",['Kurt Sutter'],,2008-09-03,8.4,3342,75.7532,/kiy8BHtIHAslh81rvFcZ4wbNGdY.jpg,/mcgZDwhMlrFsfpbvCeg5RY5mhiu.jpg,en,tv,7.0,92.0
60802,The Last Ship,"Their mission is simple: Find a cure. Stop the virus. Save the world. When a global pandemic wipes out eighty percent of the planet's population, the crew of a lone naval destroyer must find a way to pull humanity from the brink of extinction.","['Action & Adventure', 'Drama', 'Sci-Fi & Fantasy']","['navy', 'post-apocalyptic future', 'survival', 'battleship', 'military', 'virus', 'pandemic']","['Eric Dane', 'Adam Baldwin', 'Charles Parnell', 'Travis Van Winkle', 'Marissa Neitling', 'Christina Elmore', 'Jocko Sims', 'Kevin Michael Martin', 'Bridget Regan', 'Bren Foster']","['Hank Steinberg', 'Steven Kane']",,2014-06-22,6.881,1063,84.4573,/xH529hDtPxhslAEeCrN7gD64ZMX.jpg,/yTUwiQLbr8gHDs8LuU28c8fBQFm.jpg,en,tv,5.0,56.0
1411,Person of Interest,"John Reese, former CIA paramilitary operative, is presumed dead and teams up with reclusive billionaire Finch to prevent violent crimes in New York City by initiating their own type of justice. With the special training that Reese has had in Covert Operations and Finch's genius software inventing mind, the two are a perfect match for the job that they have to complete. With the help of surveillance equipment, they work ""outside the law"" and get the right criminal behind bars. ","['Drama', 'Action & Adventure', 'Crime', 'Sci-Fi & Fantasy']","['new york city', 'artificial intelligence (a.i.)', 'anti hero', 'hacker', 'police', 'vigilante', 'surveillance', 'government agent', 'procedural', 'thoughtful', 'philosophical', 'lyrical', 'complex', 'police profiling', 'techno thriller', 'critical', 'admiring', 'amused']","['Jim Caviezel', 'Michael Emerson', 'Kevin Chapman', 'Amy Acker', 'Sarah Shahi']",['Jonathan Nolan'],,2011-09-22,8.1,2118,82.7023,/f8aIvYk5h7Z8EP3dinCmVgQFYow.jpg,/1UkDX6CK8hJ0oUtUycDTp5Vh9wO.jpg,en,tv,5.0,103.0
1412,Arrow,"Spoiled billionaire playboy Oliver Queen is missing and presumed dead when his yacht is lost at sea. He returns five years later a changed man, determined to clean up the city as a hooded vigilante armed with a bow.","['Crime', 'Drama', 'Action & Adventure']","['superhero', 'based on comic', 'superhero team', 'masked vigilante']","['Stephen Amell', 'David Ramsey', 'Rick Gonzalez', 'Juliana Harkavy', 'Katherine McNamara', 'Ben Lewis', 'Joseph David-Jones', 'Katie Cassidy']","['Andrew Kreisberg', 'Greg Berlanti', 'Marc Guggenheim']",,2012-10-10,6.8,6431,84.6526,/u8ZHFj1jC384JEkTt3vNg1DfWEb.jpg,/wAFuDJfZJrnh6a1wf1Vt7PqYBvR.jpg,en,tv,8.0,170.0
1413,American Horror Story,"An anthology horror drama series centering on different characters and locations, including a house with a murderous past, an asylum, a witch coven, a freak show, a hotel, a farmhouse in Roanoke, a cult, the apocalypse and a summer camp.","['Drama', 'Mystery', 'Sci-Fi & Fantasy']","['hotel', 'nun', 'asylum', 'presidential election', 'haunted house', 'carnival', 'school of witchcraft', 'summer camp', 'supernatural', 'cult', 'anti-christ', 'anthology', 'serial killer', 'apocalypse', 'slasher', 'witchcraft', 'lgbt', 'coven (akelarre)', 'paranormal activity', 'virus', 'freak show', 'erotic thriller', '1980s', 'horror anthology', 'supernatural horror', 'period piece', 'psychological horror', 'horror', 'witches']",['Sarah Paulson'],"['Ryan Murphy', 'Brad Falchuk']",,2011-10-05,8.077,6122,103.2663,/x2c3AvZeTyNehRZXabTojAxfDuR.jpg,/6fQSEUfV3eDUS5AGhwJK8CAWt0b.jpg,en,tv,13.0,145.0
62852,Billions,"Shrewd, savvy U.S. Attorney Chuck Rhoades and the brilliant, ambitious hedge fund king Bobby ""Axe"" Axelrod are on an explosive collision course, with each using all of his considerable smarts, power and influence to outmaneuver the other. The stakes are in the billions in this timely, provocative series.",['Drama'],"['new york city', 'businessman', 'wall street', 'finances', 'wealth', 'stock market', 'hedge fund', 'white collar criminal']","['Paul Giamatti', 'Maggie Siff', 'David Costabile', 'Dola Rashad', 'Jeffrey DeMunn', 'Kelly AuCoin', 'Asia Kate Dillon', 'Corey Stoll', 'Daniel Breaker', 'Sakina Jaffrey']","['Andrew Ross Sorkin', 'Brian Koppelman', 'David Levien']",,2016-01-17,7.76,1058,55.4256,/edwYPQdZE998d748AdwWLsfy0rl.jpg,/51Hw58fMwJQKYJ6XYJIRQBP9EPA.jpg,en,tv,7.0,84.0
1415,Elementary,"A modern-day drama about a crime-solving duo that cracks the NYPD's most impossible cases. Following his fall from grace in London and a stint in rehab, eccentric Sherlock escapes to Manhattan where his wealthy father forces him to live with his worst nightmare - a sober companion, Dr. Watson.","['Drama', 'Mystery', 'Crime']","['new york city', 'detective', 'investigation', 'recovering addict', 'police investigation']","['Jonny Lee Miller', 'Lucy Liu', 'Jon Michael Hill', 'Aidan Quinn']",['Robert Doherty'],43.0,2012-09-27,7.634,1867,58.9719,/q9dObe29W4bDpgzUfOOH3ZnzDbR.jpg,/7sJrNKwzyJWnFPFpDL9wnZ859LZ.jpg,en,tv,7.0,154.0
1416,Grey's Anatomy,Follows the personal and professional lives of a group of doctors at Seattle's Grey Sloan Memorial Hospital.,['Drama'],"['seattle, washington', 'trauma', 'workplace', 'hospital', 'doctor', 'medical student', 'surgical interns', 'medical drama']","['Ellen Pompeo', 'Chandra Wilson', 'James Pickens Jr.', 'Caterina Scorsone', 'Camilla Luddington', 'Kevin McKidd', 'Kim Raver', 'Jason George', 'Chris Carmack', 'Anthony Hill']",['Shonda Rhimes'],,2005-03-27,8.206,11001,265.2903,/hjJkrLXhWvGHpLeLBDFznpBTY1S.jpg,/jP0Rhj9OTPDAwQlHQwOLFDdeE8t.jpg,en,tv,23.0,466.0
1417,Glee,"In this musical comedy, optimistic high school teacher Will Schuester tries to refuel his own passion while reinventing the high school's glee club and challenging a group of outcasts to realize their star potential as they strive to outshine their singing competition while navigating the cruel halls of McKinley High.","['Comedy', 'Drama']","['new york city', 'ohio', 'musical', 'high school', 'bullying', 'aspiring singer', 'broadway', 'glee club', ""following one's dream"", 'musical comedy', 'teen pregnancy', 'provocative', 'celebratory', 'cheerful']","['Lea Michele', 'Chris Colfer', 'Matthew Morrison', 'Jane Lynch', 'Dot-Marie Jones', 'Chord Overstreet', 'Darren Criss', 'Amber Riley', 'Kevin McHale']","['Ryan Murphy', 'Ian Brennan', 'Brad Falchuk']",,2009-05-19,6.784,962,58.6098,/9WlKHB3lmqMmxO1SfL6MVOJxKPP.jpg,/1orqm4lN8VtYGlxZ1g12ip6iwmG.jpg,en,tv,6.0,121.0
1418,The Big Bang Theory,Physicists Leonard and Sheldon find their nerd-centric social circle with pals Howard and Raj expanding when aspiring actress Penny moves in next door.,['Comedy'],"['geek', 'nerd', 'friends', 'scientist', 'sitcom']","['Johnny Galecki', 'Jim Parsons', 'Kaley Cuoco', 'Simon Helberg', 'Kunal Nayyar', 'Melissa Rauch', 'Mayim Bialik']","['Chuck Lorre', 'Bill Prady']",22.0,2007-09-24,7.924,12678,54.9659,/euKFiO5M125rpngFRBbSW83beeI.jpg,/rwYvhVv0vwbulMwxOfEsuAr1JrT.jpg,en,tv,12.0,279.0
1419,Castle,"After a serial killer imitates the plots of his novels, successful mystery novelist Richard ""Rick"" Castle receives permission from the Mayor of New York City to tag along with an NYPD homicide investigation team for research purposes.","['Drama', 'Crime']","['new york city', 'police', 'writer', 'novelist', 'criminal investigation', 'female detective', 'homicide detective', 'criminal consultant', 'police procedural']","['Nathan Fillion', 'Stana Katic', 'Molly C. Quinn', 'Jon Huertas', 'Seamus Dever', 'Susan Sullivan', 'Tamala Jones', 'Toks Olagundoye']",['Andrew W. Marlowe'],,2009-03-09,7.967,2127,91.9889,/diXBeMzvfJb2iJg3G0kCUaMCzEc.jpg,/zOnLMRD3PIhwO5KZmWMVEnLokMo.jpg,en,tv,8.0,173.0
1420,New Girl,"Jessica Day is an offbeat and adorable girl in her late 20s who, after a bad breakup, moves in with three single guys. Goofy, positive, vulnerable and honest to a fault, Jess has faith in people, even when she shouldn't. Although she's dorky and awkward, she's comfortable in her own skin. More prone to friendships with women, she's not used to hanging with the boys—especially at home.",['Comedy'],"['roommates', 'friends', 'apartment building', 'group of friends', 'twenty something', 'sitcom']","['Zooey Deschanel', 'Jake Johnson', 'Max Greenfield', 'Lamorne Morris', 'Hannah Simone']",['Elizabeth Meriwether'],22.0,2011-09-20,7.354,1708,51.8629,/8oCqMlKKomCArVtyOjRzMN6g40Z.jpg,/959IFVeGqz2M6qGvQ1RxN2r6Mq6.jpg,en,tv,7.0,146.0
1421,Modern Family,"The Pritchett-Dunphy-Tucker clan is a wonderfully large and blended family. They give us an honest and often hilarious look into the sometimes warm, sometimes twisted, embrace of the modern family.",['Comedy'],"['family relationships', 'breaking the fourth wall', 'family', 'sitcom', 'blended family']","[""Ed O'Neill"", 'Sofía Vergara', 'Julie Bowen', 'Ty Burrell', 'Jesse Tyler Ferguson', 'Eric Stonestreet', 'Sarah Hyland', 'Ariel Winter', 'Nolan Gould', 'Rico Rodriguez']","['Steven Levitan', 'Christopher Lloyd']",,2009-09-23,7.909,3463,115.8063,/k5Qg5rgPoKdh3yTJJrLtyoyYGwC.jpg,/nO7EzksrBzlNpAg5rgv8HzaBIkx.jpg,en,tv,11.0,250.0
1422,The Middle,"The daily mishaps of a married woman and her semi-dysfunctional family and their attempts to survive life in general in the city of Orson, Indiana.",['Comedy'],"['indiana, usa', 'middle class', 'dysfunctional family', 'family', 'middle america', 'sitcom']","['Patricia Heaton', 'Neil Flynn', 'Charlie McDermott', 'Eden Sher', 'Atticus Shaffer']","['Eileen Heisler', 'DeAnn Heline']",22.0,2009-09-30,7.566,764,64.1926,/u6FluiFx3ocVS0MgZszfpPKXT2p.jpg,/82D01BlixH1JD0BCQoERabDjp7h.jpg,en,tv,9.0,215.0
1414,The Shield,The story of an inner-city Los Angeles police precinct where some of the cops aren't above breaking the rules or working against their associates to both keep the streets safe and their self-interests intact.,"['Crime', 'Drama', 'Action & Adventure']","['robbery', 'police brutality', 'mayor', 'drug dealer', 'gang', 'dirty cop', 'police corruption', 'los angeles, california', 'drugs', 'police detective', 'death', 'criminal investigation', 'lapd', 'grim', 'mexican cartel', 'intense', 'brutal violence']","['Michael Chiklis', 'Catherine Dent', 'Paula Garcés', 'Walton Goggins', 'Michael Jace', 'Jay Karnes', 'Benito Martinez', 'David Marciano', 'CCH Pounder', 'Cathy Cahlin Ryan']",['Shawn Ryan'],45.0,2002-03-12,8.2,888,51.77,/AfdZXqqlFsPUEfi6kWWWthxw7Nz.jpg,/AuQGIa3ZarPdS0bhWjQWJR0mhJj.jpg,en,tv,7.0,88.0
1431,CSI: Crime Scene Investigation,"A Las Vegas team of forensic investigators are trained to solve criminal cases by scouring the crime scene, collecting irrefutable evidence and finding the missing pieces that solve the mystery.","['Crime', 'Drama', 'Mystery']","['detective', 'police', 'crime scene', 'las vegas', 'criminal investigation', 'forensic', 'murder investigation', 'homicide detective', 'crime investigation', 'police procedural', 'forensic evidence', 'forensic expert', 'crime scene investigation', 'crime scene investigator']","['Ted Danson', 'George Eads', 'Jorja Fox', 'Eric Szmanda', 'Robert David Hall', 'Wallace Langham', 'Jon Wellner', 'Elisabeth Harnois', 'Elisabeth Shue', 'David Berman']","['Ann Donahue', 'Anthony E. Zuiker']",43.0,2000-10-06,7.621,1414,164.174,/i5hmoRjHNWady4AtAGICTUXknKH.jpg,/cvlLBcQWpO9X21jDHhgPJnE2aVq.jpg,en,tv,15.0,335.0
1433,American Dad!,"The series focuses on an eccentric motley crew that is the Smith family and their three housemates: Father, husband, and breadwinner Stan Smith; his better half housewife, Francine Smith; their college-aged daughter, Hayley Smith; and their high-school-aged son, Steve Smith. Outside of the Smith family, there are three additional main characters, including Hayley's boyfriend turned husband, Jeff Fischer; the family's man-in-a-goldfish-body pet, Klaus; and most notably the family's zany alien, Roger, who is ""full of masquerades, brazenness, and shocking antics.""","['Animation', 'Comedy']","['central intelligence agency (cia)', 'alien', 'social satire', 'adult animation', 'sitcom', 'domestic comedy']","['Seth MacFarlane', 'Wendy Schaal', 'Rachael MacFarlane', 'Scott Grimes', 'Dee Bradley Baker']","['Matt Weitzman', 'Seth MacFarlane', 'Mike Barker']",,2005-02-06,7.022,2422,128.2257,/eb9sH2am9IUSQ8GhXTNAVoujk8W.jpg,/iixxhk3ycXmFqBn616pAsC3lu53.jpg,en,tv,22.0,401.0
1434,Family Guy,"Sick, twisted, politically incorrect and Freakin' Sweet animated series featuring the adventures of the dysfunctional Griffin family. Bumbling Peter and long-suffering Lois have three kids. Stewie (a brilliant but sadistic baby bent on killing his mother and taking over the world), Meg (the oldest, and is the most unpopular girl in town) and Chris (the middle kid, he's not very bright but has a passion for movies). The final member of the family is Brian - a talking dog and much more than a pet, he keeps Stewie in check whilst sipping Martinis and sorting through his own life issues.","['Animation', 'Comedy']","['rhode island', 'middle class', 'satire', 'parody', 'dysfunctional family', 'adult humor', 'social satire', 'boy genius', 'new england', 'adult animation']","['Seth MacFarlane', 'Alex Borstein', 'Mila Kunis', 'Seth Green', 'Patrick Warburton', 'Arif Zahir']",['Seth MacFarlane'],,1999-01-31,7.41,5062,253.5646,/3PFsEuAiyLkWsP4GG6dIV37Q6gu.jpg,/l7wShoIdIUwaDIbsHno9pO5MZXT.jpg,en,tv,24.0,456.0
1435,The Good Wife,Alicia Florrick boldly assumes full responsibility for her family and re-enters the workforce after her husband's very public sex and political corruption scandal lands him in jail.,['Drama'],"['mother', 'infidelity', 'governor', 'politics', 'lawyer', 'justice', 'cynical', 'defense attorney', 'tense', 'witty', 'distressing']","['Julianna Margulies', 'Christine Baranski', 'Matt Czuchry', 'Alan Cumming', 'Cush Jumbo', 'Jeffrey Dean Morgan']","['Michelle King', 'Robert King']",43.0,2009-09-22,7.616,692,71.4807,/lasNCd45fpPLirlA7QxkuopWro.jpg,/uinrziSwEmS6s8VvGBad5sed7bF.jpg,en,tv,7.0,156.0
1438,The Wire,"Told from the points of view of both the Baltimore homicide and narcotics detectives and their targets, the series captures a universe in which the national war on drugs has become a permanent, self-sustaining bureaucracy, and distinctions between good and evil are routinely obliterated.","['Crime', 'Drama']","['corruption', 'newspaper', 'drug trafficking', 'drug dealer', 'baltimore, usa', 'gangster', 'police', 'organized crime', 'police detective', 'surveillance', 'power politics', 'urban decay', 'newspaper reporter', 'wiretapping', 'workers union', 'angry', 'education system', 'docks', 'black project', 'clinical', 'mayoral election', 'dramatic', 'violence', 'tense', 'sinister', 'depressing', 'admiring', 'appreciative', 'awestruck', 'callous', 'commanding', 'dignified', 'hopeful', 'horrified', 'informative', 'objective', 'ominous']","['Dominic West', 'Lance Reddick', 'Sonja Sohn', 'Wendell Pierce', 'Michael Kenneth Williams', 'Deirdre Lovejoy', 'Andre Royo', 'John Doman', 'Clarke Peters', 'Jamie Hector']",['David Simon'],,2002-06-02,8.633,2770,71.8009,/4lbclFySvugI51fwsyxBTOm4DqK.jpg,/layPSOJGckJv3PXZDIVluMq69mn.jpg,en,tv,5.0,60.0
91555,All Elite Wrestling: Dynamite,A world-class roster of diverse male and female wrestlers give fans a new wrestling experience for the first time in 20 years.,"['Action & Adventure', 'Drama']","['sports entertainment', 'pro wrestling', 'all elite wrestling (aew)', 'excited']",[],[],86.0,2019-10-02,8.0,86,79.5502,/gPNWVCp0zrHRmwfovUpUQO44sts.jpg,/veIrzS2AkYm0UaYYcVw9ziWkJoB.jpg,en,tv,8.0,365.0
1450,The Closer,"Deputy Police Chief Brenda Leigh Johnson transfers from Atlanta to LA to head up a special unit of the LAPD that handles sensitive, high-profile murder cases. Johnson's quirky personality and hard-nosed approach often rubs her colleagues the wrong way, but her reputation as one of the world's best interrogator eventually wins over even her toughest critics.","['Crime', 'Drama', 'Mystery']","['police', 'los angeles, california', 'female cop', 'police investigation', 'lapd', 'crime investigation', 'male cop', 'police procedural']","['Kyra Sedgwick', 'J.K. Simmons', 'Corey Reynolds', 'Robert Gossett', 'G.W. Bailey', 'Tony Denison', 'Michael Paul Chan', 'Phillip P. Keene', 'Jon Tenney', 'Raymond Cruz']","['James Duff', 'Michael M. Robin']",46.0,2005-06-13,7.86,346,62.5902,/q6FhABXGf3TaYKoKNwzGAEzW7bt.jpg,/oenEPUQI0ZgeaBWB5dYGrzrA9gN.jpg,en,tv,7.0,109.0
19885,Sherlock,A modern update finds the famous sleuth and his doctor partner solving crime in 21st century London.,"['Crime', 'Drama', 'Mystery']","['london, england', 'detective', 'based on novel or book', 'workaholic', 'investigation', 'friendship', 'police', 'genius', 'murder', 'whodunit', 'doctor', 'private detective', 'murder mystery', 'police procedural', 'sherlock holmes', 'army medic', 'cerebral', 'suspenseful', 'tense', 'deduction', 'ambiguous', 'amused', 'urgent', 'sharp', 'tortured genius']","['Benedict Cumberbatch', 'Martin Freeman']","['Mark Gatiss', 'Steven Moffat']",90.0,2010-07-25,8.507,6600,40.8065,/7WTsnHkbA0FaG6R9twfFde0I9hl.jpg,/8rvLEmdI4gLrMO1rLqbNdnNcPFE.jpg,en,tv,4.0,12.0
81329,Chronicles of the Sun,Claire is surprised when she gets arrested for the murder of her childhood friend after she returns to Montpellier.,['Soap'],['exuberant'],"['Mélanie Maudran', 'Moïse Santamaria', 'Yvon Back', 'Benjamin Bourgois', 'Chrystelle Labaude']","['Olivier Szulzynger', 'Eline Le Fur', 'Cristina Arellano', 'Stéphanie Tchou-Cotta']",26.0,2018-08-27,6.566,129,80.1714,/t6jVlbPMtZOJoAOfeoR4yQmnjXM.jpg,/aizbHLcKVWvJ7jxkflJzTu5Z8GE.jpg,fr,tv,8.0,1943.0
69050,Riverdale,"Set in the present, the series offers a bold, subversive take on Archie, Betty, Veronica and their friends, exploring the surreality of small-town life, the darkness and weirdness bubbling beneath Riverdale’s wholesome facade.","['Crime', 'Drama', 'Mystery']","['love triangle', 'casino', 'witch', 'killing', 'small town', 'amateur detective', 'magic', 'manipulation', 'bisexuality', 'college', 'graduation', 'musical', 'farm', 'cult', 'high school', 'based on comic', 'revenge', 'lesbian relationship', 'board game', 'diner', 'school', 'mental institution', 'shooter', 'twins', 'group of friends', 'lgbt', 'murder investigation', 'small town sheriff', 'criminal gang', 'cliffhanger', 'grudge', 'teenage romance', 'teen drama', 'young adult', 'murder mystery', 'rich family', 'imaginative', 'parallel universe', 'supernatural power', 'dark', 'gay relationship', 'fbi agent', 'lost brother', 'teenager', 'biker gang', 'absurd', 'offbeat', 'romantic', 'bold', 'melodramatic']","['KJ Apa', 'Lili Reinhart', 'Camila Mendes', 'Cole Sprouse', 'Madelaine Petsch', 'Casey Cott', 'Drew Ray Tanner', 'Vanessa Morgan', 'Mädchen Amick']",['Roberto Aguirre-Sacasa'],45.0,2017-01-26,8.402,13766,56.0369,/d8mmn9thQ5dBk2qbv6BCqGUXWK3.jpg,/kb9XvtEnDhBVVit4eeKygqll4EA.jpg,en,tv,7.0,137.0
60863,Haikyu!!,"Inspired by a small-statured pro volleyball player, Hinata creates a volleyball team in his last year of middle school. Unfortunately the team is matched up against the ""King of the Court"" Tobio Kageyama’s team in their first tournament and inevitably lose. After the crushing defeat, Hinata vows to surpass Kageyama After entering high school, Hinata joins the volleyball team only to find that Tobio has also joined.","['Animation', 'Comedy', 'Drama']","['competition', 'training', 'volleyball', 'sports', 'high school', 'high school sports', 'rivalry', 'slice of life', 'tournament', 'bromance', 'based on manga', 'high school student', 'high school rivalry', 'school life', 'shounen', 'anime', 'school club', 'prodigy', 'japanese high school', 'teamwork', 'team sports', 'miyagi, japan', 'bukatsu']","['Ayumu Murase', 'Kaito Ishikawa']",[],24.0,2014-04-06,8.616,1534,39.8067,/8WEr48swcqe89Zsy5sdrGCASlIg.jpg,/zr1MDQCPVB5uJEHxiO6Tukn4OjH.jpg,ja,tv,4.0,85.0
46533,The Americans,"Set during the Cold War period in the 1980s, The Americans is the story of Elizabeth and Philip Jennings, two Soviet KGB officers posing as an American married couple in the suburbs of Washington D.C. and their neighbor, Stan Beeman, an FBI Counterintelligence agent.","['Crime', 'Drama']","['spy', 'washington dc, usa', 'undercover', 'fbi', 'cold war', 'kgb', 'period drama', 'russian spy', '1980s', 'dramatic', 'commanding']","['Keri Russell', 'Matthew Rhys', 'Holly Taylor', 'Keidrich Sellati', 'Noah Emmerich', 'Costa Ronin', 'Margo Martindale']",['Joe Weisberg'],,2013-01-30,7.9,1089,41.531,/w1UBlxEXhbKe8sp0fxFZh7MqTce.jpg,/7RrcmIQ7e37M3vMkUNAKCEA6uEy.jpg,en,tv,6.0,75.0
81356,Sex Education,Inexperienced Otis channels his sex therapist mom when he teams up with rebellious Maeve to set up an underground sex therapy clinic at school.,"['Comedy', 'Drama']","['england', 'small town', 'sex therapy', 'high school', 'coming of age', 'school', 'teenage sexuality', 'lgbt', 'lgbt teen', 'sex comedy', 'black lgbt', 'candid', 'sex therapist', 'teenage protagonist', 'asexuality', 'gay theme', 'bittersweet', 'teenager', 'absurd', 'witty']","['Asa Butterfield', 'Gillian Anderson', 'Ncuti Gatwa', 'Emma Mackey', 'Kedar Williams-Stirling', 'Thaddea Graham', 'Mimi Keene', 'Anthony Lexa', 'Connor Swindells', 'Aimee Lou Wood']",['Laurie Nunn'],,2019-01-11,8.196,7952,60.2191,/bc3bmTdnoKcRuO9xdQKgAbB7Y9Z.jpg,/u23G9KZregWHs1use6ir1fX27gl.jpg,en,tv,4.0,32.0
42444,Saint Seiya,"Ages ago, the goddess Athena was served by fighters called Saints who channeled the power of the Cosmos within them. Now a youth named Seiya has trained to become a Saint himself by earning the mystical Cloth of Pegasus. He is joined by other Saints with Cloths of their own to fight for Athena.","['Animation', 'Drama', 'Action & Adventure', 'Sci-Fi & Fantasy']","['greek mythology', 'friendship', 'god', 'knight', 'goddess', 'orphan', 'based on manga', 'norse mythology', 'shounen', 'anime', 'epic fights', 'good versus evil', 'zodiac signs', 'constellations']","['Toru Furuya', 'Hirotaka Suzuoki', 'Ryo Horikawa', 'Koichi Hashimoto', 'Hideyuki Hori', 'Keiko Han', 'Hideyuki Tanaka', 'Mami Koyama', 'Yuriko Yamamoto', 'Kazuyuki Sogabe']",[],24.0,1986-10-11,8.493,1454,42.6278,/dhtiYYbob8saEUFWle3aWgVY28M.jpg,/xqi7xzgzed2TyVuoXBmm6neYGee.jpg,ja,tv,1.0,114.0
1486,21 Jump Street,21 Jump Street revolves around a group of young cops who would use their youthful appearance to go undercover and solve crimes involving teenagers and young adults.,"['Crime', 'Mystery', 'Drama']","['undercover', 'undercover agent', 'police', 'coming of age', 'police detective', 'police procedural']","['Holly Robinson Peete', 'Michael Bendetti', 'Peter DeLuise', 'Steven Williams', 'Michael DeLuise']","['Stephen J. Cannell', 'Patrick Hasburgh']",45.0,1987-04-12,7.284,201,49.0002,/9w2y0146P5EjLw63FHGWRRpqQ6v.jpg,/gTN0SAdXsDUE6SFFRo8QsJgXDIg.jpg,en,tv,5.0,103.0
1489,Jimmy Kimmel Live!,"Jimmy Kimmel Live! is an American late-night talk show, created and hosted by Jimmy Kimmel and broadcast on ABC.","['Talk', 'Comedy']","['celebrity', 'late night', 'late-night show', 'irreverent', 'factual', 'hilarious', 'informative']","['Jimmy Kimmel', 'Guillermo Rodriguez']",[],,2003-01-26,5.3,212,53.0988,/bGB6bEbG4qL22C1SFupkdAxYC9i.jpg,/zjJNOVA3SPjhGtGhGN8POG991bg.jpg,en,tv,25.0,3334.0
75219,9-1-1,"Explore the high-pressure experiences of police officers, paramedics and firefighters who are thrust into the most frightening, shocking and heart-stopping situations. These emergency responders must try to balance saving those who are at their most vulnerable with solving the problems in their own lives.","['Drama', 'Crime', 'Action & Adventure']","['california', 'police', 'los angeles, california', 'police officer', 'firefighter', 'emergency', 'procedural', 'frantic', 'first responders', 'emergency services', 'amused']","['Angela Bassett', 'Jennifer Love Hewitt', 'Oliver Stark', 'Aisha Hinds', 'Kenneth Choi', 'Ryan Guzman', 'Corinne Massiah', 'Elijah M. Cooper']","['Ryan Murphy', 'Brad Falchuk', 'Tim Minear']",,2018-01-03,8.223,2826,103.5303,/6njUqsd3By2mJsdZm1P0moPLzs3.jpg,/h050XJoiIobaH6bhj3MAhgilkpJ.jpg,en,tv,10.0,143.0
58841,Chicago P.D.,"A riveting police drama about the men and women of the Chicago Police Department's District 21 who put it all on the line to serve and protect their community. District 21 is made up of two distinctly different groups: the uniformed cops who patrol the beat and go head-to-head with the city's street crimes and the Intelligence Unit that combats the city's major offenses - organized crime, drug trafficking, high profile murders and beyond.","['Crime', 'Drama']","['chicago, illinois', 'police', 'spin off', 'crime investigation']","['Jason Beghe', 'Marina Squerciati', 'Patrick John Flueger', 'Benjamin Levy Aguilar', 'Arienne Mandi', 'Amy Morton']","['Dick Wolf', 'Matt Olmstead']",,2014-01-08,8.423,2614,105.9925,/bez40PgT36RUu4gstD2A6GSM0tP.jpg,/rhp8vYG1sIFtqH3ETmHJuI5Z3Cb.jpg,en,tv,14.0,265.0
1508,Dancing with the Stars,"The competition sees celebrities perform choreographed dance routines which are judged by a panel of renowned ballroom experts and voted on by viewers. Enjoy sizzling salsas, sambas and spray-tans as they vie for the coveted Mirrorball Trophy.","['Reality', 'Family']","['competition', 'celebrity', 'dance competition']",[],[],,2005-06-01,6.147,136,55.41,/5ropLAggzraCNoT6QPltb9lxeP3.jpg,/zx574JjeDSqd8gpkEi9AeU75adK.jpg,en,tv,35.0,512.0
3562,NOVA,"PBS' premier science series helps viewers of all ages explore the science behind the headlines. Along the way, NOVA demystifies science and technology, and highlights the people involved in scientific pursuits.",['Documentary'],"['nature', 'candid', 'inspirational', 'factual', 'dramatic', 'instructive']",[],[],55.0,1974-03-03,7.0,140,78.9261,/giUBXYnDAaJgNqA6iE3BMVE2EHp.jpg,/euEHCRdfV1ZTDgfhZm1XKHVkZ2K.jpg,en,tv,53.0,1025.0
3570,Sailor Moon,"One day, Usagi Tsukino, clumsy 2nd-year middle school student, stumbles upon a talking cat named Luna. Luna tells her that she is destined to be Sailor Moon, ""champion of love and justice"", and she must search for the fabled Moon Princess. Usagi finds friends that turn out to be destined senshi as well, and together they fight to save the world from the certain doom brought upon by the Dark Kingdom.","['Action & Adventure', 'Animation', 'Comedy', 'Sci-Fi & Fantasy', 'Kids']","['moon', 'magic', 'friendship', 'romance', 'school', 'based on manga', 'destiny', 'talking cat', 'shoujo', 'anime', 'teen superhero', 'japanese high school', 'henshin heroes', 'magical girl']","['Kotono Mitsuishi', 'Aya Hisakawa', 'Michie Tomizawa', 'Emi Shinohara', 'Rica Fukami', 'Toru Furuya', 'Keiko Han', 'Kae Araki', 'Yasuhiro Takato']",[],24.0,1992-03-07,8.348,1032,51.4201,/wz45BNOMLRZdxXm94P8NGevKubm.jpg,/sNCpbcCcRadDBMTh6An1dBMakqr.jpg,ja,tv,5.0,200.0
34307,Shameless,"Chicagoan Frank Gallagher is the proud single dad of six smart, industrious, independent kids, who without him would be... perhaps better off. When Frank's not at the bar spending what little money they have, he's passed out on the floor. But the kids have found ways to grow up in spite of him. They may not be like any family you know, but they make no apologies for being exactly who they are.","['Drama', 'Comedy']","['sibling relationship', 'chicago, illinois', 'single parent', 'self-destruction', 'big family', 'remake', 'dysfunctional family', 'drugs', 'single father', 'alcoholic father']","['William H. Macy', 'Jeremy Allen White', 'Ethan Cutkosky', 'Shanola Hampton', 'Steve Howey', 'Emma Kenney', 'Christian Isaiah', 'Cameron Monaghan', 'Noel Fisher', 'Kate Miner']","['Paul Abbott', 'John Wells']",,2011-01-09,8.166,3427,142.6455,/ifo31fMWLmyOVpdak9K0kY4jldQ.jpg,/5s9XHTB9SLPdg3mNU6BlSLnZ9Qq.jpg,en,tv,11.0,134.0
1549,WWE Friday Night SmackDown,"The superstars of World Wrestling Entertainment's ""SmackDown"" brand collide each and every Friday on WWE Friday Night SmackDown.",['Reality'],"['wrestling', 'sports entertainment']",[],['Vince McMahon'],,1999-04-29,7.5,192,39.7147,/aECaauQxUz2LBwHh2NQlGD49pRe.jpg,/1prWCrbOfVf5WHEta3KbPagrQPf.jpg,en,tv,28.0,1412.0
1554,QI,"Comedy quiz show full of quirky facts, in which contestants are rewarded more if their answers are 'quite interesting'.","['Comedy', 'Talk']","['game show', 'quiz', 'trivia', 'panel show', 'knowledge']","['Sandi Toksvig', 'Alan Davies']",['John Lloyd'],,2003-09-11,7.923,287,47.354,/9zWVsauqP7GM9E1N9WDYVf9CWe3.jpg,/ikS12cRIPV1ZDVmCVKMNfMmow9Y.jpg,en,tv,23.0,369.0
278043,You and I Are Polar Opposites,"Suzuki's a high school girl in love, but the guy she's fallen for is nothing like her! While she's cheerful, outgoing, and always trying to fit in, her classmate Yusuke Tani is stoic, quiet, and doesn't seem to care what people think of him. Will Suzuki be able to overcome her anxieties and ask him out, or will she discover that opposites really don't attract?","['Animation', 'Comedy']","['romcom', 'romance', 'slice of life', 'based on manga', 'anime', 'japanese high school']","['Sayumi Suzushiro', 'Shogo Sakata', 'Yuna Taniguchi', 'Konatsu Hirabayashi', 'Anji Iwata', 'Miyuri Shimabukuro', 'Wataru Katoh', 'Cocoro Omori', 'Tomori Kusunoki']",[],24.0,2026-01-11,8.575,80,42.1183,/9hRuMU33DBz4z1vaYBRqLLuFFbQ.jpg,/5p423VlhPXf7681XyZCL4khIJLl.jpg,ja,tv,1.0,25.0
77341,Enemigo íntimo,"The story of two siblings who witness the murder of their parents in the hands of one of the drug cartels in Mexico, after which Alejandro Ferrer's younger sister is kidnapped. 25 years later, Alejandro is now the captain of the Federal Police and seeks revenge against the narcos for destroying his family.","['Action & Adventure', 'Drama']",['telenovela'],"['Matías Novoa', 'Fernanda Castillo', 'Raúl Méndez', 'Leonardo Daniel', 'Guillermo Quintanilla', 'Alejandro Speitzer', 'Tiago Correa', 'Harrison Jones', 'Luis Alberti', 'Valentina Acosta']","['Lina Uribe', 'Dario Vanegas']",45.0,2018-02-21,7.637,443,42.4053,/81URAPXi0GP9Ul4MxcVSiDEnpPq.jpg,/aTSkfXJ9rY1rGtYStcJUrX2wq73.jpg,es,tv,2.0,113.0
3626,American Idol,"Each year, hopeful singers from all over the country audition to be part of one of the biggest shows in American television history. Who will become the new American Idol?",['Reality'],"['competition', 'judge', 'talent', 'music competition', 'aspiring singer', 'singer', 'voting', 'singing', 'audition', 'singing competition', 'talent search', 'talent competition', 'music industry', 'vocal talent']","['Jennifer Lopez', 'Ryan Seacrest', 'Keith Urban', 'Harry Connick Jr.']",['Simon Fuller'],85.0,2002-06-11,5.003,180,40.392,/iIlKBCqv5YkjQIWj7hYcFndxoLp.jpg,/7BAzz0Asm3FDwQimAmnqQhdMreB.jpg,en,tv,15.0,567.0
93740,Foundation,Follow a band of exiles on their monumental journey to save humanity and rebuild civilization amid the fall of the Galactic Empire.,"['Sci-Fi & Fantasy', 'Drama']","['prophecy', 'based on novel or book', 'empire', 'distant future', 'space opera', 'aggressive', 'domineering', 'human clone', 'wonder', 'absurd', 'tense', 'depressing', 'cliché', 'pretentious']","['Jared Harris', 'Lee Pace', 'Lou Llobell', 'Laura Birn', 'Cassian Bilton', 'Terrence Mann']","['David S. Goyer', 'Josh Friedman']",,2021-09-23,7.708,1775,47.9658,/tg9I5pOY4M9CKj8U0cxVBTsm5eh.jpg,/7NNNXo0qG2SqH4JoG7GPvJ2hzes.jpg,en,tv,3.0,30.0
85552,Euphoria,"A group of high school students navigate love and friendships in a world of drugs, sex, trauma, and social media.",['Drama'],"['drug crime', 'sex scandal', 'attention deficit hyperactivity disorder (adhd)', 'relationship problems', 'childhood trauma', 'sex addiction', 'addiction', 'love-hate relationship', 'drug rehabilitation', 'coming of age', 'teenage girl', 'female protagonist', 'drug use', 'sexual freedom', 'high school student', 'painful memories', 'peer pressure', 'pornography addiction', 'trans woman', 'generation z', 'trans youth', 'addiction recovery', '2010s', 'abusive family', 'transgender', 'bold', 'euphoric']","['Zendaya', 'Hunter Schafer', 'Sydney Sweeney', 'Jacob Elordi', 'Alexa Demie', 'Maude Apatow', 'Martha Kelly', 'Chloe Cherry', 'Adewale Akinnuoye-Agbaje', 'Toby Wallace']",['Sam Levinson'],,2019-06-16,8.279,11020,86.9888,/ypmtwojDd751Peszi62DVLytqqC.jpg,/mez2Z3WqlPKNXpi7mWoiiE5guE9.jpg,en,tv,3.0,24.0
5687,The Smurfs,"Classic Saturday-morning cartoon series featuring magical blue elf-like creatures called Smurfs. The Smurfs, named for their personalities, inhabit a village of mushroom houses in an enchanted forest. These loveable creatures are led by Papa Smurf and live carefree... except for one major threat to their existance: Gargamel, an evil but inept wizard who lives in a stone-built house in the forest; and his feline companion, the equally nasty Azrael. ","['Animation', 'Family', 'Sci-Fi & Fantasy', 'Kids', 'Comedy']","['mushroom', 'cat', 'big family', 'forest', 'based on comic', 'single father', 'middle ages (476-1453)', 'miniature people', 'alchemy', 'wizard', 'tiny home', 'playful']","['Don Messick', 'Lucille Bliss', 'Frank Welker', 'Michael Bell', 'June Foray', 'Paul Winchell', 'Danny Goldman', 'Hamilton Camp', 'William Callaway']",['Peyo'],11.0,1981-09-12,6.999,588,39.0004,/cezQyM5cO454vUdLiLOkv78K64D.jpg,/1szJqm8ksrwbPheLfEZn2ohTGbg.jpg,en,tv,9.0,422.0
245312,A Man on the Inside,A retired professor with a knack for snooping gets a new lease on life when a private investigator recruits him to go undercover and crack a case.,"['Comedy', 'Crime']","['spy', 'san francisco, california', 'amateur detective', 'parenthood', 'private investigator', 'retirement community', 'undercover operation', 'based on movie', 'sitcom', 'father daughter relationship', 'heartfelt', 'witty', 'elderly widower', 'retired professor']","['Ted Danson', 'Mary Elizabeth Ellis', 'Lilah Richcreek Estrada', 'Mary Steenburgen']",['Michael Schur'],,2024-11-21,7.417,242,52.559,/c09XdTLpLku2tqHt158NZBgC4hi.jpg,/6EObfIe4akZGvCLXwXLJw3kPitQ.jpg,en,tv,2.0,16.0
67136,This Is Us,"Follows the lives and families of three adults living and growing up in the United States of America in present and past times. As their paths cross and their life stories intertwine in curious ways, we find that several of them share the same birthday - and so much more than anyone would expect.",['Drama'],"['sibling relationship', 'loss of loved one', 'adoption', 'addiction', 'romance', 'flashback', 'grief', 'family relationships', 'nostalgic', 'grieving', 'brisk', 'powerful']","['Milo Ventimiglia', 'Mandy Moore', 'Sterling K. Brown', 'Chrissy Metz', 'Justin Hartley', 'Susan Kelechi Watson', 'Chris Sullivan', 'Jon Huertas']",['Dan Fogelman'],,2016-09-20,8.231,1649,46.4977,/huxmY6Dmzwpv5Q2hnNft0UMK7vf.jpg,/frNEERYvgDAThEcCR5FKzggktsR.jpg,en,tv,6.0,105.0
1606,Ghost Whisperer,"Newlywed Melinda Gordon tries to help the dead communicate with loved ones, but sometimes the messages she receives are intense and confusing. Most of Melinda's efforts involve resolving conflicts that are preventing the spirits from passing over.","['Sci-Fi & Fantasy', 'Mystery', 'Drama']","['psychic power', 'ghost', 'talking to the dead', 'calm']","['Jennifer Love Hewitt', 'Camryn Manheim', 'Jamie Kennedy', 'Connor Gibbs', 'David Conrad']",['John Gray'],,2005-09-23,8.068,1889,49.4267,/9ZtGupUFaHhws7mOcwhNTtRpRHC.jpg,/dWhMavg03rBGM96JSQmiUGcj3WE.jpg,en,tv,5.0,107.0
1620,CSI: Miami,"The show follows Crime Scene Investigators working for the Miami-Dade Police Department as they use physical evidence, similar to their Las Vegas counterparts, to solve grisly murders. The series mixes deduction, gritty subject matter, and character-driven drama in the same vein as the original series in the CSI franchise, except that the Miami CSIs are cops first, scientists second.","['Drama', 'Mystery', 'Crime']","['miami, florida', 'detective', 'police', 'spin off', 'forensic science']","['David Caruso', 'Emily Procter', 'Omar Benson Miller', 'Jonathan Togo', 'Adam Rodriguez', 'Rex Linn', 'Eva LaRue']","['Ann Donahue', 'Anthony E. Zuiker', 'Carol Mendelsohn']",42.0,2002-09-23,7.685,1733,85.6482,/pNW64pjaHvf6purNaFhq4SHYRfl.jpg,/bhG1XJ1fubbZkLnoBAxNrzzGXOg.jpg,en,tv,10.0,232.0
1621,Boardwalk Empire,"Atlantic City at the dawn of Prohibition is a place where the rules don't apply. And the man who runs things -- legally and otherwise -- is the town's treasurer, Enoch ""Nucky"" Thompson, who is equal parts politician and gangster.","['Crime', 'Drama']","['new jersey', 'prohibition era', 'hitman', 'gangster', 'atlantic city', 'bootlegging', 'mobster', 'bordello', 'historical fiction', 'period drama', 'historical', 'political corruption', 'government corruption', 'whorehouse', 'revenge killing', 'graft', 'costume drama', '1920s', 'gambling racket', 'simulated sex', 'political', 'american history', 'systemic corruption', 'corrupt police officials', 'corrupt businessman', 'modern history', 'political drama', 'dramatic', 'italian mafia', 'defiant']","['Steve Buscemi', 'Kelly Macdonald', 'Michael Shannon', 'Shea Whigham', 'Stephen Graham', 'Vincent Piazza', 'Michael Kenneth Williams', 'Paul Sparks', 'Gretchen Mol', 'Jeffrey Wright']",['Terence Winter'],,2010-09-19,8.021,1299,38.9555,/zyHLWVmqS8m7bxABJjcDFMYLdF8.jpg,/7Yj4QbECkH3JavlZxw4NWReoN7B.jpg,en,tv,5.0,56.0
1622,Supernatural,"When they were boys, Sam and Dean Winchester lost their mother to a mysterious and demonic supernatural force. Subsequently, their father raised them to be soldiers. He taught them about the paranormal evil that lives in the dark corners and on the back roads of America ... and he taught them how to kill it. Now, the Winchester brothers crisscross the country in their '67 Chevy Impala, battling every kind of supernatural threat they encounter along the way. ","['Drama', 'Mystery', 'Sci-Fi & Fantasy']","['angel', 'witch', 'monster', 'exorcism', 'supernatural', 'paranormal', 'purgatory', 'paranormal phenomena', 'apocalypse', 'bromance', 'dead mother', 'demon', 'on the road', 'demonic possession', 'ghost', 'dark fantasy', 'demon hunter', 'four horsemen of the apocalypse', 'fighting evil', 'brother brother relationship', 'leviathan', 'ressurection', 'brothers', 'horror']","['Jared Padalecki', 'Jensen Ackles', 'Misha Collins']",['Eric Kripke'],45.0,2005-09-13,8.314,8593,198.062,/8iixmfGx5EIFPdpNvB2JvI3VIqX.jpg,/ro0tlgnsco4SwbdAgmscLkSlMSL.jpg,en,tv,15.0,327.0
3670,Cops,"Follow real-life law enforcement officers from various regions and departments of the United States armed with nothing but with cameras to capture their actions, performing their daily duty to serve and protect the public.",['Reality'],['police'],[],"['John Langley', 'Malcolm Barbour']",30.0,1989-03-11,6.6,188,49.2095,/xtEQVy408xsVw5ZX6Yu35pwJ1Ja.jpg,/7xQR6ixywZofrEHKfI1z6CWKFsC.jpg,en,tv,38.0,1283.0
95842,Joy of Life,"Zhang Qing, a present-day college student in culture and history major wants to study in professor Ye's postgraduate class, so he decides to write a historical fiction to elaborate his perspective of analyzing ancient literature history with modern concept. In the fiction, Zhang himself acts as a young man Fan Xian with mysterious life who lives in a remote seaside town of Kingdom Qing in his childhood, under the help of a mysterious mentor and a blindfolded watchman. Fan goes to the capital when he grows up, where he experiences plenty of ordeal and temper. Fan persists in adhering the rule of justice and goodness and lives his own glorious life.","['Drama', 'Comedy']","['martial arts', 'time travel', 'sword fight', 'murder', 'romance', 'royalty', 'power struggle', 'costume drama', 'scheme']","['Zhang Ruoyun', 'Li Qin', 'Chen Daoming', 'Wu Gang', 'Xin Zhilei', 'Liu Duanduan', 'Song Yi', 'Li Xiaoran', 'Li Chun', 'Liu Hua']",['Mao Ni'],45.0,2019-11-26,7.966,119,40.2752,/7NXlOAFSUPBujmWbnUmqnwNZQhO.jpg,/4eNmWhBfDfAj8qbKHPgW394rAK8.jpg,zh,tv,3.0,83.0
1639,Heroes,Common people discover that they have super powers. Their lives intertwine as a devastating event must be prevented.,"['Sci-Fi & Fantasy', 'Drama']","['hero', 'villain', 'superhuman', 'super power']","['Zachary Quinto', 'Hayden Panettiere', 'Milo Ventimiglia', 'Masi Oka', 'Jack Coleman', 'Adrian Pasdar', 'Greg Grunberg', 'Sendhil Ramamurthy', 'Ali Larter', 'Robert Knepper']",['Tim Kring'],43.0,2006-09-25,7.452,2624,51.6641,/lf0TcOkheYUZKpeh7c8lqJHNk5O.jpg,/zoetbPF7jYY0jjY5js3x6r1QjSW.jpg,en,tv,4.0,78.0
67178,Marvel's The Punisher,A former Marine out to punish the criminals responsible for his family's murder finds himself ensnared in a military conspiracy.,"['Action & Adventure', 'Crime', 'Drama']","['gun', 'anti hero', 'vigilante', 'based on comic', 'punishment', 'justice', 'marvel cinematic universe (mcu)']","['Jon Bernthal', 'Ben Barnes', 'Amber Rose Revah', 'Josh Stewart', 'Jason R. Moore', 'Floriana Lima', 'Giorgia Whigham']",['Steve Lightfoot'],53.0,2017-11-17,8.157,3276,74.6671,/tM6xqRKXoloH9UchaJEyyRE9O1w.jpg,/jBGjbSDRxOEudW9rmQbWDzJUKq9.jpg,en,tv,2.0,26.0
79481,Fights Break Sphere,"In a land where no magic is present. A land where the strong make the rules and weak have to obey. A land filled with alluring treasures and beauty, yet also filled with unforeseen danger. Three years ago, Xiao Yan, who had shown talents none had seen in decades, suddenly lost everything. His powers, his reputation, and his promise to his mother. What sorcery has caused him to lose all of his powers? And why has his fiancee suddenly shown up?","['Animation', 'Action & Adventure', 'Drama']","['martial arts', 'based on novel or book', 'wuxia', 'xianxia', 'donghua', 'based on web novel', 'xuanhuan']","['Bu Yi', 'Liu Yuxuan', 'Chen Yiwen', 'Feng Junhua', 'Wen Yixiao', 'Zhu Jun', 'Yang Menglu', 'Meme Yan', 'Xia Lei', 'Tao Dian']",[],25.0,2017-01-07,7.9,61,48.5494,/oyoahIcdamTXwjIaL3CqZ1v5CLl.jpg,/cTCn2EO69SERNfhaezJMoqBom4G.jpg,zh,tv,5.0,279.0
67198,Star Trek: Discovery,"Follow the voyages of Starfleet on their missions to discover new worlds and new life forms, and one Starfleet officer who must learn that to truly understand all things alien, you must first understand yourself.","['Sci-Fi & Fantasy', 'Action & Adventure', 'Drama']","['artificial intelligence (a.i.)', 'space war', 'space travel', 'dystopia', 'exploration', 'prequel', 'space', 'alien', 'phaser', 'adopted daughter', 'starfleet', 'depressing', 'cliché', 'disgusted', 'prime directive', 'federation']","['Sonequa Martin-Green', 'Doug Jones', 'Mary Wiseman', 'Anthony Rapp', 'Wilson Cruz', 'Blu del Barrio', 'David Ajala', 'Callum Keith Rennie']","['Bryan Fuller', 'Alex Kurtzman']",,2017-09-24,6.945,2066,53.8467,/xwpOHgym48Ftz7fbJq5te5xoiwu.jpg,/ePr0k72sypMpZYubz6w34dcW68Y.jpg,en,tv,5.0,65.0
61056,How to Get Away with Murder,"A sexy, suspense-driven legal thriller about a group of ambitious law students and their brilliant, mysterious criminal defense professor. They become entangled in a murder plot and will shake the entire university and change the course of their lives.","['Crime', 'Drama', 'Mystery']","['philadelphia, pennsylvania', 'court case', 'murder', 'lawyer', 'courtroom', 'law student', 'defense attorney', 'law professor', 'murder mystery', 'legal drama']","['Viola Davis', 'Billy Brown', 'Jack Falahee', 'Rome Flynn', 'Aja Naomi King', 'Matt McGorry', 'Conrad Ricamora', 'Amirah Vann', 'Charlie Weber', 'Liza Weil']",['Peter Nowalk'],,2014-09-25,7.814,1795,51.3595,/bJs8Y6T88NcgksxA8UaVl4YX8p8.jpg,/rNlYsPO8oqZrxedntqqzfyPJNzq.jpg,en,tv,6.0,90.0
1667,Saturday Night Live,"A late-night live television sketch comedy and variety show created by Lorne Michaels. The show's comedy sketches, which parody contemporary culture and politics, are performed by a large and varying cast of repertory and newer cast members. Each episode is hosted by a celebrity guest, who usually delivers an opening monologue and performs in sketches with the cast, and features performances by a musical guest.","['Comedy', 'News']","['talk show', 'live', 'sketch comedy', 'skit', 'late-night show', 'live studio audience']",[],"['Dick Ebersol', 'Lorne Michaels']",,1975-10-11,6.909,514,61.5624,/s1cZBqbMwAF3w8S3Yo0j5nr2Yuo.jpg,/sSAX59Kf01lBRkBW4UcIL4kIoIm.jpg,en,tv,52.0,1018.0
1668,Friends,"Six young people from New York City, on their own and struggling to survive in the real world, find the companionship, comfort and support they get from each other to be the perfect antidote to the pressures of life.",['Comedy'],"['new york city', 'roommates', 'friendship', 'cafe', 'apartment building', 'group of friends', 'manhattan, new york city', 'sitcom', 'young adult', 'searching for love', 'apartment', 'best friends']","['Jennifer Aniston', 'Courteney Cox', 'Lisa Kudrow', 'Matt LeBlanc', 'Matthew Perry', 'David Schwimmer']","['Marta Kauffman', 'David Crane']",,1994-09-22,8.413,9282,133.3487,/2koX1xLkpTQM4IZebYvKysFW1Nh.jpg,/l0qVZIpXtIo7km9u5Yqh0nKPOr5.jpg,en,tv,10.0,228.0
1685,Project Runway,"Aspiring fashion designers compete for a chance to break into the industry. Each week, a designer is eliminated from the competition after exhibiting their work in front of a judges' panel.",['Reality'],"['new york city', 'designer', 'fashion designer', 'fashion', 'lgbt', 'design', 'fashion show', 'fashion design', 'fashion industry', 'reality competition', 'fashion company', 'competitor', 'challenges', 'celebrity host', 'runway']",['Nina Garcia'],['Eli Holzman'],43.0,2004-12-01,6.3,110,48.8136,/586pDee4pRZpGP6sL1l0hDA9Srw.jpg,/p3KI6l6jhsJFO6DgJ3dwCo6pGt5.jpg,en,tv,22.0,291.0
95897,Overflow,"Kazushi Sudou is a university student who is visited by his two childhood friends, the sisters Ayane and Kotone Shirakawa. When Ayane discovers that Kazushi not only forgot to buy her pudding but is also using her special lotion in the bath, she decides to take revenge and join Kazushi in his bath along with Kotone. Will the perverted Kazushi be able to remain indifferent to them both?",['Animation'],"['romance', 'adult humor', 'based on manga', 'schoolgirl', 'softcore', 'adult animation', 'ecchi', 'hentai', 'anime', 'erotic', 'animated porn']","['Mai Kadowaki', 'Tomoe Tamiyasu', 'Sada Naohiro']",[],7.0,2020-01-06,7.45,90,156.8891,/8RtwL5gxUvh9YViqjhNlVRvJpum.jpg,/4NRBKA8qVzCvuD3WeLieiLGmIjm.jpg,ja,tv,1.0,8.0
32415,Conan,A late night television talk show hosted by  Conan O'Brien.,"['Talk', 'Comedy', 'News']","['celebrity', 'late-night show']","[""Conan O'Brien"", 'Andy Richter']","[""Conan O'Brien""]",42.0,2010-11-08,7.14,258,73.2891,/oQxrvUhP3ycwnlxIrIMQ9Z3kleq.jpg,/2Ib8kvWa9gGhJrAfGlhIvbmtbWn.jpg,en,tv,11.0,1510.0
73375,Tom Clancy's Jack Ryan,"When CIA analyst Jack Ryan stumbles upon a suspicious series of bank transfers his search for answers pulls him from the safety of his desk job and catapults him into a deadly game of cat and mouse throughout Europe and the Middle East, with a rising terrorist figurehead preparing for a massive attack against the US and her allies.","['Action & Adventure', 'Drama']","['central intelligence agency (cia)', 'based on novel or book', 'intelligence', 'espionage', 'jack ryan', 'national security', 'ex military', 'analyst', 'counterterrorism', 'government agency', 'intelligence service', 'cia analyst']","['John Krasinski', 'Wendell Pierce', 'Abbie Cornish', 'Okieriete Onaodowan', 'Louis Ozawa', 'Zuleikha Robinson', 'Ryn Greenwell', 'Michael Peña', 'Betty Gabriel', 'Michael Kelly']","['Graham Roland', 'Carlton Cuse']",,2018-08-30,7.679,1855,51.4174,/cO4py3L3q5GNPrA0qr1wVDrosK1.jpg,/2y2TbzeKZHYqTN5gb4nBv9dKk1f.jpg,en,tv,4.0,30.0
97951,Mayor of Kingstown,"In a small Michigan town where the business of incarceration is the only thriving industry, the McClusky family are the power brokers between the police, criminals, inmates, prison guards and politicians in a city completely dependent on prisons and the prisoners they contain.","['Drama', 'Crime']","['prison', 'corruption', 'detective', 'michigan', 'drug dealer', 'prison guard', 'organized crime', 'brother brother relationship']","['Jeremy Renner', 'Hugh Dillon', 'Tobi Bamtefa', 'Taylor Handley', 'Necar Zadegan', 'Derek Webster', 'Hamish Allan-Headley', 'Nishi Munshi', 'Laura Benanti', 'Lennie James']","['Taylor Sheridan', 'Hugh Dillon']",,2021-11-14,7.954,658,41.7792,/6rWIip9MZELAA0SKii5WqsBDCYW.jpg,/39bifj2FNytJ2m1cqOBcWMTKgmV.jpg,en,tv,4.0,40.0
278178,I Will Find You,"Wrongfully imprisoned for murdering his own son, a father sets out on a desperate rescue mission after learning the boy may still be alive.","['Drama', 'Mystery', 'Crime']","['prison', 'based on novel or book', 'murder', 'miniseries', 'false imprisonment', 'thriller']","['Sam Worthington', 'Britt Lower', 'Chi McBride', 'Logan Browning', 'Erin Richards', 'Jonathan Tucker', 'Milo Ventimiglia']",['Robert Hull'],,2026-06-18,8.269,416,42.9327,/pb9oYHHNzauiCQZT03MpDAg46GI.jpg,/yOna5ZGXrvWO2HdOCKcahx2sCDN.jpg,en,tv,1.0,8.0
3750,Nip/Tuck,"Hotshot plastic surgeons Dr. Sean McNamara and Dr. Christian Troy experience full-blown midlife crises as they confront career, family and romance problems.",['Drama'],"['miami, florida', 'plastic surgery', 'narcissism', 'partnership', 'womanizer', 'family relationships', 'plastic surgeon', 'disturbed', 'shocking', 'medical drama', 'audacious']","['Dylan Walsh', 'Julian McMahon', 'Joely Richardson', 'John Hensley', 'Roma Maffia', 'Kelly Carlson', 'Linda Klein']",['Ryan Murphy'],44.0,2003-07-22,7.19,527,43.7039,/v5uEYpNbjGmJC59xqvmPW58aSTl.jpg,/6FrVFsxsXujg7GJiBy1sw0Fdnji.jpg,en,tv,7.0,100.0
1705,Fringe,"FBI Special Agent Olivia Dunham, brilliant but formerly institutionalized scientist Walter Bishop and his scheming, reluctant son Peter uncover a deadly mystery involving a series of unbelievable events and realize they may be a part of a larger, more disturbing pattern that blurs the line between science fiction and technology.","['Sci-Fi & Fantasy', 'Drama', 'Mystery']","['fbi', 'supernatural', 'alternate dimension', 'mad scientist', 'fringe science']","['Anna Torv', 'Joshua Jackson', 'Jasika Nicole', 'John Noble']","['Alex Kurtzman', 'Roberto Orci', 'J.J. Abrams']",,2008-09-09,8.132,2868,60.8862,/sY9hg5dLJ93RJOyKEiu1nAtBRND.jpg,/rYlIRj9NA945UuYohw9jUbDEbts.jpg,en,tv,5.0,100.0
7869,The Penguins of Madagascar,"The adventures of four penguins—Skipper, Kowalski, Private, and Rico, who perform various commando-like missions to protect their home in the Central Park Zoo. The penguins often have to deal with problems caused, or made worse, by their zoo neighbors, King Julien XIII (a ring-tailed lemur), Maurice (an aye-aye), and Mort (a mouse lemur).","['Animation', 'Comedy', 'Family', 'Kids']","['penguin', 'madagascar', 'spin off', 'based on movie', 'talking animal', '3d animation', 'zoo animals', 'witty']","['Tom McGrath', 'Jeff Bennett', 'James Patrick Stuart', 'John DiMaggio', 'Danny Jacobs', 'Kevin Michael Richardson', 'Andy Richter', 'Nicole Sullivan']","['Eric Darnell', 'Tom McGrath']",11.0,2008-11-28,7.459,458,43.8447,/1fRG81M83HgwupmndtgZQOBHh8o.jpg,/tdDRR3qnwwicr2DJbaaF8CDW168.jpg,en,tv,3.0,149.0
276161,Teach You a Lesson,An inspector from the Educational Rights Protection Bureau (ERPB) who is authorized by the government to use physical intervention and unconventional methods to discipline delinquent students and reform the educational system.,"['Action & Adventure', 'Drama', 'Comedy']","['education', 'minister', 'respect', 'politician', 'bullying', 'violence in schools', 'teacher', 'school', 'social commentary', 'juvenile delinquent', 'teacher student relationship', 'parents', 'military veteran', 'fight the system', 'school life', 'social issues', 'aggressive', 'life lessons', 'students', 'based on webcomic or webtoon', 'dramatic', 'based on manhwa']","['Kim Moo-yul', 'Lee Sung-min', 'Jin Ki-joo', 'Pyo Ji-hoon', 'Kim Jong-soo', 'Ahn Ha-young', 'Lee Bong-joon']","['Chae Yong-taek', 'Han Ga-ram']",70.0,2026-06-05,9.415,792,68.618,/fMECSPrTmRClSViMsXFYmiYIcWP.jpg,/vyG93jhmPL7tBIhRtCLa5mdBKob.jpg,ko,tv,1.0,10.0
63174,Lucifer,"Bored and unhappy as the Lord of Hell, Lucifer Morningstar abandoned his throne and retired to Los Angeles, where he has teamed up with LAPD detective Chloe Decker to take down criminals. But the longer he's away from the underworld, the greater the threat that the worst of humanity could escape.","['Crime', 'Sci-Fi & Fantasy']","['based on comic', 'los angeles, california', 'devil', 'lapd']","['Tom Ellis', 'Lauren German', 'Kevin Alejandro', 'D. B. Woodside', 'Lesley-Ann Brandt', 'Aimee Garcia', 'Rachael Harris', 'Brianna Hildebrand']",['Tom Kapinos'],45.0,2016-01-25,8.43,15613,87.3369,/ekZobS8isE6mA53RAiGDG93hBxL.jpg,/mAXOCbZzvmDa6PCh5dcIPOB51Qc.jpg,en,tv,6.0,93.0
34524,Teen Wolf,"Scott McCall, a high school student living in the town of Beacon Hills has his life drastically changed when he's bitten by a werewolf, becoming one himself. He must henceforth learn to balance his problematic new identity with his day-to-day teenage life. The following characters are instrumental to his struggle: Stiles, his best friend; Allison, his love interest who comes from a family of werewolf hunters; and Derek, a mysterious werewolf with a dark past. Throughout the series, he strives to keep his loved ones safe while maintaining normal relationships with them.","['Sci-Fi & Fantasy', 'Drama', 'Comedy']","['supernatural', 'high school', 'werewolf', 'creature', 'interspecies romance', 'teenager']","['Tyler Posey', 'Holland Roden', 'Shelley Hennig', 'Dylan Sprayberry', 'Linden Ashby', 'Melissa Ponzio', 'JR Bourne']",['Jeff Davis'],,2011-06-05,8.445,4774,60.0139,/wjKBTcNy1xihmExqJI8kM2qvavP.jpg,/1F2RnXLc0fmRt7iWfBK4mNVsjno.jpg,en,tv,6.0,100.0
241372,56 Days,"When an unidentified body is found in a luxury apartment linked to Oliver Kennedy and his girlfriend Ciara Wyse, Detectives Lee Reardon and Karl Connolly reconstruct the couple's deadly romance across the past 56 days.","['Drama', 'Crime', 'Mystery']","['based on novel or book', 'murder', 'psychological thriller', 'love affair', 'erotic thriller', 'suspicious', 'suspenseful', 'thriller']","['Dove Cameron', 'Avan Jogia', 'Dorian Missick', 'Karla Souza', 'Kingston Rumi Southwick', 'Patch Darragh', 'Kira Guloien']","['Lisa Zwerling', 'Karyn Usher']",,2026-02-18,7.308,211,47.6031,/sdJLbucggwGj8NdX0UN2zt1Vwmn.jpg,/dnEljhBkw53ra7tEl2JNKGrI0wk.jpg,en,tv,1.0,8.0
206559,Binnelanders,"A South African Afrikaans soap opera. It is set in and around the fictional private hospital, Binneland Kliniek, in Pretoria, and the storyline follows the trials, trauma and tribulations of the staff and patients of the hospital.",['Soap'],"['afrikaans', 'hospital', 'soap', 'drama']","['Hans Strydom', 'Germandt Geldenhuys', 'Je-ani Swiegelaar', 'Gerald Steyn', 'Marlee van der Merwe', 'Roberto Kyle', 'Melinda Viljoen', 'Antoinette Modise', 'Megan Troskie', 'Izette Blignaut']","['Human Stark', 'Elsje Stark']",,2005-10-13,5.5,111,99.9059,/3bzECfllho8PphdYujLUIuhncJD.jpg,/s1dTt4M31q2HwD5Fkl1tf5tQzJg.jpg,af,tv,22.0,5178.0
153312,Tulsa King,"New York mafia capo Dwight ""The General"" Manfredi is released from prison after 25 years and exiled by his boss to set up shop in Tulsa, Oklahoma. Realizing that his mob family may not have his best interests in mind, Dwight slowly builds a crew.","['Crime', 'Drama']","['betrayal', 'fish out of water', 'sicilian mafia', 'protection racket', 'neo-western', 'tulsa, oklahoma', 'dramedy', 'self made man', 'mob family', 'american midwest', 'racketeering', 'criminal empire', 'repairing family connections', 'nepotism', 'approving', 'comforting', 'aging man']","['Sylvester Stallone', 'Gretchen Mol']",['Taylor Sheridan'],,2022-11-13,8.301,2728,70.0076,/rOYLWCdAifpUtPlTf1WHxyaxeMt.jpg,/mNHRGO1gFpR2CYZdANe72kcKq7G.jpg,en,tv,4.0,39.0
48866,The 100,"100 years in the future, when the Earth has been abandoned due to radioactivity, the last surviving humans live on an ark orbiting the planet — but the ark won't last forever. So the repressive regime picks 100 expendable juvenile delinquents to send down to Earth to see if the planet is still habitable.","['Sci-Fi & Fantasy', 'Action & Adventure', 'Drama', 'Crime']","['based on novel or book', 'self-discovery', 'space colony', 'space travel', 'post-apocalyptic future', 'space', 'survival', 'apocalypse', 'nuclear catastrophe', 'based on young adult novel']","['Eliza Taylor', 'Bob Morley', 'Lindsey Morgan', 'Marie Avgeropoulos', 'Richard Harmon', 'Tasya Teles', 'JR Bourne', 'Shannon Kook', 'Chuku Modu', 'Shelby Flannery']",['Jason Rothenberg'],42.0,2014-03-19,7.878,8732,63.5258,/wHIMMLFsk32wIzDmawWkYVbxFCS.jpg,/8ZerYKvIaNUJZvAHXYTQu4qTwFw.jpg,en,tv,7.0,100.0
79593,Magnum P.I.,"Thomas Magnum, a decorated former Navy SEAL, returns home from Afghanistan and applies his military skills to become a private investigator in Hawaii taking jobs no one else will—with the help of fellow vets T.C. Calvin and Rick Wright, and former MI:6 agent, Juliet Higgins.","['Action & Adventure', 'Drama', 'Crime']","['hawaii', 'remake', 'private investigator', 'reboot', 'military veteran', 'calm', 'lighthearted', 'admiring', 'adoring', 'appreciative', 'approving', 'compassionate', 'enthusiastic', 'straightforward']","['Jay Hernandez', 'Perdita Weeks', 'Zachary Knighton', 'Stephen Hill', 'Tim Kang', 'Amy Hill']","['Peter M. Lenkov', 'Eric Guggenheim']",,2018-09-24,7.541,342,41.6571,/hN7DKusbmKPqSZnMG5hemioMAiE.jpg,/x40yXVPV8tPbuWAjSPGAGauDrhj.jpg,en,tv,5.0,96.0
18165,The Vampire Diaries,"The story of two vampire brothers obsessed with the same girl, who bears a striking resemblance to the beautiful but ruthless vampire they knew and loved in 1864.","['Drama', 'Sci-Fi & Fantasy']","['love triangle', 'witch', 'based on novel or book', 'vampire', 'supernatural', 'eternal youth', 'werewolf', 'supernatural creature', 'doppelgänger', 'eternal love', 'interspecies romance', 'based on young adult novel']","['Paul Wesley', 'Ian Somerhalder', 'Kat Graham', 'Candice King', 'Zach Roerig', 'Michael Malarkey', 'Matthew Davis']","['Julie Plec', 'Kevin Williamson']",43.0,2009-09-10,8.3,9707,101.6101,/b3vl6wV1W8PBezFfntKTrhrehCY.jpg,/cJYLon9ejKJV7ua03ab8Tj9u067.jpg,en,tv,8.0,171.0
1781,Little House on the Prairie,"When the big woods of Wisconsin becomes a difficult spot for hunting, Charles Ingalls reluctantly decides to move his family, pioneering west. Their life on the farm in Walnut Grove, Minnesota, in the 1870s and 1880s is full of adventure, tragedy, and triumph. Based on the books of Laura Ingalls Wilder.","['Western', 'Drama', 'Family']","['based on memoir or autobiography', 'period drama', 'family', 'wild west', 'pioneers', '19th century', 'early america', 'family life', 'inspirational']","['Dean Butler', 'Melissa Gilbert', 'Katherine MacGregor', 'Richard Bull', 'Jonathan Gilbert', 'Allison Balson', 'Lindsay Kennedy', 'David Friedman', 'Shannen Doherty', 'Pamela Roylance']","['Ed Friendly', 'Laura Ingalls Wilder']",,1974-09-11,7.959,1013,49.9605,/eVpvlqKZfEVsBOttNFTUyfPoA6K.jpg,/uCvpgfY4oTeZxEcFqm1ATJkDDmu.jpg,en,tv,9.0,200.0
61175,Steven Universe,"A young boy takes his mother's place in a group of gemstone-based beings, and must learn to control his powers.","['Animation', 'Action & Adventure', 'Comedy', 'Sci-Fi & Fantasy', 'Family']","['hero', 'friendship', 'coming of age', 'lgbt', 'hidden powers', 'interdimensional beings', 'hero in training', 'cheerful', 'joyful', 'optimistic']","['Zach Callison', 'Estelle', 'Michaela Dietz', 'Deedee Magno Hall']",['Rebecca Sugar'],11.0,2013-11-04,8.418,1370,40.8103,/8zRstOgaipruJPlsHK2diMx4lPy.jpg,/e5YSF0Inv9eL77jv2WQtNOOB3Bg.jpg,en,tv,5.0,154.0
100088,The Last of Us,"Twenty years after modern civilization has been destroyed, Joel, a hardened survivor, is hired to smuggle Ellie, a 14-year-old girl, out of an oppressive quarantine zone. What starts as a small job soon becomes a brutal, heartbreaking journey, as they both must traverse the United States and depend on each other for survival.",['Drama'],"['people smuggling', 'post-apocalyptic future', 'infection', 'survival', 'epidemic', 'based on video game']","['Bella Ramsey', 'Gabriel Luna', 'Isabela Merced', 'Young Mazino']","['Neil Druckmann', 'Craig Mazin']",,2023-01-15,8.414,7225,55.0169,/dmo6TYuuJgaYinXBPjrgG9mB5od.jpg,/lY2DhbA7Hy44fAKddr06UrXWWaQ.jpg,en,tv,2.0,16.0
48891,Brooklyn Nine-Nine,"A single-camera ensemble comedy following the lives of an eclectic group of detectives in a New York precinct, including one slacker who is forced to shape up when he gets a new boss.","['Comedy', 'Crime']","['new york city', 'detective', 'police', 'workplace', 'big city', 'brooklyn, new york city', 'nypd', 'sitcom', 'workplace comedy', 'amused', 'sharp']","['Andy Samberg', 'Melissa Fumero', 'Terry Crews', 'Joe Lo Truglio', 'Stephanie Beatriz', 'Andre Braugher', 'Dirk Blocker', 'Joel McKinnon Miller']","['Daniel J. Goor', 'Michael Schur']",,2013-09-17,8.21,4070,72.3372,/mpjlDzVjp7oyHUe2LaF9ltKe6f1.jpg,/9AeiA1XtP5sel2tAf9LaGeUjhDb.jpg,en,tv,8.0,152.0
63247,Westworld,"A dark odyssey about the dawn of artificial consciousness and the evolution of sin. Set at the intersection of the near future and the reimagined past, it explores a world in which every human appetite, no matter how noble or depraved, can be indulged.","['Sci-Fi & Fantasy', 'Western']","['artificial intelligence (a.i.)', 'android', 'remake', 'role playing', 'second life', 'robot', 'wild west', 'theme park', 'based on movie', 'ethical dilemma', 'moral dilemma', 'psychological drama', 'amused', 'pretentious']","['Evan Rachel Wood', 'Thandiwe Newton', 'Jeffrey Wright', 'Tessa Thompson', 'Aaron Paul', 'James Marsden', 'Angela Sarafyan', 'Ed Harris', 'Luke Hemsworth']","['Jonathan Nolan', 'Lisa Joy']",,2016-10-02,8.02,6310,50.0813,/ALlSU9du9iRiKIIoY1sREGNqQ5.jpg,/rX5hvSRB2k4YoIvRg6Zky52rWk0.jpg,en,tv,4.0,36.0
1823,The Love Boat,"Passengers who search for romantic nights aboard a beautiful ship travelling to tropical or mysterious countries, decide to pass their vacation aboard the ""Love Boat"", where Gopher, Dr. Bricker, Isaac, Julie, and Captain Stubing try their best to please them, and sometimes help them fall in love. Things are not always so easy, but in the end, love wins.","['Drama', 'Comedy']","['ship', 'cruise ship']","['Gavin MacLeod', 'Bernie Kopell', 'Ted Lange', 'Lauren Tewes', 'Jill Whelan', 'Ted McGinley', 'Marion Ross']","['Aaron Spelling', 'Wilford Lloyd Baumes']",48.0,1977-09-24,6.262,195,52.4436,/fnsnazlj2bt3Fuj0pJ7wBPmuMLO.jpg,/2XtfGULDOvBiPByLscc9UEqrf0z.jpg,en,tv,10.0,251.0
5920,The Mentalist,"Patrick Jane, a former celebrity psychic medium, uses his razor sharp skills of observation and expertise at ""reading"" people to solve serious crimes with the California Bureau of Investigation.","['Crime', 'Drama', 'Mystery']","['california', 'con man', 'cop', 'serial killer', 'criminal investigation', 'forensic psychology', 'criminal consultant', 'police procedural']","['Simon Baker', 'Robin Tunney', 'Tim Kang', 'Rockmond Dunbar', 'Joe Adler', 'Josie Loren']",['Bruno Heller'],,2008-09-23,8.377,4537,308.0816,/acYXu4KaDj1NIkMgObnhe4C4a0T.jpg,/q3pCsNvJ7CmdJUz2sJEEUY3pOPC.jpg,en,tv,7.0,151.0
38693,Ninjago: Masters of Spinjitzu,"When the fate of their world, Ninjago, is challenged by great threats, it's up to the ninja: Kai, Jay, Cole, Zane, Lloyd and Nya to save the world.","['Animation', 'Action & Adventure', 'Sci-Fi & Fantasy', 'Comedy', 'Family']","['martial arts', 'ninja', 'based on toy', 'fighting', 'lego', '3d animation', 'teamwork', 'elemental powers', 'cheerful']",[],"['Michael Hegner', 'Tommy Andreasen']",22.0,2012-01-11,7.976,787,72.3508,/fqb9X4th2p2voefRLqdv1xoZQmC.jpg,/ptEtIr3rVuAJpmbwaLJJqND6HVq.jpg,en,tv,16.0,210.0
61222,BoJack Horseman,"Meet the most beloved sitcom horse of the '90s , 20 years later. He's a curmudgeon with a heart of...not quite gold...but something like gold. Copper?","['Animation', 'Comedy', 'Drama']","['drug abuse', 'show business', 'depression', 'nihilism', 'horse', 'cynicism', 'alcoholism', 'satire', 'adult humor', 'anthropomorphism', 'hollywood', 'adult animation', 'hollywood star', 'existentialism', 'sitcom', 'nihilist', 'arrogant', 'tv comedies']","['Will Arnett', 'Aaron Paul', 'Alison Brie', 'Amy Sedaris', 'Paul F. Tompkins']",['Raphael Bob-Waksberg'],,2014-08-22,8.529,2935,49.1898,/6JFWzlChcGgLiIUo2COgNlWGFKy.jpg,/qFYDJUIFh8zgEDy3EvnHwhgOl0S.jpg,en,tv,6.0,76.0
46896,The Originals,"The Vampire Diaries spin-off that follows the Mikaelsons, a family of millennia-old, power-hungry vampires who want to reclaim the city they built, New Orleans, and dominate all those who have wronged them.","['Sci-Fi & Fantasy', 'Drama', 'Mystery']","['witch', 'new orleans, louisiana', 'vampire', 'battle for power', 'rivalry', 'werewolf', 'spin off']","['Joseph Morgan', 'Daniel Gillies', 'Charles Michael Davis', 'Riley Voelkel', 'Yusuf Gatewood', 'Danielle Rose Russell', 'Steven Krueger']",['Julie Plec'],45.0,2013-10-03,8.586,3623,53.2276,/keJOhJXGiLL54EW6QocbyvQGquA.jpg,/2OAoGOvysScieVhIazrWTXj2ESp.jpg,en,tv,5.0,92.0
65334,Miraculous: Tales of Ladybug & Cat Noir,"Marinette and Adrien, two Parisian teenagers, are entrusted with powerful jewels in order to transform into superheroes Ladybug and Cat Noir. But neither hero knows the other's true identity — or that they're classmates!","['Action & Adventure', 'Animation', 'Kids']","['paris, france', 'magic', 'friendship', 'superhero', 'romance', 'school', 'female protagonist', '3d animation', 'magical girl', 'fantasy', 'comedy']","['Anouck Hautbois', 'Benjamin Bollen', 'Marie Nonnenmacher', 'Thierry Kazazian']","['Thomas Astruc', 'Jeremy Zag', 'Nathanaël Bronn']",,2015-10-19,8.061,4642,210.362,/acrtAy8gmxcsEvrDP09MpMSCeDZ.jpg,/lH22EnM0ofC7GsVGU8dAA2RXV1c.jpg,fr,tv,6.0,155.0
67384,Goliath,"Once a powerful lawyer, Billy McBride is now burned out and washed up, spending more time in a bar than a courtroom. When he reluctantly agrees to pursue a wrongful death lawsuit against the biggest client of Cooperman &amp; McBride, the massive law firm he helped create, Billy and his ragtag team uncover a vast and deadly conspiracy, pitting them all in a life or death trial against the ultimate Goliath.","['Crime', 'Drama']","['courtroom drama', 'inspirational']","['Billy Bob Thornton', 'Nina Arianda', 'Tania Raymonde', 'Diana Hopper', 'Bruce Dern', 'Brandon Scott', 'Geoffrey Arend', 'Clara Wong', 'Jena Malone', 'J.K. Simmons']","['David E. Kelley', 'Jonathan Shapiro']",,2016-10-13,7.596,492,43.5462,/b7ygC3GRaq4xc0nkWdGnydtMfvD.jpg,/ypWZ3iWt16kOoXfaD7KzgPqa8Bl.jpg,en,tv,4.0,32.0
202555,Daredevil: Born Again,"Matt Murdock, a blind lawyer with heightened abilities, is fighting for justice through his bustling law firm, while former mob boss Wilson Fisk pursues his own political endeavors in New York. When their past identities begin to emerge, both men find themselves on an inevitable collision course.","['Drama', 'Action & Adventure', 'Crime']","['mayor', 'sequel', 'superhero', 'based on comic', 'lawyer', 'blind', 'blunt', 'marvel cinematic universe (mcu)', 'attorney', 'appreciative']","['Charlie Cox', ""Vincent D'Onofrio"", 'Wilson Bethel', 'Deborah Ann Woll', 'Margarita Levieva', 'Matthew Lillard', 'Lili Taylor', 'Michael Gandolfini', 'Nikki M. James', 'Arty Froushan']","['Dario Scardapane', 'Chris Ord', 'Matt Corman']",,2025-03-04,8.163,1052,54.8885,/xDUoAsU8lQHOOoRkFiBuarmACDN.jpg,/m291MEBjhuRqb0nh9ojnm9gzScq.jpg,en,tv,2.0,17.0
1855,Star Trek: Voyager,"Pulled to the far side of the galaxy, where the Federation is 75 years away at maximum warp speed, a Starfleet ship must cooperate with Maquis rebels to find a way home.","['Sci-Fi & Fantasy', 'Drama', 'Action & Adventure']","['time warp', 'spacecraft', 'hologram', 'space travel', 'galaxy', 'space', 'alien', 'alien planet', 'mission', 'alien contact', 'space opera', 'speculative', 'trapped in space', 'meditative', 'distant  planet', 'philosophical', 'imaginative', 'spaceship', 'introspective', 'serious', 'exciting', 'hilarious', 'adventure', 'bold', 'compassionate', 'complicated', 'empathetic', 'optimistic']","['Kate Mulgrew', 'Robert Beltran', 'Roxann Dawson', 'Robert Duncan McNeill', 'Ethan Phillips', 'Robert Picardo', 'Tim Russ', 'Jeri Ryan', 'Garrett Wang']","['Jeri Taylor', 'Rick Berman', 'Gene Roddenberry', 'Michael Piller']",45.0,1995-01-16,7.788,1130,63.2295,/gNS5tRSG3UlXodCxznKKOKweqxh.jpg,/7YFranrnnIcCrgsLYQsoq8aE3Ir.jpg,en,tv,7.0,169.0
1871,EastEnders,"The everyday lives of working-class residents of Albert Square, a traditional Victorian square of terrace houses surrounding a park in the East End of London's Walford borough.","['Soap', 'Drama', 'Crime']","['london, england', 'british pub', 'east end of london', 'cockneys', 'east london']",[],"['Julia Smith', 'Tony Holland']",30.0,1985-02-19,4.249,229,61.2013,/z4jgyI5TpoRZiJTNchkVkMrGQyz.jpg,/2jzrUm0vGW2TqJPds1PfZVRYrh7.jpg,en,tv,42.0,7275.0
1877,Phineas and Ferb,"Each day, two kindhearted suburban stepbrothers on summer vacation embark on some grand new project, which annoys their controlling sister, Candace, who tries to bust them. Meanwhile, their pet platypus plots against evil Dr. Doofenshmirtz.","['Animation', 'Comedy', 'Family', 'Sci-Fi & Fantasy']","['secret agent', 'blended family', 'absurd', 'hilarious', 'admiring', 'amused', 'excited', 'sincere']","['Vincent Martella', 'David Errigo Jr.', 'Ashley French', 'Caroline Rhea', 'Dee Bradley Baker', 'Alyson Stoner', 'Dan Povenmire', ""Jeff 'Swampy' Marsh""]","['Dan Povenmire', ""Jeff 'Swampy' Marsh""]",,2007-08-17,7.876,1044,71.5622,/g6TidT7be954rrzPPBTIXkSmfXj.jpg,/5MWFjQ3NuNtNeOE9FdrVLeNMNPs.jpg,en,tv,5.0,261.0
112470,Ici tout commence,"This television drama series is centered around the prestigious culinary school of renowned chef Auguste Armand. The show follows the lives of students and staff as they navigate the challenges and pressures of the culinary world—delving into their personal and professional lives, revealing secrets, rivalries, and complex relationships.","['Soap', 'Drama']",[],"['Pierre Hurel', 'Sabine Perraud', 'Mikael Mittelstadt', 'Fabian Wolfrom']","['Othman Mahfoud', 'Eric Fuhrer', 'Coline Assous']",28.0,2020-11-02,6.9,91,48.8478,/v7nXPo2zdaIOfeIaERiOuTEt89N.jpg,/vgeDRVpSUa4Hvovg4C6dgm4dfUW.jpg,fr,tv,2.0,1477.0
32608,Ancient Aliens,"Did intelligent beings from outer space visit Earth thousands of years ago? From the age of the dinosaurs to ancient Egypt, from early cave drawings to continued mass sightings in the US, each episode gives historic depth to the questions, speculations, provocative controversies, first-hand accounts and grounded theories surrounding this age old debate.","['Documentary', 'Mystery', 'Sci-Fi & Fantasy']","['paranormal investigation', 'ancient aliens theory', 'ufo conspiracy', 'megalith', 'petroglyph']","['Robert Clotworthy', 'Giorgio A. Tsoukalos', 'Ariel Bar Tzadok', 'Jonathan Young', 'David Childress', 'Erich von Däniken', 'Linda Moulton Howe', 'David Wilcock', 'George Noory', 'Philip Coppens']",['Kevin Burns'],42.0,2010-04-20,7.097,315,39.5713,/6X2hftdC8y78SKMSgfzeUItqaVq.jpg,/vBk9KQW01pJJfn3wAL2MJgTMch1.jpg,en,tv,22.0,290.0
10083,The Fugitive,"Richard Kimble is falsely convicted of his wife's murder and given the death penalty. En route to death row, Kimble's train derails and crashes, allowing him to escape and begin a cross-country search for the real killer, a ""one-armed man"". At the same time, Dr. Kimble is hounded by the authorities, most notably dogged by Police Lieutenant Philip Gerard.","['Action & Adventure', 'Drama', 'Mystery']","['escape', 'fugitive', 'pursuit', 'one armed man', 'integrity']","['David Janssen', 'Barry Morse', 'William Conrad', 'Paul Birch']",['Roy Huggins'],60.0,1963-09-17,7.3,63,42.8039,/cSvrnCMFX8OWqHSkUwERfKU7mnP.jpg,/vh29Z9EqTbaBy0sX5I370Hf3KJG.jpg,en,tv,4.0,120.0
63333,The Last Kingdom,"A show of heroic deeds and epic battles with a thematic depth that embraces politics, religion, warfare, courage, love, loyalty and our universal search for identity. Combining real historical figures and events with fictional characters, it is the story of how a people combined their strength under one of the most iconic kings of history in order to reclaim their land for themselves and build a place they call home.","['Action & Adventure', 'Drama', 'War & Politics']","['based on novel or book', 'vikings (norsemen)', 'royalty', 'historical fiction', 'king', 'historical', 'historical drama', 'costume drama', 'saxons', 'northumbria', '9th century', 'dark', 'gritty', 'period piece', 'sword and sandal', 'action', 'adventure', 'violent', 'middle ages']","['Alexander Dreymon', 'Eliza Butterworth', 'Mark Rowley', 'Ruby Hartley', 'James Northcote', 'Arnas Fedaravičius', 'Harry Gilby', 'Timothy Innes', 'Stefanie Martini', 'Phia Saban']",['Stephen Butchard'],60.0,2015-10-10,8.256,2016,56.553,/8eJf0hxgIhE6QSxbtuNCekTddy1.jpg,/QbtctI8EzlhsyFDMUMyG3fli8B.jpg,en,tv,5.0,46.0
69478,The Handmaid's Tale,"Set in a dystopian future, a woman is forced to live as a concubine under a fundamentalist theocratic dictatorship.","['Drama', 'Sci-Fi & Fantasy', 'Action & Adventure']","['rape', 'based on novel or book', 'feminism', 'slavery', 'dystopia', 'surrogate mother', 'teacher', 'religion', 'infertility', 'torture', 'alternative reality', 'totalitarianism', 'tyranny', 'aggressive']","['Elisabeth Moss', 'Yvonne Strahovski', 'Samira Wiley']",['Bruce Miller'],,2017-04-26,8.159,3370,71.1629,/eGUT7j3n3rn5yGihlCgwUnD70HV.jpg,/sokTOq0zAmPS7wCR4qd4Kca35x7.jpg,en,tv,6.0,66.0
46952,The Blacklist,"Raymond ""Red"" Reddington, one of the FBI's most wanted fugitives, surrenders in person at FBI Headquarters in Washington, D.C. He claims that he and the FBI have the same interests: bringing down dangerous criminals and terrorists. In the last two decades, he's made a list of criminals and terrorists that matter the most but the FBI cannot find because it does not know they exist. Reddington calls this ""The Blacklist"". Reddington will co-operate, but insists that he will speak only to Elizabeth Keen, a rookie FBI profiler.","['Drama', 'Crime', 'Mystery']","['fbi', 'investigation', 'terrorism', 'criminal mastermind', 'crime lord', 'hidden identity', 'criminal consultant']","['James Spader', 'Diego Klattenhoff', 'Hisham Tawfiq', 'Anya Banerjee', 'Harry Lennix']",['Jon Bokenkamp'],,2013-09-23,7.6,3677,113.9111,/4HTfd1PhgFUenJxVuBDNdLmdr0c.jpg,/2eIlCirgcvEwmCSYh2wDfz5Sxvz.jpg,en,tv,10.0,218.0
126824,The Patrick Star Show,"Follow a younger Patrick Star living at home with his family, where he hosts his own variety show for the neighborhood from his television-turned-bedroom.","['Family', 'Comedy', 'Animation']","['cartoon', 'absurd', 'hilarious', 'whimsical']","['Bill Fagerbakke', 'Thomas F. Wilson', 'Cree Summer', 'Jill Talley', 'Dana Snyder']","['Luke Brookshier', 'Marc Ceccarelli', 'Andrew Goodman', 'Kaz', 'Mr. Lawrence', 'Vincent Waller']",11.0,2021-07-09,6.0,51,42.2875,/44zbV1t35gxgcSN7sTlkUY85GC9.jpg,/kP7pCxfml6erWC9aB72ALtNawJq.jpg,en,tv,6.0,151.0
49009,The Goldbergs,"Before there were parenting blogs, trophies for showing up, and peanut allergies, there was a simpler time called the '80s. For geeky 11-year old Adam these were his wonder years and he faced them armed with a video camera to capture all the crazy. The Goldbergs are a loving family like any other, just with a lot more yelling.","['Family', 'Comedy']","['pennsylvania, usa', 'sitcom', '1980s']","['Wendi McLendon-Covey', 'Sean Giambrone', 'Troy Gentile', 'Hayley Orrantia', 'Patton Oswalt', 'Sam Lerner']",['Adam F. Goldberg'],,2013-09-24,7.443,374,43.2923,/3aQipkhSCHUmaHjImqEqT80k6GP.jpg,/vr2pasVUtMvpsWW8BhFBPbYiOl3.jpg,en,tv,10.0,229.0
73586,Yellowstone,"Follow the violent world of the Dutton family, who controls the largest contiguous ranch in the United States. Led by their patriarch John Dutton, the family defends their property against constant attack by land developers, an Indian reservation, and America’s first National Park.","['Western', 'Drama']","['montana', 'ranch', 'family drama', 'crime family', 'cattle ranch', 'neo-western', 'yellowstone', 'wildlife conservation', 'trend', 'arrogant', 'complicated', 'contemporary western']","['Luke Grimes', 'Kelly Reilly', 'Wes Bentley', 'Cole Hauser', 'Kelsey Asbille', 'Brecken Merrill', 'Ryan Bingham', 'Finn Little', 'Ian Bohen', 'Forrie J. Smith']","['Taylor Sheridan', 'John Linson']",,2018-06-20,8.267,3280,113.3794,/vOYfRZ0NpUK5hG2CB2dJFnYJlGe.jpg,/ynSOcgDLZfdLCZfRSYZGiTgYJVo.jpg,en,tv,5.0,53.0
49011,Mom,"Aan irreverent and outrageous take on true family love‐and dysfunction. Newly sober single mom Christy struggles to raise two children in a world full of temptations and pitfalls. Testing her sobriety is her formerly estranged mother, now back in Christy's life and eager to share passive-aggressive insights into her daughter's many mistakes.","['Comedy', 'Drama']","['california', 'dysfunctional family', 'family', 'recovering alcoholic', 'sitcom', 'alcoholic mother', 'mother daughter relationship']","['Allison Janney', 'Jaime Pressly', 'Mimi Kennedy', 'Kristen Johnston', 'Beth Hall', 'William Fichtner']","['Eddie Gorodetsky', 'Gemma Baker', 'Chuck Lorre']",23.0,2013-09-23,7.31,643,43.6418,/kIi3T7X0kmiV9vGDme146P2d979.jpg,/evJaCkNlgUt55dcOaAJqxD90FWs.jpg,en,tv,8.0,170.0
1908,Miami Vice,"The story of the Miami Police Department's vice squad and its efforts to end drug trafficking and prostitution, centered on the unlikely partnership of Sonny Crockett and Ricardo Tubbs - who first meet when Tubbs is undercover in a drug cartel.","['Crime', 'Drama']","['miami, florida', 'drug crime', 'undercover agent', 'police detective', 'police procedural']","['Don Johnson', 'Philip Michael Thomas', 'Saundra Santiago', 'Olivia Brown', 'Michael Talbott', 'Edward James Olmos']",['Anthony Yerkovich'],48.0,1984-09-16,7.448,525,52.2284,/b5kLqC6eDiA17nq3jr1Vi340Kns.jpg,/iK7tPi9j4d34g5p6bNKmGVba95K.jpg,en,tv,5.0,110.0
1911,Bones,"Dr. Temperance Brennan and her colleagues at the Jeffersonian's Medico-Legal Lab assist Special Agent Seeley Booth with murder investigations when the remains are so badly decomposed, burned or destroyed that the standard identification methods are useless.","['Crime', 'Drama']","['washington dc, usa', 'fbi', 'forensic science', 'murder investigation', 'crime investigation', 'forensic archaeology']","['Emily Deschanel', 'David Boreanaz', 'John Boyd', 'Michaela Conlin', 'Tamara Taylor', 'T.J. Thyne']",['Hart Hanson'],,2005-09-13,8.182,3549,129.4679,/eyTu5c8LniVciRZIOSHTvvkkgJa.jpg,/aSye04zKzWtUP3U6Cl4bOXc5Ih9.jpg,en,tv,12.0,246.0
79744,The Rookie,"Starting over isn't easy, especially for small-town guy John Nolan who, after a life-altering incident, is pursuing his dream of being an LAPD officer. As the force's oldest rookie, he's met with skepticism from some higher-ups who see him as just a walking midlife crisis.","['Crime', 'Drama', 'Comedy']","['police chase', 'los angeles, california', 'police officer', 'police detective', 'street crime', 'lapd', 'police training', 'crime investigation', 'dramedy', 'police department', 'procedural', 'police drama', 'cautionary', 'dramatic']","['Nathan Fillion', ""Melissa O'Neil"", 'Eric Winter', 'Alyssa Diaz', 'Mekia Cox', 'Richard T. Jones', 'Shawn Ashmore', 'Jenna Dewan', 'Lisseth Chavez', 'Deric Augustine']",['Alexi Hawley'],,2018-10-16,8.542,3456,203.7072,/70kTz0OmjjZe7zHvIDrq2iKW7PJ.jpg,/6iNWfGVCEfASDdlNb05TP5nG0ll.jpg,en,tv,9.0,144.0
1920,Twin Peaks,The body of Laura Palmer is washed up on a beach near the small Washington state town of Twin Peaks. FBI Special Agent Dale Cooper is called in to investigate her strange demise only to uncover a web of mystery that ultimately leads him deep into the heart of the surrounding woodland and his very own soul.,"['Drama', 'Mystery']","['brothel', 'small town', 'deputy sheriff', 'fbi', 'coffee', 'forest', 'high school', 'possession', 'alternate dimension', 'surrealism', 'domestic abuse', 'serial killer', 'diner', 'teenage girl', 'school', 'paranormal phenomena', 'another dimension', 'psychological thriller', 'paranormal investigation', 'teenage boy', 'agent', 'doppelgänger', 'washington state', 'death of daughter', 'forced prostitution', 'comatose', 'teen drama', 'supernatural phenomena', 'hopeless', 'murder mystery', '1980s', '1960s', '1990s', '1930s', 'father daughter relationship', 'drug deal', 'police procedural', 'mysterious disappearance', 'soap opera', 'secret', 'psychological horror', 'supernatural drama', 'psychological drama', 'mysterious villain', 'hopeful', 'surreal psychological drama']",['Kyle MacLachlan'],"['Mark Frost', 'David Lynch']",,1990-04-08,8.334,2653,59.5968,/lA9CNSdo50iQPZ8A2fyVpMvJZAf.jpg,/dZklTql88IDOmkC3JAYQSTgyK6f.jpg,en,tv,3.0,48.0
87940,Hudson & Rex,"Detective Charlie Hudson teams up with what he calls his ""highly trained law enforcement animal"" German Shepherd dog named Rex who he prefers to team up with because he doesn't talk his ear off.

Based on the Austrian–Italian series, Kommissar Rex.","['Drama', 'Crime']","['canada', 'police', 'newfoundland and labrador', 'dog', 'police detective', 'german shepherd', 'police dog', 'based on tv series', 'newfoundland', 'crime', 'labrador']","['John Reardon', 'Mayko Nguyen', 'Kevin Hanchard', 'Justin Kelly', 'Luke Roberts']",['Ken Cuperus'],,2019-02-25,8.4,121,41.4781,/l5N985pVvDC41QwEprORSoGz3Q5.jpg,/eEOx2lpnWm4lVF5jfqtKsWlyuJX.jpg,en,tv,8.0,122.0
128904,Dark Winds,"This psychological thriller follows two Navajo police officers, Leaphorn and Chee, in the 1970s Southwest as their search for clues in a grisly double murder case forces them to challenge their own spiritual beliefs and come to terms with the trauma of their pasts.","['Drama', 'Crime', 'Mystery']","['detective', 'based on novel or book', '1970s', 'new mexico', 'indigenous', 'investigation', 'navajo', 'shaman', 'witchcraft', 'native american reservation', 'fbi agent', 'gritty', 'sinister', 'indigenous customs', 'assertive', 'folk magic', 'tribal police']","['Zahn McClarnon', 'Kiowa Gordon', 'Jessica Matten', 'Deanna Allison', 'Isabel DeRoy-Olson', 'Franka Potente']",['Graham Roland'],,2022-06-12,7.475,202,40.5973,/kDlrMN0P9ByrEH2GoRbBFeZHbcf.jpg,/uNvpN37f9HbvsDBQFhHU5m2EnVo.jpg,en,tv,5.0,36.0
106379,Fallout,"The story of haves and have-nots in a world in which there's almost nothing left to have. 200 years after the apocalypse, the gentle denizens of luxury fallout shelters are forced to return to the irradiated hellscape their ancestors left behind — and are shocked to discover an incredibly complex, gleefully weird, and highly violent universe waiting for them.","['Action & Adventure', 'Sci-Fi & Fantasy', 'Drama']","['capitalism', 'nuclear war', 'mutant', 'vault', 'bunker', 'post-apocalyptic future', 'drug use', 'alternate history', 'los angeles, california', 'robot', 'destruction', 'based on video game', 'nuclear fallout', 'corporate control', 'gun violence', 'red scare', 'retrofuturism']","['Ella Purnell', 'Aaron Moten', 'Moisés Arias', 'Frances Turner', 'Kyle MacLachlan', 'Walton Goggins']","['Graham Wagner', 'Geneva Robertson-Dworet']",,2024-04-10,8.121,3008,52.2708,/c15BtJxCXMrISLVmysdsnZUPQft.jpg,/coaPCIqQBPUZsOnJcWZxhaORcDT.jpg,en,tv,2.0,16.0
225171,Pluribus,The most miserable person on Earth must save the world from happiness.,"['Drama', 'Sci-Fi & Fantasy']","['new mexico', 'dystopia', 'alone', 'loneliness', 'dark comedy', 'virus', 'albuquerque, new mexico', 'disturbed', 'strange', 'immunity', 'lesbian', 'miserable', 'helpfulness', 'happiness', 'collective']","['Rhea Seehorn', 'Karolina Wydra', 'Carlos-Manuel Vesga']",['Vince Gilligan'],,2025-11-06,7.939,1037,41.8849,/z7Nga7Q9IGFWs5OEduY2gGFxnX3.jpg,/ulm1ex4JFYJByyaPyqTr47MFyEQ.jpg,en,tv,1.0,9.0
1940,Entourage,Film star Vince Chase navigates the vapid terrain of Los Angeles with a close circle of friends and his trusty agent.,"['Comedy', 'Drama']","['movie business', 'male friendship', 'celebrity', 'womanizer', 'wealth', 'money', 'hollywood', 'los angeles, california', 'group of friends', 'beverly hills', 'aspiring actor', 'film industry']","['Kevin Connolly', 'Adrian Grenier', 'Kevin Dillon', 'Jerry Ferrara', 'Jeremy Piven', 'Perrey Reeves', 'Rex Lee', 'Rhys Coiro', 'Scott Caan']",['Doug Ellin'],,2004-07-18,7.371,661,47.1956,/kLKP8zrArBtBboGz3qJOuMGC7rL.jpg,/22uQSlECwD3tcdqiFwo3K3qlCtY.jpg,en,tv,8.0,96.0
44953,El Señor de los Cielos,"Set in the 1990s, these are the life and times of Amado Carrillo Fuentes, a man who became the head of the Juárez cartel. Nicknamed “El Señor de los Cielos” (Lord of the Skies) because of the large fleet of airplanes he used to transport drugs, he was also known for washing more than $200 million through Colombia to finance his huge fleet. He is described as the most powerful drug trafficker of his time.","['Crime', 'Drama', 'Soap']","['drug trafficking', 'drug cartel', 'drug lord', 'telenovela', '1990s']","['Rafael Amaya', 'Isabella Castillo', 'Carmen Aub', 'Denia Agalianou', 'Wendy de los Cobos', 'Carlos Corona', 'Roberto Sosa', 'Robinson Díaz', 'Sandra Echeverría', 'Maricela González']","['Luis Zelkowicz', 'Mariano Calasso']",45.0,2013-04-15,7.991,3578,88.4932,/Ag7VUdnrRz5Qpq3Yn3E5OCvFnu0.jpg,/h3sqf7qkdSvMiBhyzfuXAEFkn5R.jpg,es,tv,10.0,812.0
57243,Doctor Who,"The Doctor is a Time Lord: a 900 year old alien with 2 hearts, part of a gifted civilization who mastered time travel. The Doctor saves planets for a living—more of a hobby actually, and the Doctor's very, very good at it.","['Action & Adventure', 'Drama', 'Sci-Fi & Fantasy']","['time travel', 'time machine', 'alien']","['Jodie Whittaker', 'Mandip Gill', 'John Bishop']","['Sydney Newman', 'C. E. Webber', 'Donald Wilson']",,2005-03-26,7.618,3424,115.8889,/m6G92osOtSeXwjSfL21jZCUOvxe.jpg,/vcFW09U4834DyFOeRZpsx9x1D3S.jpg,en,tv,13.0,153.0
83867,Andor,"In an era filled with danger, deception and intrigue, Cassian Andor will discover the difference he can make in the struggle against the tyrannical Galactic Empire. He embarks on a path that is destined to turn him into a rebel hero.","['Sci-Fi & Fantasy', 'Action & Adventure', 'Drama']","['space war', 'prequel', 'space', 'rebellion', 'revolutionary', 'imperialism', 'political thriller', 'spy thriller', 'audacious']","['Diego Luna', 'Anton Lesser', 'Muhannad Bhaier', 'Stellan Skarsgård', 'Denise Gough', 'Kyle Soller', 'Adria Arjona', ""Genevieve O'Reilly"", 'Faye Marsay', 'Elizabeth Dulau']",['Tony Gilroy'],,2022-09-21,8.301,2139,48.2371,/khZqmwHQicTYoS7Flreb9EddFZC.jpg,/quCeAmVQHfsdcYkicbxZWVauCVb.jpg,en,tv,2.0,24.0
110492,Peacemaker,"The continuing story of Peacemaker, a vainglorious superhero/supervillain who believes in peace at any cost — no matter how many people he has to kill. After a miraculous recovery from his duel with Bloodsport, Peacemaker soon discovers that his freedom comes at a price.","['Action & Adventure', 'Sci-Fi & Fantasy', 'Comedy']","['superhero', 'based on comic', 'dark comedy', 'aftercreditsstinger', 'dramedy', 'dc extended universe (dceu)', 'dc universe (dcu)']","['John Cena', 'Danielle Brooks', 'Freddie Stroma', 'Jennifer Holland', 'Steve Agee', 'Frank Grillo', 'Robert Patrick']",['James Gunn'],,2022-01-13,8.185,3491,44.8372,/eYzbGcYnOUlvj2fa76pTgIXogd7.jpg,/aJcUU3LMlqMKBi8L3eaxGfAbd4G.jpg,en,tv,2.0,16.0
247718,MobLand,Two mob families clash in a war that threatens to topple empires and lives.,"['Crime', 'Drama']","['london, england', 'drug trafficking', 'gang war', 'gangster', 'family business ', 'murder', 'betrayal', 'crime family', 'fixer', 'corrupt cop', 'intense', 'brutal violence']","['Tom Hardy', 'Pierce Brosnan', 'Paddy Considine', 'Joanne Froggatt', 'Lara Pulver', 'Anson Boon', 'Jasmine Jobson', 'Mandeep Dhillon', 'Helen Mirren', 'Janet McTeer']",['Ronan Bennett'],52.0,2025-03-30,8.347,780,48.5921,/abeH7n5pcuQcwYcTxG6DTZvXLP1.jpg,/tQqbbxBAdW2ql8vbOqMOJbtSQ7O.jpg,en,tv,2.0,20.0
63401,We Bare Bears,"Three brother bears awkwardly attempt to find their place in civilized  society, whether they're looking for food, trying to make human friends,  or scheming to become famous on the internet. Grizzly, Panda and Ice  Bear stack atop one another when they leave their cave and explore the  hipster environs of the San Francisco Bay Area, and it's clear the  siblings have a lot to learn about a technologically driven world. By  their side on many adventures are best friend Chloe (the only human  character in the cast), fame-obsessed panda Nom Nom, and Charlie, aka  Bigfoot.","['Animation', 'Comedy', 'Kids']","['cartoon', 'bear', 'adventurer', 'calm', 'ambiguous', 'enchant']","['Eric Edelstein', 'Demetri Martin', 'Bobby Moynihan']",['Daniel Chong'],11.0,2015-08-24,7.734,1858,43.666,/3xWzlLZ0kAD6SkVZTekFM9lxZyP.jpg,/cl5FVcBEgddaC7dUL8HDMH6m2tp.jpg,en,tv,4.0,138.0
18347,Community,"Follow the lives of a group of students at what is possibly the world’s worst community college in the fictional locale of Greendale, Colorado.",['Comedy'],"['colorado', 'parody', 'cynical', 'group of friends', 'community college', 'sitcom', 'shocking', 'adult in college', 'wonder', 'absurd', 'sentimental', 'admiring', 'audacious', 'cheerful', 'excited', 'joyful', 'optimistic', 'sympathetic', 'wry']","['Joel McHale', 'Gillian Jacobs', 'Alison Brie', 'Jim Rash', 'Danny Pudi', 'Ken Jeong', 'Paget Brewster', 'Keith David']",['Dan Harmon'],,2009-09-17,7.999,2124,48.6545,/3KUjDt8XY7w2Ku70UE0SECmv1zP.jpg,/1xRfgONYmK3T6FSmbtcuo8eyxVt.jpg,en,tv,6.0,110.0
10160,Big Brother,"American version of the reality game show which follows a group of HouseGuests living together 24 hours a day in the ""Big Brother"" house, isolated from the outside world but under constant surveillance with no privacy for three months.",['Reality'],"['competition', 'house', 'voting', 'eviction', 'hoh', 'reality competition', 'big brother', 'depressing', 'head of household', 'veto']","['Julie Chen', 'Clayton Halsey']",['John de Mol'],,2000-07-05,4.846,272,87.2295,/q2TMOpJITXP2sHd6CrBmO7FvYk1.jpg,/oBUwRT7TbhTeFFTguY1s8RmmJpW.jpg,en,tv,28.0,996.0
210865,Yalı Çapkını,"When Istanbul playboy Ferit Korhan's exasperated grandfather arranges his marriage to a girl from Gaziantep, fate intervenes — Ferit falls for Seyran, the younger sister of his intended bride, upending both families.","['Family', 'Drama']",[],"['Afra Saraçoğlu', 'Mert Ramazan Demir', 'Çetin Tekindor', 'Şerif Sezer', 'Gülçin Santırcıoğlu', 'Emre Altuğ', 'Gözde Kansu', 'Beril Pozam', 'Diren Polatoğulları', 'Ersin Arıcı']","['Burcu Alptekin', 'Gülseren Budayıcıoğlu']",,2022-09-23,8.357,129,40.906,/cgf5R2XrfRQGp2sTu3cncbnFxRy.jpg,/vDqCoaMU5FUAuUs0EvL4OAUCxJk.jpg,tr,tv,3.0,101.0
4018,Quantum Leap,"Theorizing that one could time travel within his own lifetime, Dr. Sam Beckett stepped into the Quantum Leap accelerator and vanished... He woke to find himself trapped in the past, facing mirror images that were not his own and driven by an unknown force to change history for the better. His only guide on this journey is Al, an observer from his own time, who appears in the form of a hologram that only Sam can see and hear. And so Dr. Beckett finds himself leaping from life to life, striving to put right what once went wrong and hoping each time that his next leap will be the leap home.","['Sci-Fi & Fantasy', 'Action & Adventure', 'Drama']","['hologram', 'time travel', 'alternate timeline', 'changing the past or future', 'changing history']","['Scott Bakula', 'Dean Stockwell']",['Donald P. Bellisario'],48.0,1989-03-26,8.015,782,41.6076,/ujIGP3e3V6kDQHRhjNYtUE3fHJi.jpg,/5TpptGoxVVght2n6oz8QJklmSTu.jpg,en,tv,5.0,96.0
32692,Blue Bloods,"A drama about a multi-generational family of cops dedicated to New York City law enforcement. Frank Reagan is the New York Police Commissioner and heads both the police force and the Reagan brood. He runs his department as diplomatically as he runs his family, even when dealing with the politics that plagued his unapologetically bold father, Henry, during his stint as Chief.","['Crime', 'Drama']","['new york city', 'police', 'police station', 'police commissioner', 'police procedural', 'inspirational']","['Tom Selleck', 'Donnie Wahlberg', 'Bridget Moynahan', 'Will Estes', 'Len Cariou', 'Gregory Jbara', 'Abigail Hawk']","['Robin Green', 'Mitchell Burgess']",,2010-09-24,7.779,1013,87.6106,/q1WlrxnCvNhBjJ4N7V0JQXjnIBN.jpg,/goDtZCB5pFIuuSfYDvApe6iXTID.jpg,en,tv,14.0,293.0
1973,24,"Counterterrorism agent Jack Bauer fights the bad guys of the world, a day at a time. With each week's episode unfolding in real-time, ""24"" covers a single day in the life of Bauer each season.","['Action & Adventure', 'Drama', 'Crime']","['biological weapon', 'traitor', 'revenge', 'los angeles, california', 'secret service', 'political intrigue\xa0', 'assassination of president']","['Kiefer Sutherland', 'Mary Lynn Rajskub', 'Kim Raver', 'Yvonne Strahovski', 'Tate Donovan', 'William Devane']","['Robert Cochran', 'Joel Surnow']",45.0,2001-11-06,7.789,1844,86.5389,/iq6yrZ5LEDXf1ArCOYLq8PIUBpV.jpg,/be6mDIMv7cg8duWkcYVnTB8rphO.jpg,en,tv,9.0,204.0
1972,Battlestar Galactica,"When an old enemy, the Cylons, resurface and obliterate the 12 colonies, the crew of the aged Galactica protect a small civilian fleet - the last of humanity - as they journey toward the fabled 13th colony, Earth.","['Sci-Fi & Fantasy', 'Action & Adventure', 'Drama']","['artificial intelligence (a.i.)', 'cyborg', 'spacecraft', 'space travel', 'invasion', 'space', 'alien planet', 'space opera', 'reboot', 'cybernetic', 'battlestar galactica', 'inspirational']","['Edward James Olmos', 'Mary McDonnell', 'Jamie Bamber', 'Katee Sackhoff', 'James Callis', 'Tricia Helfer', 'Tahmoh Penikett', 'Grace Park', 'Michael Hogan', 'Aaron Douglas']","['Glen A. Larson', 'Ronald D. Moore']",44.0,2004-10-18,8.209,1809,47.257,/99PJSbcO2LeM10uOGWeFihNp77j.jpg,/sEjNaoENrqIZONKNn1iLFB0Us9k.jpg,en,tv,4.0,73.0
12225,Peppa Pig,"Peppa Pig is an energetic piggy who lives with Mummy, Daddy, and little brother George. She loves to jump in mud puddles and make loud snorting noises.","['Animation', 'Kids']","['pig', 'cartoon']","['John Sparkes', 'Morwenna Banks', 'Richard Ridings', 'Alice May', 'Frances White', 'David Rintoul', 'David Graham', 'Sarah Ann Kennedy', 'Andy Hamilton', 'Brian Blessed']","['Neville Astley', 'Mark Baker']",,2004-05-31,6.6,757,81.9312,/iwKVo3HlsyVNXCzFEkd0xHz3kGi.jpg,/fnyS6gOv9tTjhHPl4A1aKEDgWEG.jpg,en,tv,9.0,492.0
61378,Madam Secretary,"After years away from the CIA, Elizabeth McCord is pulled back into the political arena. The newly appointed Secretary of State is tough, fair, and smart, driving international diplomacy, wrangling office politics, and circumventing protocol as she negotiates global and domestic issues, both at the White House and at home.","['Drama', 'War & Politics']","['washington dc, usa', 'politics', 'top secret', 'diplomacy', 'integrity', 'usa politics', 'secretary of state', 'global politics', 'ex-cia agent', 'geopolitics', 'international relations', 'diplomatic crisis', 'usa foreign policy', 'inspirational', 'political drama', 'state department', 'us government', 'state secrets', 'world politics', 'tradecraft']","['Téa Leoni', 'Tim Daly', 'Željko Ivanek', 'Patina Miller', 'Erich Bergen', 'Wallis Currie-Wood', 'Kevin Rahm']",['Barbara Hall'],45.0,2014-09-21,7.0,340,42.4109,/6Nl1ablo4DNTLb4ZH7Mycz81AEt.jpg,/jzkTau3O7CfG3LkKopxkNWPZf8d.jpg,en,tv,6.0,120.0
61381,black-ish,"A family man struggles to gain a sense of cultural identity while raising his kids in a predominantly white, upper-middle-class neighborhood.",['Comedy'],"['family', 'sitcom', 'racial issues']","['Anthony Anderson', 'Tracee Ellis Ross', 'Marcus Scribner', 'Marsai Martin', 'Miles Brown', 'Jenifer Lewis', 'Deon Cole', 'Peter MacKenzie', 'Jeff Meacham', 'Katlyn Nichol']",['Kenya Barris'],23.0,2014-09-24,7.037,347,40.0923,/ga1zJ6UejPIfyL8BA22pK6dqsC8.jpg,/czpfLUoJt7uPQf2i7S2Mo2cwRGl.jpg,en,tv,8.0,175.0
241609,Your Friends & Neighbors,"When a financial titan suddenly finds himself divorced and jobless, he starts robbing his wealthy neighbors to stay afloat. Stealing from his own social circle strangely exhilarates him—but he gradually gets tangled in a deadly web.","['Drama', 'Crime', 'Comedy']","['stealing', 'wealthy', 'fired from the job', 'ex-husband ex-wife relationship', 'financial crisis', 'divorced man', 'family issues', 'affair', 'black comedy']","['Jon Hamm', 'Amanda Peet', 'Olivia Munn', 'Hoon Lee', 'Mark Tallman', 'Lena Hall', 'Aimee Carrero', 'Eunice Bae', 'Isabel Gravitt', 'Donovan Colan']",['Jonathan Tropper'],,2025-04-10,7.8,321,75.1461,/lcp63INKEsVHUly9eayx7gEEOcG.jpg,/d8LvQj79fgowZkX4NTZaEG3NwsH.jpg,en,tv,2.0,19.0
2004,Malcolm in the Middle,"A gifted young teen tries to survive life with his dimwitted, dysfunctional family.",['Comedy'],"['sibling relationship', 'intellectually gifted', 'middle class', 'dysfunctional family', 'family relationships', 'social satire', 'breaking the fourth wall', 'family', 'boy genius', 'working mom', 'sitcom', 'boys', 'didactic', 'cheerful', 'sincere']","['Frankie Muniz', 'Jane Kaczmarek', 'Bryan Cranston', 'Justin Berfield', 'Erik Per Sullivan', 'Christopher Masterson']",['Linwood Boomer'],,2000-01-09,8.468,4924,62.8444,/uftxEWbn3OSykTy4DX4BrdVeiuv.jpg,/si3OheCrSpEyK2JUtZOThsZPUR4.jpg,en,tv,7.0,151.0
32726,Bob's Burgers,"Bob's Burgers follows a third-generation restaurateur, Bob, as he runs Bob's Burgers with the help of his wife and their three kids. Bob and his quirky family have big ideas about burgers, but fall short on service and sophistication. Despite the greasy counters, lousy location and a dearth of customers, Bob and his family are determined to make Bob's Burgers ""grand re-re-re-opening"" a success.","['Animation', 'Comedy']","['sibling relationship', 'new jersey', 'puberty', 'restaurant', 'singing', 'cynical', 'menu', 'adult animation', 'seaside town', 'witty', 'hilarious']","['H. Jon Benjamin', 'John Roberts', 'Kristen Schaal', 'Eugene Mirman', 'Dan Mintz', 'Larry Murphy']","['Loren Bouchard', 'Jim Dauterive']",,2011-01-09,7.846,1114,93.6675,/iIHsQe3Qjs3NH62HdamyQEPeqTR.jpg,/rUABoTPO0OLq2wlHiFWezxpV6fo.jpg,en,tv,16.0,313.0
4057,Criminal Minds,"An elite team of FBI profilers analyze the country's most twisted criminal minds, anticipating their next moves before they strike again. The Behavioral Analysis Unit's most experienced agent is David Rossi, a founding member of the BAU who returns to help the team solve new cases.","['Crime', 'Drama', 'Mystery']","['fbi', 'criminal mastermind', 'crime investigation', 'special agent', 'criminology', 'police profiling', 'police procedural', 'witty']","['Joe Mantegna', 'Paget Brewster', 'Adam Rodriguez', 'Kirsten Vangsness', 'A.J. Cook', 'Aisha Tyler', 'Zach Gilford', 'Ryan-James Hatanaka']",['Jeff Davis'],,2005-09-22,8.3,4147,188.4616,/hWSb4UnIjlTvnvrP98NbFSO60HA.jpg,/tUtXfyVy54BY7eJnRtI8Xnmr1ZL.jpg,en,tv,19.0,364.0
4068,Hogan's Heroes,"Hogan's Heroes is an American television sitcom that ran for 168 episodes from September 17, 1965, to July 4, 1971, on the CBS network. The show was set in a German prisoner of war camp during World War II. Bob Crane starred as Colonel Robert E. Hogan, coordinating an international crew of Allied prisoners running a Special Operations group from the camp. Werner Klemperer played Colonel Wilhelm Klink, the commandant of the camp, and John Banner was the inept sergeant-of-the-guard, Hans Schultz.

The series was popular during its six-season run. In 2013, creators Bernard Fein through his estate and Albert S. Ruddy acquired the sequel and other separate rights to Hogan's Heroes from Mark Cuban through arbitration and a movie based on the show has been planned.","['War & Politics', 'Comedy']","['germany', 'world war ii', 'prisoner of war', 'military', 'sitcom', 'war absurdity', 'nazi parody', 'period sitcom']","['Bob Crane', 'Werner Klemperer', 'John Banner', 'Robert Clary', 'Richard Dawson', 'Larry Hovis']","['Bernard Fein', 'Albert S. Ruddy']",25.0,1965-09-17,7.559,186,39.9929,/qifpp3AmNx54Ko4obdwxOWNf0lo.jpg,/a97Q8f3dWiaMg2nq79zG5oZVotp.jpg,en,tv,6.0,168.0
2026,Judging Amy,"Judging Amy is an American television drama that was telecast from September 19, 1999, through May 3, 2005, on CBS-TV. This TV series starred Amy Brenneman and Tyne Daly. Its main character is a judge who serves in a family court, and in addition to the family-related cases that she adjudicates, many episodes of the show focus on her own experiences as a divorced mother, and on the experiences of her mother, a social worker who works in the field of child welfare. This series was based on the life experiences of Brenneman's mother.",['Drama'],"['judge', 'single mother']","['Amy Brenneman', 'Richard T. Jones', 'Dan Futterman', 'Jessica Tuck', 'Marcus Giamatti', 'Karle Warren', 'Jillian Armenante', 'Timothy Omundson', 'Tyne Daly']","[""Bill D'Elia"", 'Amy Brenneman']",,1999-09-19,7.5,84,40.3574,/5Znl8HNStdoHHy0hqdljpDZnVRn.jpg,/AooMxrbknmeFNabPL8Laas4txSn.jpg,en,tv,6.0,138.0
4087,The X-Files,"The exploits of FBI Special Agents Fox Mulder and Dana Scully who investigate X-Files: marginalized, unsolved cases involving paranormal phenomena. Mulder believes in the existence of aliens and the paranormal while Scully, a skeptic, is assigned to make scientific analyses of Mulder's discoveries that debunk Mulder's work and thus return him to mainstream cases.","['Mystery', 'Sci-Fi & Fantasy', 'Crime']","['fbi', 'investigation', 'supernatural', 'ufo', 'alien', 'conspiracy', 'paranormal phenomena', 'paranormal investigation', 'government cover-up', 'phenomenon', 'american folklore', 'supernatural power', 'fbi agent']","['David Duchovny', 'Gillian Anderson', 'Mitch Pileggi']",['Chris Carter'],,1993-09-10,8.371,3659,90.8507,/rcBx0p8h51LHceyhquYMxbspJQu.jpg,/w00lfexrsOeR25dO4hsWhbcUnmD.jpg,en,tv,11.0,218.0
